"FileID","Names","Group","January_Quantity","January_Value","February_Quantity","February_Value","March_Quantity","March_Value","April_Quantity","April_Value","May_Quantity","May_Value","June_Quantity","June_Value","July_Quantity","July_Value","August_Quantity","August_Value","September_Quantity","September_Value","October_Quantity","October_Value","November_Quantity","November_Value","December_Quantity","December_Value","X12_months_Quantity","X12_months_Value","Year"
1,"EU","Summary",229967,4280286.62,165030,2803097.49,367909,4372376.26,319314,4327480.04,179016,3812156.99,211010,4233495.1,127211,3936409.74,103098,4312032.07,138644,3650643.74,178771,4029092.98,147004,3666856.5,210381,3405425.21,2377355,46829354.13,2022
1,"EU","Fibres, not spun",1592,8403.76,1316,7781.48,1521,7876.42,2015,8655.21,1251,6016.53,1145,5922.94,1099,4774.69,1336,5547.82,932,4456.54,1204,4160.78,793,3632.95,940,4067.4,15144,71296.66,2022
1,"EU","Pieces of cloth and other technical cloths",0,2380.26,0,2828,0,3662.87,0,3044.81,0,3562.62,0,2641.79,0,3702.68,0,3815.69,0,4423.05,0,3123.58,0,2577.1,0,2847.7,0,38610.19,2022
1,"EU","Bags, pockets, wallets, suitcases, hats and umbrellas",0,90797.96,0,40499.81,0,77542.25,0,74726.06,0,80080.08,0,88938.9,0,72905.84,0,81683.1,0,71249.07,0,76281.02,0,82845.31,0,77139.04,0,914688.94,2022
1,"EU","Coal",0,0,0,0,230,40.72,0,0,0,0,0,0,111,20.07,11040,3961.28,0,0,0,0,0,0,139,26.85,11520,4048.94,2022
1,"EU","Articles of rubber",0,13774.13,0,7526.22,0,14032.2,0,11011,0,12432.08,0,9722.33,0,7466.18,0,10300.02,0,6747.78,0,6909.29,0,8104.21,0,8983.95,0,117009.82,2022
1,"EU","Iron, Steel",116060,160382.1,87407,99019.94,235994,249613.14,230495,280165.51,99233,130516.77,129390,165686.74,63982,71847.51,24511,39981.42,84314,61792.21,112087,79749.55,78014,53564.01,106303,76352.81,1367790,1468671.93,2022
1,"EU","Articles of iron and steel",0,91356.87,0,67590.93,0,110205.63,0,71264.48,0,86069.4,0,87220.8,0,80237.58,0,78747.48,0,65253.5,0,56883.63,0,54523.74,0,58428.84,0,907783.55,2022
1,"EU","Articles of plastics",0,60719.9,0,35505.77,0,56964.19,0,58436.93,0,56414.15,0,57624.2,0,51088,0,54254.7,0,41007,0,39013.97,0,42726.97,0,49453.17,0,603209.56,2022
1,"EU","Other furniture products (excluding wooden furniture)",0,4944.59,0,2422.31,0,5544.02,0,5626.26,0,2864.89,0,2416.63,0,1447.89,0,950.71,0,1178.37,0,3329.45,0,2443.47,0,4471.12,0,37639.8,2022
1,"EU","Rattan, bamboo and rush products",0,25133.95,0,15232.27,0,21492.95,0,19166.26,0,17172.22,0,14233.68,0,11604.74,0,11646.56,0,11740.61,0,11262.29,0,14160.92,0,18702.75,0,191549.67,2022
1,"EU","Pottery and glasware",0,11471.74,0,5307.57,0,9878.3,0,7484.14,0,6273.25,0,7074.27,0,5845.33,0,6411.54,0,4651.54,0,6414.71,0,8425.84,0,8718.04,0,87956.27,2022
1,"EU","Means of transport and equipment",0,94923.76,0,72823.22,0,88945.66,0,108689.92,0,115849.01,0,95345.25,0,82158.86,0,100319.79,0,76447.77,0,80112.66,0,88586.74,0,101410.57,0,1105613.82,2022
1,"EU","Auxiliary materials for textile, garment, leather, footwear",0,18112.12,0,14612.78,0,20160.19,0,21178.27,0,18951.55,0,22352.61,0,22338.7,0,20965.69,0,19793.3,0,19701.12,0,17964.25,0,16379.51,0,232510.59,2022
1,"EU","Computers, Electronical products & parts",0,585370.76,0,440218.42,0,637569.48,0,594940.44,0,545558.78,0,558067.07,0,495337.59,0,576604.63,0,511130.78,0,485363.71,0,461108.35,0,459991.4,0,6351262.2,2022
1,"EU","Other Machinery, instrument, accessory",0,446103.6,0,307771.05,0,421446.26,0,423338.14,0,441319.99,0,445679.96,0,524867.17,0,599760.97,0,562564.76,0,547653.6,0,465916.75,0,442190.42,0,5628613.37,2022
1,"EU","Cameras and their parts",0,7949.74,0,10153.77,0,14428.62,0,12606.48,0,11573.72,0,14298.04,0,17335.62,0,16264.86,0,15398.99,0,14689.66,0,17657.47,0,15177.98,0,167535.08,2022
1,"EU","Other base metals and products",0,5754.42,0,5114.4,0,8628.21,0,6693.15,0,5117.04,0,5129.28,0,4532.5,0,4286.49,0,5793.92,0,5336.84,0,7740.78,0,9114.48,0,73241.74,2022
1,"EU","Chemicals",0,8667.78,0,9899.62,0,12736.87,0,18505.79,0,14537.94,0,23876.6,0,10892.6,0,7644.08,0,7998.91,0,7571.11,0,10222.28,0,7979.91,0,140533.59,2022
1,"EU","Pepper",2827,14882.64,1967,9413.15,3938,20184.28,3392,17174.97,3035,15256.46,2747,14295.92,2720,13600.25,1789,8592.07,1497,7574.48,1409,6882.97,1898,8810.89,2396,10380.48,29615,147048.89,2022
1,"EU","Cashew nut",9024,50219.81,6341,36711.49,8709,47999.83,8893,48335.04,8906,51027.46,10152,62487.91,10233,60136.67,10622,59677.87,7103,44677.6,6505,39801.91,7108,42619.06,7712,46174.26,101308,589869.22,2022
1,"EU","Seafood",0,102643.74,0,67565.88,0,111950.53,0,117812.59,0,132143.16,0,119844.18,0,122392.03,0,115601.37,0,90154.46,0,89412.45,0,72134.23,0,81904.18,0,1223559.49,2022
1,"EU","Fresh and pocessed vegetables and fruit",0,16250.43,0,8513.13,0,11727.2,0,15009.69,0,14841.02,0,15611.33,0,16586.14,0,17378.11,0,13708.33,0,17804.76,0,17858.75,0,20970.57,0,186259.65,2022
1,"EU","Textile, sewing products",0,378119.42,0,195116.61,0,308813.22,0,361171.44,0,380962.64,0,466038.13,0,443508.55,0,425770.98,0,343856.41,0,355649.38,0,375404.96,0,347983.79,0,4382396.3,2022
1,"EU","Paper and paper products",0,276.19,0,55.86,0,262.68,0,181.52,0,249.73,0,173.54,0,291.41,0,158.28,0,201.55,0,310.99,0,219.64,0,302.67,0,2684.1,2022
1,"EU","Footwear",0,496112.75,0,309783.63,0,465043.41,0,503990.24,0,490202.23,0,566772.91,0,526132.33,0,499019.8,0,460969.91,0,543391.87,0,514881.92,0,468180.67,0,5844482.53,2022
1,"EU","Wood and wooden products",0,80817.16,0,38823.33,0,70036.87,0,57859.45,0,52266.11,0,42083.13,0,34605.55,0,37476.92,0,33123.44,0,47735.07,0,51901.86,0,65784.59,0,612514.12,2022
1,"EU","Rice",3176,2121.05,789,591.45,1814,1250.91,2401,1760.72,2136,1361.35,2552,1874.12,2340,1619.34,2763,1761.5,3009,1995.86,1926,1278.02,3762,2229.97,4499,2696.92,31167,20541.41,2022
1,"EU","Electrical wire and cable",0,2283.74,0,950.46,0,1780.95,0,3517.49,0,2198.01,0,2184.63,0,1187.45,0,1381.01,0,2214.28,0,662.39,0,666.83,0,1303.84,0,20331.18,2022
1,"EU","Tea",23,53.66,33,67.44,18,64.65,15,27.51,20,88.75,19,65.22,69,136.88,65,180.58,23,55.76,35,109.18,16,99.55,51,165.58,387,1114.84,2022
1,"EU","Plastic materials",5843,8348.57,7810,10071.29,6278,9753.68,5777,10883.63,5634,8208.42,4018,4460.6,3575,6048.06,3975,5544.73,3838,4757.17,3027,4163.4,3415,4292.52,8278,8573.88,61468,85106.06,2022
1,"EU","Rubber",7968,13129.06,5375,9789.46,6456,11353.61,2696,5249.61,4614,8335.67,6562,11415.41,6193,10354.21,5826,8434.68,4708,7096.21,5730,8239.93,5793,8183.11,7986,10615.94,69907,112197.3,2022
1,"EU","Coffee",83454,176973.29,53992,124768,102951,226965.71,63630,139359.6,54187,114643.55,54425,116923.59,36889,77529.86,41171,87870.86,33220,74461.17,46848,99697.16,46205,103163.45,72077,149095.28,689049,1491452.1,2022
1,"EU","Chemical products",0,1963.53,0,703.71,0,2142.95,0,1387.08,0,1821.61,0,1830.15,0,1456.71,0,1471.88,0,1602.22,0,823.59,0,761.66,0,1399.38,0,17364.59,2022
1,"EU","Sweets, cookies and cereal preparations",0,12224.87,0,5652.9,0,14038.13,0,14678.95,0,13586.25,0,16975.65,0,13895.07,0,16604.48,0,13972.67,0,15258.8,0,15310.69,0,16028.71,0,168227.45,2022
1,"EU","Telephones and their parts",0,663929.53,0,411396.96,0,573251.66,0,533229.14,0,355439.53,0,551371.88,0,584624.77,0,786180.08,0,523547.23,0,718405.09,0,546176.51,0,249035.42,0,6496588.49,2022
1,"EU","Toys, games and sports requisites; parts and accessories thereof",0,36089.9,0,27342.27,0,38828.35,0,51411.36,0,46352.58,0,47924.33,0,53306.33,0,61641.43,0,60150.05,0,116972.57,0,76566.23,0,52256.6,0,668842.41,2022
1,"EU","Precious stones, precious metals and their products",0,5534.87,0,3532.14,0,9802.18,0,9040.81,0,8765.17,0,6500.39,0,5653.08,0,5219.13,0,6408.36,0,7209.91,0,9976.9,0,7878.15,0,85521.28,2022
1,"ASEAN","Summary",2049287,2780894.56,1698082,2245470.97,1671139.14,3031900.03,2123340.35,3122809.28,1756126.5,3296945.13,2186409,3186380.9,1946691,2796200.54,1823545,3082764.96,1346224,2637710.12,1792895,2509228.06,1657192,2452688.18,1888148,2878347.29,21939079,34021340.52,2022
1,"ASEAN","Fibres, not spun",11798,45489.87,11749,41235.48,13618,45813.52,10341,37036.01,12034,41894.06,13160,44925.8,10600,35143.51,12595,39263.89,11346,33279.53,9871,28180.26,10703,29846.6,12866,35059.03,140681,457167.81,2022
1,"ASEAN","Petroleum oil, refined",80710,60878.36,67255,51031.57,66765.5,99058.65,120426,119931.12,113021.5,94526.42,70287,90359.68,67953,75077.87,61988,60121.19,53731,46605.09,71436,56222.85,61622,59208.99,162140,135352.75,997335,948374.77,2022
1,"ASEAN","Pieces of cloth and other technical cloths",0,7112.83,0,5614.89,0,7114.23,0,7303.22,0,7624.95,0,7688.6,0,5354.04,0,5876.11,0,4869.13,0,5221.01,0,4861.94,0,4426.34,0,73067.39,2022
1,"ASEAN","Bags, pockets, wallets, suitcases, hats and umbrellas",0,3414.58,0,2546.74,0,2909.66,0,2571.37,0,5078.09,0,5480.11,0,3657.25,0,4102.92,0,3437.57,0,3782.15,0,4638.05,0,4200.97,0,45819.62,2022
1,"ASEAN","Animal fodder and materials",0,28927.11,0,18571.46,0,27096.34,0,25255.87,0,34646.61,0,32028.95,0,35062.94,0,31806.68,0,24685.92,0,34034.07,0,29686.47,0,26139.87,0,347942.54,2022
1,"ASEAN","Glass and glassware",0,58887.69,0,48698.78,0,64145.21,0,62338.46,0,53623.17,0,58753.8,0,52289.51,0,47146.49,0,47453.02,0,19602.27,0,13976.16,0,21068.52,0,547983.31,2022
1,"ASEAN","Coal",0,0,29700,6435,55521,12404.6,4285,1694.2,14642,8688.89,25643,6822.92,7316,2502.22,5083,1854.88,0,0,0,0,15592,5801.3,5549,1981.89,163331,48185.94,2022
1,"ASEAN","Articles of rubber",0,7883.66,0,6775.69,0,8103.32,0,7998.27,0,6303.82,0,5684.22,0,4966.86,0,6431.92,0,5265.44,0,5238.28,0,6129.85,0,5939.38,0,76720.98,2022
1,"ASEAN","Iron, Steel",351073,310088.39,213794,196584.53,358090,310010.45,374224,323226.84,285310,267647.52,392321,340531.96,211865,196374.12,261321,204739.01,232511,174434.99,271904,190309.28,234342,159415.18,349161,221722.04,3535916,2895084.72,2022
1,"ASEAN","Casava and casava products",272,153.44,1839,906.38,5410,2753.53,4243,2187.1,1304,662.96,3789,1986.99,3698,1968.73,1704,897.64,1459,770.64,5185,2563.16,3222,1512.14,6785,3065.56,38910,19428.38,2022
1,"ASEAN","Articles of iron and steel",0,53946.01,0,41149.57,0,58735.07,0,48364.17,0,49724.05,0,43165.09,0,42636.45,0,44678.73,0,29253.38,0,39794.6,0,45508.76,0,47003.89,0,543960.2,2022
1,"ASEAN","Articles of plastics",0,57934.63,0,46420.63,0,68770.27,0,55768.12,0,57872.85,0,53985,0,53857.45,0,56518.79,0,46333.74,0,49878.79,0,45574.59,0,50384.42,0,643299.69,2022
1,"ASEAN","Other furniture products (excluding wooden furniture)",0,2218.83,0,1023.48,0,1197.09,0,1373.28,0,1174.89,0,1227.86,0,1193.46,0,1195.48,0,887.27,0,1284.21,0,963.8,0,994.15,0,14733.99,2022
1,"ASEAN","Pottery and glasware",0,11432.39,0,6138.18,0,10974.21,0,12188.54,0,13686.64,0,13749.22,0,11272.93,0,12051.07,0,10909.33,0,11627.76,0,10133.13,0,11555.19,0,135718.98,2022
1,"ASEAN","Ores and other minerals",296349,5145.6,57871,1140.08,123336.64,2689.17,173550.35,2067.39,109218,1201.17,180849,2413.57,83318,4233.07,86997,1209.99,857,281.73,93345,984.16,19653,3241.35,51201,889.08,1276545,25496.49,2022
1,"ASEAN","Means of transport and equipment",0,122542.88,0,123930.84,0,177012.56,0,117496.75,0,108227.52,0,123653.28,0,115029.28,0,151635.95,0,155842.86,0,136384,0,138915.39,0,165669.68,0,1636341.38,2022
1,"ASEAN","Fertilizers",63676,35466.71,32536,15743.91,94142,46184.33,99987,64385.02,107807,68538.24,87030,48711.28,66706,37907.11,69033,41903.66,66713,38366.51,45682,27284.75,38176,19023.83,61165,32686.86,832653,476202.48,2022
1,"ASEAN","Auxiliary materials for textile, garment, leather, footwear",0,82418.45,0,55357.13,0,85005.91,0,79031.29,0,77447.9,0,67074.15,0,65144.4,0,74461.04,0,63824.81,0,49950.69,0,53286.89,0,61282.25,0,814285.18,2022
1,"ASEAN","Computers, Electronical products & parts",0,242518.16,0,174744.2,0,239482.74,0,297991.98,0,690476,0,285495.91,0,210417.31,0,297829.68,0,207809.31,0,282854.22,0,206681.17,0,250577.57,0,3386878.52,2022
1,"ASEAN","Other Machinery, instrument, accessory",0,258436.94,0,197523.93,0,276635.89,0,262404.68,0,260119.88,0,307025.24,0,271181.18,0,319910.15,0,282789.03,0,275905.44,0,291018.4,0,276480.07,0,3279431.22,2022
1,"ASEAN","Cameras and their parts",0,1634.52,0,900.8,0,1825.01,0,4122.93,0,1945.31,0,1780.88,0,2280.94,0,2304.01,0,2990.64,0,1998.79,0,1975.13,0,1469.78,0,25228.78,2022
1,"ASEAN","Other base metals and products",0,55581.8,0,46436.35,0,75864.3,0,62292.37,0,61898.33,0,57012.87,0,50638.26,0,53807.78,0,71529.77,0,33509.43,0,58001.44,0,48727.94,0,675301.06,2022
1,"ASEAN","Chemicals",0,23583.68,0,7704.03,0,13753.14,0,11140.1,0,9526.64,0,30117.46,0,25677.57,0,25778.47,0,17321.61,0,11062.05,0,12119.43,0,14702.63,0,202487.07,2022
1,"ASEAN","Pepper",801,3551.54,996,4363.03,1925,8711.97,1104,4956.66,1344,5566.55,1469,6130.93,1222,4386.36,1442,5862.56,976,3914.09,1129,4095.17,1158,4386.04,967,3252.47,14533,59177.58,2022
1,"ASEAN","Cashew nut",953,5786.89,651,3893.58,971,5998.55,1278,7740.26,1023,6280.61,878,5342.69,841,4910.07,1112,6531.8,828,4741.63,1122,6233.73,1350,7457.84,994,5391.66,12001,70309.49,2022
1,"ASEAN","Seafood",0,57945.59,0,49861.55,0,66920.54,0,65540.69,0,69695.95,0,75656.31,0,70018.44,0,66397.04,0,62751.35,0,61307.68,0,58141.13,0,70633.02,0,774869.63,2022
1,"ASEAN","Fresh and pocessed vegetables and fruit",0,21079.72,0,17821.59,0,22742.31,0,22260.98,0,27731.91,0,35691.96,0,33370.28,0,39628.03,0,44011.32,0,33195.23,0,22176.66,0,18094.9,0,337805.17,2022
1,"ASEAN","Textile, sewing products",0,181577.13,0,129919.88,0,189171.6,0,160507.9,0,178528.75,0,178537.75,0,178961.99,0,200888.66,0,142823.49,0,142706.75,0,161438.65,0,162426.98,0,2007489.89,2022
1,"ASEAN","Paper and paper products",0,51778.57,0,37867.63,0,63493.2,0,53419.78,0,52783.31,0,50610.55,0,50395.12,0,52867.44,0,45115.96,0,45580.68,0,42895.75,0,42515.89,0,589324.22,2022
1,"ASEAN","Footwear",0,25663.78,0,20301.93,0,29003.65,0,24888.65,0,34174.34,0,37103.82,0,42185.03,0,45244.62,0,36011.7,0,38480.88,0,53743.61,0,41428.67,0,428230.95,2022
1,"ASEAN","Wood and wooden products",0,22270.17,0,13035.07,0,29890.45,0,30947,0,27446.06,0,27194.27,0,26887.6,0,23287.9,0,17903.62,0,21645.34,0,23817.57,0,28386.8,0,292712.12,2022
1,"ASEAN","Rice",275626,130146.4,327738,151424.79,177533,82110.53,291303,134356.73,418502,197119.56,418612,200293.36,414607,195145.65,360695,162223.1,235833,104618.28,355145,161738.19,300448,142915.3,297239,142114.82,3873281,1804206.88,2022
1,"ASEAN","Crude oil",77318,89033.86,242040,208468.27,0,0,0,0,214536,157724.91,116124,115062.44,81433,74874.9,82218,66853.4,101202,79306.12,104017,79216.67,90667,68915.63,198361,143443.96,1307916,1082900.22,2022
1,"ASEAN","Electrical wire and cable",0,29438.34,0,19530.24,0,34289.49,0,31300.87,0,32884.73,0,38168.58,0,30510.85,0,42822.46,0,27204,0,38702.49,0,28854.01,0,36671.09,0,390377.6,2022
1,"ASEAN","Clinkers and cement",836038,39360.77,663434,28970.07,720127,32732.57,998351,47815.43,417380,27506.2,817658,29694.35,938247,46323.18,826944,38893.57,597880,28763.16,789598,35636.03,823959,37305.37,699888,30749.19,9129504,423750.04,2022
1,"ASEAN","Tea",1183,1248.9,828,756.21,1231,1317.29,865,890.72,984,1046.71,852,961.22,1187,1295.29,996,962.35,844,831.54,1349,1536.55,1191,1056.42,1309,1048.16,12819,12951.52,2022
1,"ASEAN","Plastic materials",40438,61305.53,39499,56979.75,38566,59767.95,31537,61782.36,42438,63815.54,45056,57470.49,35220,53383.25,38542,54247.27,29444,41282.03,30853,39498.65,42957,51729.7,33332,41232.02,447882,642494.87,2022
1,"ASEAN","Rubber",2766,4745.01,1926,3630.96,2533,4978.87,1440,2593.98,1716,3249.92,4382,7709.1,3404,6077.42,2266,4026.24,2470,4234.24,2228,3571.41,1779,2600.6,1812,2705.95,28722,50123.86,2022
1,"ASEAN","Coffee",10286,32754.76,6226,19337.5,11370,34495.32,10406,30580.44,14867,42309.49,8299,24115.7,19074,46282.03,10609,31261.7,10130,30378.84,10031,29111.02,10373,31136.27,5379,21007.39,127050,372770.86,2022
1,"ASEAN","Chemical products",0,70634.44,0,58564.99,0,81472.1,0,74407.97,0,69172.69,0,75238.32,0,111436.95,0,116387.09,0,89567.74,0,71506.22,0,79756.49,0,93464.07,0,991609.42,2022
1,"ASEAN","Sweets, cookies and cereal preparations",0,15304.45,0,12406.82,0,17730.73,0,16512.08,0,15162.35,0,15948.42,0,15636.05,0,19080.42,0,16452.74,0,16614.86,0,16693.73,0,16782.15,0,194325.13,2022
1,"ASEAN","Telephones and their parts",0,136227.19,0,118504.75,0,286659.61,0,234773.12,0,140104.08,0,134476.77,0,141106.38,0,244433.46,0,177619.03,0,134682.36,0,141541.52,0,109832.22,0,1999960.8,2022
1,"ASEAN","Toys, games and sports requisites; parts and accessories thereof",0,1756.37,0,1359.48,0,1782.94,0,1425.94,0,1457.83,0,1655.44,0,1574.97,0,1861.5,0,1477.98,0,1746.21,0,1840.92,0,2031.33,0,19971.03,2022
1,"ASEAN","Precious stones, metals and products",0,37.88,0,0,0,279.04,0,413.86,0,128.81,0,47.39,0,603.27,0,236.57,0,683.72,0,149.92,0,589.76,0,897.6,0,4067.88,2022
1,"United States","Summary",208899,9737392.69,51091,6484877.92,63951,9736274.93,124736,10245295.03,97555,9685458.3,125035,10710626.94,89450,10386308.02,38745,10016302,94120,8165678.1,57705,8205939.34,123645,7842374.98,108657,8172360.76,1183589,109388889.07,2022
1,"United States","Fibres, not spun",10856,15386.38,11923,18430.7,14034,20582.55,15089,24361.13,10303,19150.98,7897,17643.97,7289,16342.2,5580,11375.95,4622,10041.69,6469,10633.37,7111,10681.98,6935,10952.2,108108,185583.14,2022
1,"United States","Petroleum oil, refined",0,0,0,0,0,0,0,0,0,0,0,0,0,0,0,0,0,0,0,0,0,0,0,0,0,0,2022
1,"United States","Pieces of cloth and other technical cloths",0,24327.24,0,24741.49,0,21655.15,0,23833.24,0,28293.67,0,24040.02,0,27757.35,0,25798.09,0,23765.34,0,19281.27,0,19374.04,0,19536.69,0,282403.64,2022
1,"United States","Bags, pockets, wallets, suitcases, hats and umbrellas",0,177308.9,0,93915.55,0,153719.93,0,155367.81,0,166158.15,0,181183.56,0,184053.67,0,172560.68,0,133532.61,0,138697.24,0,148406.55,0,135202.62,0,1840107.33,2022
1,"United States","Animal fodder and materials",0,9958.49,0,8972.48,0,12287.64,0,12409.23,0,13725.41,0,15553.83,0,16174.85,0,17270.59,0,8169.46,0,5747.81,0,3848.68,0,12025.21,0,136143.73,2022
1,"United States","Glass and glassware",0,8189.77,0,4967.85,0,8307.4,0,8444.81,0,7637.56,0,8749.73,0,8277.62,0,9458.99,0,7286.64,0,7221.31,0,6002.26,0,10188.27,0,94732.28,2022
1,"United States","Articles of rubber",0,28088.58,0,21454.5,0,34510.33,0,36486.83,0,30296.09,0,34062.16,0,37554.74,0,37705.02,0,22264.72,0,23938,0,26540.85,0,26780.08,0,359681.94,2022
1,"United States","Iron, Steel",165003,236250.29,11930,19985.09,12866,25525.11,71141,91044.16,52891,79158.13,84588,121370.21,50286,78181.92,3927,7573.21,64469,47838.1,21981,28457.98,84433,68664.3,58318,41073.69,681833,845122.26,2022
1,"United States","Articles of iron and steel",0,105147.66,0,69704.57,0,103746.39,0,114671.75,0,104101.85,0,101709.57,0,97876.13,0,125203.14,0,82436.26,0,86757.67,0,93686.21,0,95578.42,0,1180619.67,2022
1,"United States","Articles of plastics",0,207887.36,0,130897.83,0,216854.26,0,243879.81,0,211569.04,0,210346.27,0,172537.52,0,168343.65,0,138035.91,0,147064.05,0,158252.89,0,191510.63,0,2197179.26,2022
1,"United States","Rattan, bamboo and rush products",0,46593,0,30595,0,37405.44,0,33539.73,0,27163.96,0,25168.61,0,22731.83,0,23705.12,0,15448.93,0,17259.54,0,16886.41,0,22007.71,0,318505.35,2022
1,"United States","Pottery and glasware",0,19148.89,0,12360.05,0,18128.67,0,14193.96,0,11897.69,0,12624.86,0,10910.55,0,10154.83,0,9127.23,0,10193.41,0,12149.12,0,15272.99,0,156162.29,2022
1,"United States","Means of transport and equipment",0,253063.27,0,163086.62,0,237577.37,0,238230.33,0,232399.18,0,237192.09,0,240596.85,0,232071.61,0,167473.97,0,190138.75,0,211943.36,0,182064.74,0,2585838.2,2022
1,"United States","Auxiliary materials for textile, garment, leather, footwear",0,14507.47,0,9700.07,0,15505.75,0,15915.41,0,13984.23,0,15326.45,0,15876.41,0,14751.37,0,12976.72,0,13803.11,0,11764.62,0,12733.56,0,166845.22,2022
1,"United States","Computers, Electronical products & parts",0,975487.15,0,1052359.41,0,1284264.96,0,1158973.74,0,1307508.4,0,1546110.38,0,1294101.17,0,1502435.99,0,1497223.36,0,1607899.47,0,1348523,0,1365122.76,0,15940009.85,2022
1,"United States","Other Machinery, instrument, accessory",0,1583488.27,0,1227903.43,0,1571364.84,0,1630348.17,0,1606430.47,0,1869280.23,0,1864394.16,0,1834914.76,0,1908820.98,0,1743990.04,0,1707979.17,0,1632727.41,0,20181641.99,2022
1,"United States","Cameras and their parts",0,51735.15,0,35864.05,0,47180.9,0,59909.54,0,64058.1,0,54039.23,0,73444.66,0,78230.64,0,65091.44,0,71560.65,0,74892.4,0,64038.29,0,740045.1,2022
1,"United States","Other base metals and products",0,63446.73,0,45742.54,0,65873.76,0,84925.54,0,73147.75,0,83765.8,0,71095.12,0,61199.34,0,47138.59,0,50649.08,0,50196.1,0,62743.94,0,759924.35,2022
1,"United States","Chemicals",0,4642.69,0,6398.86,0,3152.74,0,4770.52,0,5924.97,0,8046,0,8766.04,0,5741.89,0,6539.68,0,6310.96,0,5069.42,0,6176.81,0,71540.62,2022
1,"United States","Pepper",5380,25828.12,4322,21610.65,5360,26742.1,5073,25301.41,5764,28484.46,5101,24291.16,5042,24131.83,4672,22797.83,3574,18283.81,4310,21551.79,3339,16409.69,5872,26769.51,57809,282202.39,2022
1,"United States","Cashew nut",12682,73459.69,9341,52504.78,12935,73178.11,15376,86766.31,14079,83343.54,11812,71396.59,12029,69881.86,10162,59374.68,9510,59956.37,11465,70427.23,11715,69094.09,12543,73331.29,143649,842714.57,2022
1,"United States","Seafood",0,199791.57,0,146046.16,0,228580.17,0,275438.14,0,245586.02,0,215452.93,0,159012.43,0,157436.63,0,142561.07,0,145919.31,0,117167.88,0,99446.82,0,2132439.2,2022
1,"United States","Fresh and pocessed vegetables and fruit",0,22353.64,0,17050.31,0,22353.27,0,25289.44,0,22024.08,0,27769.81,0,21398.65,0,20933.02,0,18469.58,0,21386.68,0,13173.74,0,15566.65,0,247768.91,2022
1,"United States","Textile, sewing products",0,1851846.09,0,1032672.87,0,1477367.1,0,1604462.48,0,1613115.72,0,1746159.9,0,1812744.88,0,1743401.79,0,987595.04,0,1018340.56,0,1204606.41,0,1267342.06,0,17359654.95,2022
1,"United States","Paper and paper products",0,31676.31,0,21060.4,0,43878.22,0,57201.97,0,44256.28,0,43496.3,0,55857.83,0,46247.14,0,25690.68,0,22147.24,0,28121.17,0,34169.05,0,453802.63,2022
1,"United States","Footwear",0,804204.89,0,560928.94,0,888214.7,0,903760.24,0,901098.7,0,1038846.71,0,1001927.52,0,914909.95,0,712169.66,0,697711.55,0,583193.06,0,611334.08,0,9618300.05,2022
1,"United States","Wood and wooden products",0,928184.38,0,558774.46,0,916956.84,0,934551.18,0,758132.2,0,769026.12,0,695403.31,0,683595.71,0,572800.08,0,593317.71,0,570932.87,0,678383.61,0,8660058.52,2022
1,"United States","Rice",2375,1855.73,2231,1774.73,3181,2616.49,1811,1341.09,2866,2295.35,1293,903.22,1518,1025.43,1407,1038.97,1400,1021.43,2072,1538.23,2754,1911.85,1636,1228.52,24544,18551.1,2022
1,"United States","Crude oil",0,0,0,0,0,0,0,0,0,0,0,0,0,0,0,0,0,0,0,0,0,0,0,0,0,0,2022
1,"United States","Electrical wire and cable",0,68997.73,0,44401.59,0,71293.65,0,76608.98,0,84373.03,0,75757.38,0,68438.22,0,63785.87,0,50217.32,0,59711.16,0,50665.81,0,62317.85,0,776568.64,2022
1,"United States","Tea",348,514.92,968,1433.73,561,837.34,543,760.39,761,1033.02,512,706.65,458,573.74,367,594.09,463,676.05,290,427.21,398,561.17,211,263.48,5880,8381.85,2022
1,"United States","Rubber",3354,5628.58,2877,5271.05,4127,7203.91,1748,2967.26,1551,2850.52,2801,5058.36,2493,4303.7,2978,4743.81,2535,3799.49,2785,3912.57,1794,2368.21,3376,4494.69,32419,52602.19,2022
1,"United States","Coffee",8901,23078.5,7499,19209.59,10887,25610,13955,34994.07,9340,22055.51,11031,26434.28,10335,22322.2,9652,22669.06,7547,17870.17,8333,20518.98,12101,27281.06,19766,43370.45,129347,305413.92,2022
1,"United States","Chemical products",0,6442.53,0,3729.01,0,7827.85,0,6508.33,0,5387.67,0,5778.78,0,6183.76,0,3486.63,0,4455.08,0,3804.1,0,5400.1,0,4745.86,0,63749.75,2022
1,"United States","Sweets, cookies and cereal preparations",0,11602.83,0,8957.94,0,16160.3,0,15191.35,0,15009.04,0,15264.29,0,13278.44,0,14763.44,0,11140.69,0,12360.17,0,13808.55,0,12242.26,0,159779.34,2022
1,"United States","Telephones and their parts",0,1074742.72,0,454367.72,0,1282184.24,0,1382151.49,0,1124179.81,0,1292290.61,0,1426676.87,0,1214794.64,0,819987.05,0,730964.86,0,550538.48,0,525342.95,0,11878221.49,2022
1,"United States","Toys, games and sports requisites; parts and accessories thereof",0,165236.7,0,145101.15,0,108884.34,0,236070.52,0,164501.52,0,213999.88,0,194649.08,0,183302.71,0,121378.15,0,153454.15,0,151094.81,0,220895.99,0,2058569.07,2022
1,"United States","Precious stones, precious metals and their products",0,42587.75,0,34734.21,0,98265.49,0,63098.45,0,56695.69,0,51787.21,0,52686.37,0,59479.6,0,41787.26,0,61411.96,0,59907.82,0,60837.52,0,683279.38,2022
1,"Japan","Summary",138844,2040111.5,36587,1319048.56,219179,2019343.11,98817,2015517.6,121278.79,1951456.87,144885,2033494.77,185954,2059254.91,138189.2,2377932.17,167353,2021456.84,217334,2107388.28,195674,2158123.14,120522,2129379.34,1784617,24232507.14,2022
1,"Japan","Fibres, not spun",3279,9556.27,2336,7094.87,3256,9733.17,3231,10719.32,3467,11932.96,2852,9181.54,2711,9311.01,3017,9811.96,2838,8565.77,3549,9231.23,3263,8637.53,3370,9189.45,37169,112965.15,2022
1,"Japan","Pieces of cloth and other technical cloths",0,4599.84,0,3585.14,0,3698.56,0,3602.23,0,2793.44,0,3125.11,0,4607.22,0,2583.82,0,4212.91,0,3105.99,0,4480.94,0,4425.24,0,44820.47,2022
1,"Japan","Bags, pockets, wallets, suitcases, hats and umbrellas",0,36480.73,0,20226.69,0,31632.5,0,26951.14,0,24847.49,0,30260.91,0,29358.05,0,33706.82,0,22663.98,0,21696.04,0,33965.43,0,39971.49,0,351761.31,2022
1,"Japan","Animal fodder and materials",0,2124.02,0,2303.44,0,2144.24,0,2013.49,0,2261.13,0,1999.13,0,2363.74,0,3123.79,0,11941.44,0,2178.7,0,2659.21,0,2319.6,0,37431.98,2022
1,"Japan","Glass and glassware",0,7995.79,0,5823.32,0,9288,0,9096.22,0,10271.37,0,3172.01,0,2661.8,0,3107.53,0,3244.98,0,2356,0,2995.98,0,4402.48,0,64415.52,2022
1,"Japan","Coal",85,23.34,3131,542.23,157310,36025.36,54248,19819.59,73810,28943.48,86577,34199.62,54767,18210.92,50025,16646.43,81985,30933.52,60390,20134.28,68682,25375.24,28159,9261.29,719169,240115.35,2022
1,"Japan","Articles of rubber",0,16016.23,0,11981.95,0,15939.46,0,15867.42,0,14681.93,0,13719.38,0,13923,0,15507.22,0,13477.79,0,14942.84,0,13505.96,0,16323.68,0,175886.92,2022
1,"Japan","Iron, Steel",18075,15824.48,8194,7626.44,23983,20396.58,12492,11779.8,3114,4236.31,17255,15707.71,18088,16794.96,14374,12495.19,7828,6682.92,12285,11859.51,7202,7979.66,12886,10730.03,155776,142113.66,2022
1,"Japan","Casava and casava products",0,0,66,63.02,0,0,0,0,107,54.03,121,69.4,0,0,294,167.05,0,0,0,0,0,0,107,69.71,695,423.22,2022
1,"Japan","Articles of iron and steel",0,58373.61,0,36400.32,0,53713.17,0,53625.79,0,51930.22,0,53485.37,0,53577.45,0,59472.18,0,52769.33,0,56750.94,0,57363.42,0,54067.16,0,641528.99,2022
1,"Japan","Articles of plastics",0,76382.07,0,42589.76,0,71064.02,0,64895.88,0,63805.05,0,67271.2,0,61192.38,0,67547.56,0,60051.5,0,59587.11,0,61215.69,0,59690.72,0,755292.97,2022
1,"Japan","Rattan, bamboo and rush products",0,6283.04,0,4114.46,0,5736.94,0,4688.82,0,5133.14,0,4603.68,0,5795.63,0,9671.38,0,10249.54,0,10366.46,0,7559.13,0,5708.48,0,79910.75,2022
1,"Japan","Pottery and glasware",0,8303.38,0,7345.21,0,7743.47,0,8427.42,0,8275.05,0,8850.14,0,7999.5,0,8633.76,0,9668.14,0,9218.2,0,9562.53,0,10129.24,0,104156.09,2022
1,"Japan","Ores and other minerals",11273,1558.19,5519,887.78,4804,1665.09,9830,1488.3,15441.79,1258.2,12369,949.82,14047,2104.32,8601.2,776.72,17964,2703.14,8461,2057.1,19287,1561.66,13511,799.3,141108,17809.65,2022
1,"Japan","Means of transport and equipment",0,265285.6,0,163678.16,0,218073.74,0,172976.08,0,203945.1,0,177589.74,0,185286.83,0,223624.31,0,214894.36,0,227515.77,0,228551.44,0,251865.01,0,2533286.18,2022
1,"Japan","Fertilizers",5006,3643.53,556,235.02,3104,2075.4,977,916.58,1530,781.81,1426,671.41,1631,1134.44,1439,909.84,1224,825.55,3857,3054,958,634.04,1864,1203.32,23572,16084.98,2022
1,"Japan","Auxiliary materials for textile, garment, leather, footwear",0,14121.07,0,12489.36,0,12629.7,0,14564.5,0,13884.87,0,11985.91,0,12783.25,0,14259.1,0,12732.61,0,12563.14,0,14206.36,0,14911.81,0,161131.74,2022
1,"Japan","Computers, Electronical products & parts",0,110095.58,0,85497.18,0,117844.15,0,89656.99,0,102450.19,0,98188.06,0,86435.56,0,96403.82,0,93890.83,0,84989.35,0,91645.86,0,86050.93,0,1143148.55,2022
1,"Japan","Other Machinery, instrument, accessory",0,255343.35,0,172046.6,0,240594.56,0,229426.18,0,234973.82,0,231711.22,0,234242.39,0,246268.78,0,225434.05,0,231879.54,0,226440.27,0,232997.47,0,2761358.28,2022
1,"Japan","Cameras and their parts",0,11381.18,0,6282.11,0,9919.09,0,6238.36,0,7060.76,0,10352.88,0,8786.51,0,9523.54,0,7308.68,0,9120.84,0,8950.79,0,11175.52,0,106100.32,2022
1,"Japan","Other base metals and products",0,27339.85,0,21503.04,0,29761.39,0,32926.06,0,31668.8,0,36430.83,0,32271.23,0,32053.22,0,29392.15,0,28519.98,0,29221.39,0,30813.56,0,361901.55,2022
1,"Japan","Chemicals",0,50910.96,0,37412.04,0,45452.87,0,54162.17,0,52312.62,0,60724.21,0,56121.67,0,54678.24,0,47121.61,0,40868.22,0,39825,0,33444.4,0,573034.06,2022
1,"Japan","Pepper",524,2135.7,277,939.37,486,1901.74,411,1478.5,287,940.91,564,2005.66,549,2176.43,517,2465.01,374,1190.97,338,1054.07,477,1878.25,297,801.79,5101,18968.43,2022
1,"Japan","Cashew nut",596,4201.61,430,3156.89,586,4287.17,581,4142.95,737,4943.17,614,4087.21,668,4332.59,675,4380.42,541,3704.56,589,3837.36,712,4455.4,1031,6762.75,7760,52292.12,2022
1,"Japan","Seafood",0,133855.15,0,75013.86,0,138389.36,0,142946.26,0,148705.16,0,160964.31,0,151523.15,0,173141.75,0,141905.39,0,160600.78,0,151239.79,0,128914.85,0,1707199.86,2022
1,"Japan","Fresh and pocessed vegetables and fruit",0,11814.78,0,8087.22,0,15770.41,0,14467.71,0,17756.17,0,15327.64,0,17043.63,0,15193.6,0,12450.73,0,13381.45,0,12680.26,0,11110.68,0,165084.32,2022
1,"Japan","Textile, sewing products",0,297977.03,0,177994.79,0,295437.64,0,274775.88,0,300146.45,0,323551.72,0,390010.41,0,476829.8,0,383937.9,0,377675.19,0,395057.25,0,379374.1,0,4072768.21,2022
1,"Japan","Paper and paper products",0,5919.93,0,5033.27,0,7126.31,0,5202.82,0,5288.81,0,5002.69,0,5901.17,0,5182.96,0,5477.65,0,6160.01,0,7094.7,0,6468.7,0,69859.07,2022
1,"Japan","Footwear",0,84630.02,0,58729.05,0,83954.04,0,80236.61,0,89763.26,0,98455.33,0,107672.23,0,116786.33,0,79544.58,0,96764.22,0,84440.52,0,112908.29,0,1093884.52,2022
1,"Japan","Wood and wooden products",0,153046.43,0,89866.97,0,153910.21,0,148368.9,0,132402.71,0,166718.73,0,181026.85,0,199510.54,0,161993.8,0,159780.02,0,171883.22,0,168859.46,0,1887367.89,2022
1,"Japan","Crude oil",78003,61066.4,0,0,0,0,0,0,0,0,0,0,73569,66858.72,39456,32645.89,39473,37858.8,114311,84226.34,74809,59529.18,40470,31002.66,460091,373188.02,2022
1,"Japan","Electrical wire and cable",0,35860.93,0,26117.52,0,37812.13,0,36733.75,0,39612.56,0,38097.48,0,39314.36,0,41251.27,0,34939.21,0,36769.02,0,38577.91,0,40196.33,0,445282.53,2022
1,"Japan","Plastic materials",9142,10920.8,5982,7492.5,11845,15774,5940,15527.42,14351,19943.24,13886,12523.12,10597,14264.8,10507,13497.67,6500,8583.52,7259,8741.56,10551,12383.88,7860,9208.15,114420,148860.71,2022
1,"Japan","Rubber",675,1278.23,667,1276.85,822,1652.66,566,1166.32,999,1988.09,1004,1969.4,857,1625.39,814,1450.38,738,1255.27,1027,1642.89,998,1519.41,1244,1863.49,10411,18688.43,2022
1,"Japan","Coffee",12186,29141.71,9429,23904.14,12983,31047.51,10541,26033.93,7435,22235.85,8217,20907.3,8470,22003.18,8470,20763.78,7888,19459.51,5268,15470.8,8735,22103.37,9723,24510.24,109345,277581.36,2022
1,"Japan","Chemical products",0,17612.77,0,12167.07,0,15402.84,0,15372.36,0,15050.69,0,15887.12,0,13039.79,0,15349,0,12629.67,0,11830.87,0,12131.25,0,11738.1,0,168211.58,2022
1,"Japan","Sweets, cookies and cereal preparations",0,7081.88,0,3858.22,0,6119.1,0,6086.5,0,7055.07,0,6945.31,0,7494.42,0,6585.77,0,6120.12,0,6951.74,0,6637.95,0,5460.57,0,76396.72,2022
1,"Japan","Telephones and their parts",0,65625.26,0,52337.47,0,65957.06,0,172721.78,0,93124.87,0,88909.92,0,76224.68,0,88236.1,0,40573.98,0,124508.98,0,85890.85,0,35050.43,0,989161.43,2022
1,"Japan","Toys, games and sports requisites; parts and accessories thereof",0,29573.83,0,21081.44,0,59438.28,0,59885.39,0,41329.9,0,62361.39,0,45904.76,0,52684.66,0,50246.65,0,57562.95,0,82318.35,0,61736.26,0,624123.91,2022
1,"Japan","Precious stones, precious metals and their products",0,5632.04,0,4761.62,0,6064.66,0,6293.49,0,6788.58,0,5714.61,0,6304.77,0,6133.48,0,6488.8,0,7233.88,0,6349.15,0,5075.33,0,72840.46,2022
1,"Korea","Summary",88910,1971326.81,152730,1688637.64,272475,2485811.27,178879,2179471.71,208065,1896697,142024,1880153.5,121212,2097284.97,144215,2523369,69170,1959229.07,86698,1972544.31,131983,1752924.54,78413,1886048.75,1674774,24293498.62,2022
1,"Korea","Fibres, not spun",15808,58705.85,11728,43901.67,12445,46827.9,10572,37452.95,12596,43255.67,13907,46702.56,10492,33740.21,10308,32516.36,10274,32144.69,11766,35067.87,11136,31495.12,14147,38130.38,145179,479941.27,2022
1,"Korea","Petroleum oil, refined",10014,7617.36,8469,6510.24,13489,11744.35,13727,15553.94,8109,9109.17,4040,4670.87,14302,18617.94,10139,12689.18,9552,10860.25,11613,12190.35,10889,11454.97,16104,17450.48,130447,138469.15,2022
1,"Korea","Pieces of cloth and other technical cloths",0,6800.52,0,5204.27,0,5867.97,0,7566.5,0,9249.21,0,9038.29,0,10174.96,0,8240.92,0,6817.57,0,7053.85,0,7270.94,0,7627.3,0,90912.35,2022
1,"Korea","Bags, pockets, wallets, suitcases, hats and umbrellas",0,12919.65,0,9259.17,0,11851.2,0,10988.81,0,10497.62,0,10892.47,0,11722.69,0,12051.17,0,8752.71,0,10018.31,0,12997.46,0,13493.39,0,135444.7,2022
1,"Korea","Animal fodder and materials",0,2932.67,0,1298.96,0,1175.33,0,2132.9,0,2014.89,0,2700.5,0,2205.2,0,1617.85,0,2675.03,0,1586.9,0,2097.09,0,3018.59,0,25455.96,2022
1,"Korea","Glass and glassware",0,2605.86,0,1757.08,0,2797.27,0,2669.36,0,1671.59,0,1554.99,0,2970.97,0,4170.02,0,1526.19,0,1980.53,0,2423.74,0,2025.73,0,28153.38,2022
1,"Korea","Coal",0,0,0,0,25142,6440.43,36128,16020.35,16263,7123.14,0,0,5105,2074.49,13841,5715.76,5600,2278.23,11100,4423.17,5548,1992.3,11215,4002.64,129942,50070.55,2022
1,"Korea","Articles of rubber",0,8690.3,0,6604.82,0,9885.78,0,8713.22,0,8249.39,0,9136.03,0,8170.41,0,8562.62,0,6527.86,0,8447.21,0,9013.63,0,8796.43,0,100797.74,2022
1,"Korea","Iron, Steel",36079,30677.88,55526,45597.29,67077,54036.32,47090,50621.13,75356,85203.42,31563,44510.23,18950,33668.58,36984,42410.25,21219,31788.16,22833,36641.28,30697,46749.66,25159,41769.26,468533,543673.5,2022
1,"Korea","Casava and casava products",2297,888.29,9855,3762.17,34413,12052.31,15547,4763.54,10114,3892,19862,7111.44,6232,2233.61,7318,2625.28,13892,5176.45,19369,6988.89,10285,3683.27,1240,498.11,150424,53675.41,2022
1,"Korea","Articles of iron and steel",0,16598.56,0,11867.98,0,19017.16,0,17780.63,0,15911.44,0,17097.14,0,17732.71,0,17509.62,0,14595.35,0,16608.3,0,16812.58,0,16502.74,0,198034.26,2022
1,"Korea","Articles of plastics",0,23820.14,0,21691.99,0,27317.47,0,28013.32,0,24934.96,0,25177.02,0,27561.96,0,28179.5,0,27420.25,0,27036.79,0,28344.08,0,22654.69,0,312152.23,2022
1,"Korea","Rattan, bamboo and rush products",0,1560,0,1051.63,0,2263.62,0,2814.43,0,2547.78,0,1910.72,0,1646.64,0,2136.89,0,1624.71,0,1559.2,0,1692.44,0,1735.4,0,22543.53,2022
1,"Korea","Pottery and glasware",0,4137.07,0,2360.2,0,3564.83,0,4658.06,0,4247.56,0,3732.54,0,4121.96,0,3580.74,0,2880.22,0,3513.73,0,2728.83,0,2947.52,0,42473.31,2022
1,"Korea","Ores and other minerals",29,40.61,55700,558.91,102232,987.44,30212,504.02,58304,966.02,52379,481.91,51233,525.61,53822,588.63,125,69.97,21,45.85,52000,569.37,20,45.72,456077,5384.1,2022
1,"Korea","Means of transport and equipment",0,60317.17,0,48966.54,0,60661.7,0,67640.17,0,65928.62,0,65732.99,0,71679.15,0,76122.94,0,68904.99,0,73264.37,0,71325.82,0,81967.2,0,812511.71,2022
1,"Korea","Fertilizers",17570,13934.55,3424,2592.13,9374,6434.25,16095,11340.48,17867,12156.72,11943,10552.89,6184,4954.11,2036,1200.44,552,193.38,650,226.54,1551,844.99,1944,1022.66,89190,65453.19,2022
1,"Korea","Auxiliary materials for textile, garment, leather, footwear",0,9893.89,0,7410.92,0,9620.7,0,11520.32,0,9089.25,0,10316.96,0,10454.28,0,9936.22,0,10026.74,0,9134.96,0,10910.01,0,10702.84,0,119017.14,2022
1,"Korea","Computers, Electronical products & parts",0,350335.57,0,290175.97,0,390292.62,0,311830.65,0,211623.64,0,233422.02,0,278655.73,0,219600.25,0,238444.76,0,255759.62,0,252035.32,0,351874.59,0,3384050.8,2022
1,"Korea","Other Machinery, instrument, accessory",0,230739.26,0,216385.59,0,251438.65,0,229560.52,0,215783.47,0,232208.66,0,274005.96,0,263429.26,0,195695.92,0,215257.48,0,202521.33,0,198155.76,0,2725181.89,2022
1,"Korea","Cameras and their parts",0,28458.13,0,19780.3,0,32100.86,0,28083.24,0,29446.85,0,31236.69,0,35561.19,0,36707.06,0,65949.99,0,69231.6,0,36972.24,0,36209.87,0,449738.06,2022
1,"Korea","Other base metals and products",0,28136.14,0,27964.28,0,50417.91,0,35103,0,38692.24,0,33872.61,0,36019.15,0,33768.98,0,28083.86,0,26988.8,0,27710.99,0,28617.64,0,395375.67,2022
1,"Korea","Chemicals",0,16474.03,0,14923.48,0,15539.92,0,17894.61,0,17738.24,0,16614.34,0,15479.8,0,15124.75,0,13604.87,0,14117.27,0,19686.83,0,16155.11,0,193353.3,2022
1,"Korea","Pepper",376,1629.9,388,1855.53,1049,4769.85,1485,6383.18,931,3934.54,294,1375.01,285,1120.13,288,1352.88,274,1347.61,204,939.34,282,1212.99,107,502.64,5963,26423.66,2022
1,"Korea","Seafood",0,69971.19,0,51749.83,0,81821.36,0,85188.26,0,80393.65,0,82872.32,0,91547.66,0,98386.77,0,76424.28,0,82282.27,0,75994.15,0,73049.15,0,949680.94,2022
1,"Korea","Fresh and pocessed vegetables and fruit",0,12196.65,0,11767.31,0,17558.6,0,18698.49,0,16759.04,0,17564.39,0,16190.25,0,14267.27,0,12431.86,0,12221.63,0,14445.08,0,16663.6,0,180764.23,2022
1,"Korea","Textile, sewing products",0,314078.31,0,171062.34,0,269026.37,0,249054.77,0,159284.48,0,202893.44,0,317932.36,0,459969.68,0,379637.68,0,337635.68,0,190648.16,0,258223,0,3309446.32,2022
1,"Korea","Paper and paper products",0,3254.31,0,2520.68,0,4078.47,0,4060.94,0,3807.88,0,3947.62,0,3273.17,0,3456.33,0,2904.16,0,2968.31,0,2776.32,0,3769.39,0,40817.62,2022
1,"Korea","Footwear",0,52446.78,0,44143.2,0,52195.88,0,50827.18,0,55801.85,0,58422.04,0,53645.6,0,66111.81,0,45553.56,0,49019.01,0,62571.75,0,60272.15,0,651010.85,2022
1,"Korea","Wood and wooden products",0,106298.84,0,46629.5,0,95920.51,0,107790.03,0,94629.76,0,78898.81,0,71981.33,0,74053.62,0,65063.39,0,75853.05,0,107544.78,0,99578.18,0,1024241.85,2022
1,"Korea","Crude oil",0,0,0,0,0,0,0,0,0,0,0,0,0,0,0,0,0,0,0,0,0,0,0,0,0,0,2022
1,"Korea","Electrical wire and cable",0,23769.87,0,16386.56,0,24915.66,0,31040.47,0,27492.67,0,29863.17,0,29461.57,0,29356.23,0,25248.78,0,27612.27,0,29980.25,0,32250.85,0,327378.41,2022
1,"Korea","Plastic materials",869,2431.85,815,2249.83,1494,4006.11,1781,4246.97,1234,3533.67,737,1868.07,1048,2832.21,977,2229.69,871,1998.92,771,1793.62,714,1889.51,693,1622.81,12004,30703.32,2022
1,"Korea","Rubber",2776,5222.17,3321,6176.35,2629,5063.7,3086,5793.74,3462,6307.1,4826,8495.23,5313,8970.19,5150,8350.42,4535,6954.98,5151,7655.33,3893,5696.84,3898,5704.33,48040,80390.43,2022
1,"Korea","Coffee",3092,8276.5,3504,9057.12,3131,9023.63,3156,8099.23,3829,8536.3,2473,6169.54,2068,5201.01,3352,7930.5,2276,5784.76,3220,8600.63,4988,8422.81,3886,7133.54,38975,92235.63,2022
1,"Korea","Chemical products",0,10750.48,0,9797.24,0,10049.91,0,9253.15,0,7900.2,0,7689.6,0,11819.34,0,10812.4,0,9203.85,0,11338.84,0,8873.85,0,8111.16,0,115600.08,2022
1,"Korea","Sweets, cookies and cereal preparations",0,6062.08,0,4005.68,0,5564.34,0,5052.2,0,4955.44,0,6023.53,0,5063.51,0,5331.95,0,5544.43,0,6785.55,0,6241.45,0,7282.91,0,67913.13,2022
1,"Korea","Telephones and their parts",0,298869.97,0,432588.86,0,719665.79,0,528153.58,0,440658.37,0,362579.53,0,388024.79,0,710235.99,0,380258.81,0,308317.98,0,251657.84,0,227056.31,0,5048067.88,2022
1,"Korea","Toys, games and sports requisites; parts and accessories thereof",0,2863.42,0,2750.74,0,5337.23,0,4164.16,0,4578.77,0,5430.4,0,4770.45,0,4925.6,0,3015.89,0,2263.19,0,3275.51,0,3156.56,0,46531.97,2022
1,"Korea","Precious stones, precious metals and their products",0,2837.68,0,1935.09,0,2452.99,0,2474.68,0,2491.56,0,2710.42,0,3548.12,0,2483.46,0,4811.77,0,3896.38,0,2402.71,0,1675.99,0,33720.89,2022
1,"Australia","Summary",63643,410940.75,47340,384818.01,69552,586624.3,25227,473035.43,66996,510350.81,122187,416288.12,110123,584158.76,96179,583753.85,52842,272267.3,73349,522655.01,134826,507440.82,135829,301148.41,998093,5553481.62,2022
1,"Australia","Bags, pockets, wallets, suitcases, hats and umbrellas",0,5148.12,0,2038.55,0,5434.31,0,5959.07,0,3870.31,0,3966.39,0,4768.74,0,7351.65,0,4143.75,0,4616.76,0,4919.9,0,5077.28,0,57294.9,2022
1,"Australia","Articles of rubber",0,1375.78,0,1216.54,0,1595.11,0,1676.98,0,1431.63,0,1467.38,0,1561.5,0,2001.12,0,1359.84,0,1941.06,0,1810.18,0,1280.4,0,18717.56,2022
1,"Australia","Iron, Steel",26790,33549.01,4910,6541.4,21786,26771.46,7301,9968.66,18388,20184.48,7140,9658.44,6529,8929.23,27950,26894.47,33452,30248.1,8682,8629.16,17658,10977.57,22108,15633.41,202694,207985.43,2022
1,"Australia","Articles of iron and steel",0,16517.66,0,6539.03,0,15568.77,0,17419.13,0,12845.46,0,11978.66,0,11620.54,0,17326.95,0,11098.84,0,9027.72,0,10044.13,0,13577.42,0,153564.35,2022
1,"Australia","Articles of plastics",0,8833.69,0,4558.58,0,8861.65,0,7649.05,0,7671.51,0,7967.3,0,6879.34,0,8929.33,0,7575.15,0,7823.7,0,7290.7,0,8117,0,92157.06,2022
1,"Australia","Other furniture products (excluding wooden furniture)",0,5023.57,0,2363.81,0,4910.16,0,3933.33,0,4234.39,0,5846.09,0,4555.18,0,5541.4,0,4571.27,0,3751.08,0,2676.15,0,3564.33,0,50970.82,2022
1,"Australia","Rattan, bamboo and rush products",0,3304.45,0,1035.98,0,2298.64,0,2599.45,0,2249.48,0,2397.35,0,1553.74,0,2730.53,0,1291.99,0,1316.71,0,1314.7,0,1655.12,0,23748.2,2022
1,"Australia","Pottery and glasware",0,2177.83,0,875.58,0,1899.5,0,2204.95,0,2100.54,0,2008.62,0,1505.21,0,2049.12,0,1185.72,0,1622.18,0,1130.9,0,1077.76,0,19837.97,2022
1,"Australia","Means of transport and equipment",0,6770.65,0,11545.09,0,6892.11,0,19347.16,0,20645.33,0,8270.14,0,6630.33,0,9255.49,0,8291.59,0,7932.96,0,4762.2,0,7918.18,0,118261.29,2022
1,"Australia","Auxiliary materials for textile, garment, leather, footwear",0,798.1,0,416.65,0,671.17,0,787.8,0,1654.73,0,1192.34,0,928.06,0,1288.27,0,721.09,0,594.66,0,536.2,0,1000.94,0,10590.04,2022
1,"Australia","Computers, Electronical products & parts",0,45986.44,0,36498.35,0,65893,0,56490.51,0,62924.27,0,31558.84,0,25641.3,0,47291,0,42385.97,0,38039.2,0,36443.48,0,32390.3,0,521542.71,2022
1,"Australia","Other Machinery, instrument, accessory",0,31115.89,0,30432.5,0,54474.14,0,87005.95,0,45309.67,0,34698.13,0,45792.19,0,67245.79,0,34074.8,0,39562.98,0,44105.55,0,50859.39,0,564677.03,2022
1,"Australia","Cameras and their parts",0,1317.73,0,958.06,0,3256.25,0,3515.65,0,2806.47,0,1513.25,0,2259.75,0,2939.99,0,2287.89,0,1500.9,0,1948.03,0,1912.79,0,26216.81,2022
1,"Australia","Other base metals and products",0,8865.47,0,2669.03,0,5107.76,0,2816.51,0,2809.52,0,2652.59,0,2060.57,0,3501.66,0,2913.09,0,2853.6,0,2545.8,0,3617.77,0,42413.41,2022
1,"Australia","Pepper",140,658.54,136,674.6,15,51.14,86,454.01,164,779.81,238,1108.74,213,1002.25,223,1105.13,126,587.87,144,750.8,105,507.49,88,445.55,1678,8125.99,2022
1,"Australia","Cashew nut",1660,9734.86,743,4862.65,1335,8443.35,1259,7597.48,1072,6338.17,1098,6495.85,1106,6428.27,1953,11606.34,1724,10054.8,1511,8740.9,1233,7260.53,1254,7353.13,15948,94916.38,2022
1,"Australia","Seafood",0,32568.71,0,23193.62,0,36929.36,0,35464.06,0,29743.44,0,26907.36,0,35674.74,0,27122.65,0,28058,0,30763.83,0,25342.51,0,32479.87,0,364248.21,2022
1,"Australia","Fresh and pocessed vegetables and fruit",0,9131.85,0,5762.43,0,8865.87,0,6582.26,0,6881.19,0,6532.19,0,5321.59,0,7122.63,0,7892.35,0,4760.26,0,7828.34,0,7317.66,0,83998.67,2022
1,"Australia","Textile, sewing products",0,38117.28,0,21750.37,0,32571.65,0,33536.73,0,35002.64,0,40293.96,0,36676.27,0,49683.92,0,36787.04,0,34010.96,0,42025.6,0,45343.82,0,445800.29,2022
1,"Australia","Paper and paper products",0,4586.86,0,3184.72,0,6747.5,0,6512,0,4843.61,0,4742.29,0,5224.3,0,6103.72,0,5633.59,0,5639.99,0,4197.79,0,3691.57,0,61107.99,2022
1,"Australia","Footwear",0,35179.29,0,22177.31,0,33386.41,0,29927.58,0,31971.55,0,35408.74,0,37587.58,0,49872.19,0,37831.66,0,40371.66,0,46345.03,0,37572.44,0,437631.51,2022
1,"Australia","Wood and wooden products",0,20526.78,0,8358.13,0,17085.52,0,18335.94,0,16376.68,0,18671.4,0,18959.33,0,17111.34,0,14834.6,0,15800.52,0,10548.02,0,11299.17,0,187907.49,2022
1,"Australia","Rice",3056,2080.78,2045,1379.32,3397,1958.68,4019,2791.97,4908,3317.16,3366,2351.99,3198,2192.61,2929,2018.81,2558,1728.14,2653,1831.41,2414,1582.62,3423,2329.42,37966,25562.97,2022
1,"Australia","Crude oil",0,0,37239,34891.07,0,0,0,0,39473,69531.43,81817,43006.49,80553,76734.33,39122,34596.52,0,0,58237,43970.15,98553,77487.62,80525,63364.65,515519,443582.3,2022
1,"Australia","Electrical wire and cable",0,2974.23,0,240.07,0,2637.45,0,4420.73,0,4357.35,0,3631.62,0,3988.01,0,1818.26,0,2746.6,0,3088.46,0,1857.23,0,2272.55,0,34032.6,2022
1,"Australia","Clinkers and cement",29481,1483.35,0,0,40151,1999.79,9886,498.61,493,63.78,25982,1424.27,15831,864.65,22126,1249.97,13443,746.27,339,47.65,13941,787.13,27001,1439.38,198674,10604.9,2022
1,"Australia","Plastic materials",521,970.34,676,1010.55,548,1028.9,478,1054.95,196,380.77,434,726.31,287,476.78,574,915.12,416,673.62,441,598.74,221,316.4,654,860.65,5446,9013.19,2022
1,"Australia","Coffee",1995,3861.15,1591,3763.14,2320,5445.76,2198,4880.12,2302,5099.3,2112,5178.85,2406,5617.99,1302,3067.25,1123,2355.15,1342,3007.75,701,1713.77,776,2019.7,20168,46010,2022
1,"Australia","Chemical products",0,2964.84,0,3004.32,0,4709.04,0,4007.2,0,4339.26,0,3141.23,0,3667.97,0,4357.29,0,3868.59,0,3432.27,0,2297.31,0,3912.78,0,43702.14,2022
1,"Australia","Sweets, cookies and cereal preparations",0,3575.72,0,2341.29,0,4430.67,0,3689.01,0,4088.04,0,3089.48,0,3239.43,0,3867.42,0,3842.93,0,3248.1,0,2905.11,0,2484.44,0,40801.69,2022
1,"Australia","Telephones and their parts",0,27927.3,0,76214.35,0,117876.38,0,81439.34,0,64389.67,0,39992.02,0,53034.27,0,114443.16,0,48775.59,0,46411.48,0,57465.16,0,37001,0,764969.75,2022
1,"Australia","Toys, games and sports requisites; parts and accessories thereof",0,7346.61,0,3566.4,0,7358.69,0,5220.69,0,5049.64,0,7094.19,0,7903.77,0,8601.15,0,7626.72,0,5898.42,0,5932.18,0,6997.47,0,78595.99,2022
1,"Australia","Precious stones, precious metals and their products",0,1478.34,0,1390.87,0,1987.24,0,1634.17,0,1563.6,0,1391.66,0,1720.95,0,2188.16,0,2193.99,0,2602.02,0,2151.82,0,3012.02,0,23314.88,2022
1,"China, PR","Summary",2377420,3908770.29,2377921,3982144.89,2867882.66,5544408.54,1722951.33,4481281.65,759848,4061482.15,701009,4193012.93,577353,3835559.12,993941,5627591.64,674188,5588392.38,871946,5886976.04,1261400,5476944.6,1102059,5116038.09,16287919,57702602.36,2022
1,"China, PR","Fibres, not spun",63626,208716.44,64012,217151.43,80102,277148.34,73122,262682.88,62067,203677,47884,143384.56,45887,131141.89,57528,161353.91,54183,149041.59,51898,139693.31,54354,144567.5,56104,142452.5,710767,2181011.4,2022
1,"China, PR","Petroleum oil, refined",4015,3446.19,7319,6022.63,8202,7917.37,6382,6462.21,6281,7471.48,11860,14510.28,12526,16675.63,12509,17394.06,18620,22376.71,8924,10005.5,13497,14517.49,19979,21591.19,130114,148390.78,2022
1,"China, PR","Pieces of cloth and other technical cloths",0,1087.92,0,1049.15,0,665.7,0,1300.68,0,789.09,0,756.74,0,750.85,0,1046.15,0,1309.73,0,643.33,0,785.75,0,453.13,0,10638.29,2022
1,"China, PR","Bags, pockets, wallets, suitcases, hats and umbrellas",0,11302.44,0,8980.95,0,9846.7,0,7298.09,0,11812.07,0,12554.65,0,10466.41,0,11746.03,0,6888.01,0,11395.12,0,15185.59,0,13385.35,0,130861.5,2022
1,"China, PR","Animal fodder and materials",0,30771.36,0,37940.51,0,56464.7,0,44779.56,0,37672.62,0,40564.09,0,28606.68,0,34684.99,0,23922.73,0,31840.74,0,38813.53,0,37644.56,0,443706.11,2022
1,"China, PR","Glass and glassware",0,3698.04,0,5017.47,0,485.3,0,1972.18,0,2073.74,0,1774.26,0,1823.9,0,1958.7,0,622.29,0,1196,0,1399.98,0,502.13,0,22524.04,2022
1,"China, PR","Coal",0,0,0,0,0,0,453,88.5,0,0,0,0,0,0,0,0,0,0,72,28.42,0,0,4500,900,5025,1016.93,2022
1,"China, PR","Articles of rubber",0,5772.51,0,7020.21,0,9302.05,0,8488.63,0,7991.88,0,6949.02,0,4219.62,0,6020.84,0,5334.26,0,8696.21,0,7203.81,0,5500.84,0,82499.92,2022
1,"China, PR","Iron, Steel",19823,12253.59,19348,12191.46,10003,6833.27,457,585.27,889,1485.16,234,312.81,400,590.84,42331,21246.87,1703,2728.37,1327,2337.77,1674,2919.1,999,1497.2,99188,64981.77,2022
1,"China, PR","Casava and casava products",267112,112143.03,227267,93634.82,391652,176507.24,204137,91022.4,241602,104840.21,250534,109678.38,177244,80395.82,192524,89950.71,172301,78457.86,206482,87977.81,273841,114497.17,374812,147249.82,2979508,1286355.33,2022
1,"China, PR","Articles of iron and steel",0,5710.32,0,5926.54,0,8043.36,0,9402.87,0,9630.86,0,6746.79,0,10695.41,0,7689.57,0,14707.8,0,9545.6,0,7686.13,0,5788.44,0,101573.74,2022
1,"China, PR","Articles of plastics",0,11641.81,0,9958.8,0,15575.9,0,16009.2,0,13832.72,0,12356.67,0,12519.68,0,13762.82,0,13365.89,0,17823.23,0,15000.67,0,16081.76,0,167929.21,2022
1,"China, PR","Other furniture products (excluding wooden furniture)",0,443.77,0,1103.48,0,654.22,0,915.07,0,1063.3,0,1092.16,0,949.21,0,873.48,0,1148.11,0,1255.23,0,966.13,0,908.22,0,11372.43,2022
1,"China, PR","Rattan, bamboo and rush products",0,875.94,0,513.74,0,1051.85,0,983.35,0,893.3,0,819.04,0,621.05,0,644.75,0,381.46,0,457.74,0,606.37,0,437.99,0,8286.63,2022
1,"China, PR","Pottery and glasware",0,1474.54,0,1355.98,0,2220.08,0,1892.3,0,1932.51,0,1791.35,0,1804.56,0,1704.1,0,1886.42,0,2119.64,0,2072.6,0,1108.97,0,21363.11,2022
1,"China, PR","Ores and other minerals",42885,6042.54,17287,3009.03,30511,7227.08,32885,7283.73,34779,10658.36,83975,10355.3,43604,7792.96,31764,3739.7,26136,1318.01,32106,1957.02,6894,2601.84,26365,3127.06,409191,65112.68,2022
1,"China, PR","Means of transport and equipment",0,33947.41,0,28853.38,0,43757.48,0,35749.08,0,30778.12,0,37494.58,0,40502.25,0,44349.46,0,39208.43,0,41721.83,0,38589.93,0,32734.29,0,447686.27,2022
1,"China, PR","Auxiliary materials for textile, garment, leather, footwear",0,9244.19,0,9084.37,0,19840.77,0,21168.69,0,23420.87,0,25379.06,0,17720.27,0,18326.23,0,16048.01,0,18204.09,0,14812.59,0,16386.64,0,209635.82,2022
1,"China, PR","Computers, Electronical products & parts",0,759637.67,0,842798.98,0,1386367.87,0,872874.63,0,824648.35,0,1205899.21,0,753870.25,0,1053643.99,0,1175579.6,0,963869.98,0,815987.49,0,1229565.52,0,11884743.6,2022
1,"China, PR","Other Machinery, instrument, accessory",0,207573.07,0,180440.15,0,280261.74,0,287193.08,0,280230.77,0,243422.65,0,382573.77,0,423504.85,0,377706.68,0,370776.04,0,309330.99,0,337580.02,0,3680593.86,2022
1,"China, PR","Cameras and their parts",0,295571.18,0,245358.13,0,310637.61,0,314906.22,0,239375.77,0,199172.59,0,188391.94,0,414288.22,0,433372.82,0,471373.61,0,399176.08,0,298521.49,0,3810145.69,2022
1,"China, PR","Other base metals and products",0,24859.19,0,22854.75,0,35578.64,0,49522.91,0,46377.54,0,41903.61,0,31118.04,0,57169.04,0,31030.56,0,36182.24,0,50477.01,0,63372.92,0,490446.51,2022
1,"China, PR","Chemicals",0,66836.91,0,56248.37,0,50760.51,0,37050.32,0,67458.83,0,31680.37,0,53997.85,0,81167.07,0,47230.34,0,76377.92,0,41907.43,0,53525.9,0,664241.88,2022
1,"China, PR","Cashew nut",1817,11835.36,1326,9070.72,2740,17574.22,5845,37968.72,8685,56491.95,8076,47951.49,8385,44868.79,7900,43867.27,6073,35236.45,9024,51315.38,9630,52098.75,6000,32365.86,75501,440645.01,2022
1,"China, PR","Seafood",0,62295.02,0,81976.99,0,182402.03,0,206994.87,0,166341.27,0,128715.04,0,105491.7,0,138718.1,0,140240.26,0,136468.54,0,124523.26,0,99995.95,0,1574163.09,2022
1,"China, PR","Fresh and pocessed vegetables and fruit",0,148910.16,0,112330.1,0,194152.33,0,170422.81,0,96357.3,0,77522.46,0,77936.11,0,89868.07,0,91583.88,0,149672.26,0,164410.04,0,153831.52,0,1526997.11,2022
1,"China, PR","Textile, sewing products",0,111520.7,0,78508.14,0,101559.51,0,71780.69,0,77712.21,0,99253.7,0,121290.55,0,160763.68,0,103231.79,0,80198.45,0,109342.95,0,85818.82,0,1200981.25,2022
1,"China, PR","Paper and paper products",0,14709.24,0,21976.78,0,21110.19,0,24946.1,0,17052.68,0,23837.21,0,21516.73,0,27475.94,0,28603.22,0,35860.58,0,38706.42,0,40007.26,0,315802.41,2022
1,"China, PR","Footwear",0,137932.93,0,114484.31,0,145375.5,0,109783.1,0,158977.56,0,132627.31,0,133456.93,0,199479.48,0,96162.18,0,139065.61,0,169671.93,0,170514.41,0,1707531.3,2022
1,"China, PR","Wood and wooden products",0,134401.74,0,65567.01,0,153192.69,0,186762.4,0,209296.39,0,198212.07,0,211357.69,0,279689.9,0,185709.26,0,208626.26,0,159788.31,0,158884.67,0,2151488.46,2022
1,"China, PR","Rice",37006,18988.75,44878,21828.31,96317,50004.39,118740,64566.51,91675,47952.97,49992,24859.75,27617,14534.85,54220,26471.49,105567,50199.47,131563,63269.59,50372,25815.28,43002,23825.92,850949,432317.33,2022
1,"China, PR","Crude oil",39473,24474.84,37260,30944.61,53574.66,43407.21,55632.33,46105.28,0,0,0,0,39473,41065.71,40000,34386.41,32195,20080.83,0,0,0,0,0,0,297608,240464.91,2022
1,"China, PR","Electrical wire and cable",0,56909.57,0,68964.42,0,75877.36,0,61327.36,0,71961.89,0,84702.87,0,87250.51,0,92176.55,0,83692.49,0,114047.09,0,88915.54,0,82041.03,0,967866.72,2022
1,"China, PR","Clinkers and cement",1741534,69001.75,1874958,83214.41,2090698,81993.46,1150288,51390.59,205165,8737.8,79930,2958.7,56670,2416.27,332430,13212.42,78000,3269.09,226400,8874.21,580555,21487.27,292077,10474.04,8708705,357030.06,2022
1,"China, PR","Tea",159,179.91,75,120.04,55,106.16,303,570.53,755,1686.57,1168,2825.74,867,1405.98,556,1359.53,2040,2605.13,2394,2915.24,1420,2517.26,562,1705.64,10354,17997.78,2022
1,"China, PR","Plastic materials",15622,18293.43,14465,18915.02,29284,31736.02,23227,33611.37,26647,30235.07,31182,28098.16,21540,24980.02,56582,60052.26,25844,23591.25,20503,20002.61,55275,53011.27,47601,44506.65,367772,387033.17,2022
1,"China, PR","Rubber",143245,243812.66,67178,117153.57,69807,122234.27,45666,78977.91,76751,124580.35,133678,212529.2,140039,220099.6,163754,241358.35,149479,208042.82,177768,241729.51,208195,276418.08,224978,297489.85,1600538,2384426.21,2022
1,"China, PR","Coffee",1103,3405.53,2548,7800.24,4937,13829.56,5814,19262.63,4552,11523.3,2496,9474.54,3101,10132.14,1843,6804.05,2047,8822.32,3485,12346.31,5693,16103.45,5080,18330.27,42699,137834.37,2022
1,"China, PR","Chemical products",0,25365.28,0,25714.64,0,40861.62,0,45022.99,0,44317.38,0,43440.27,0,38004.6,0,44907.96,0,41654.58,0,41621.4,0,86172.54,0,50659.17,0,527742.5,2022
1,"China, PR","Sweets, cookies and cereal preparations",0,5012.42,0,3960.7,0,4706.23,0,5082.12,0,4839.86,0,5475.09,0,5220.7,0,6276.38,0,5774.68,0,6078.57,0,5854.28,0,5925.35,0,64206.44,2022
1,"China, PR","Telephones and their parts",0,956063.77,0,1266373.71,0,1459817.61,0,1056936.82,0,866531.36,0,840735.32,0,905714.56,0,1621975.04,0,1898655.64,0,2117060.33,0,1987229.51,0,1282996.82,0,16260090.54,2022
1,"China, PR","Toys, games and sports requisites; parts and accessories thereof",0,6784.49,0,5033.69,0,7665.96,0,7754.75,0,8143.95,0,9591.69,0,10533.9,0,17554.5,0,11322.29,0,15526.02,0,12903.52,0,8964.67,0,121779.48,2022
1,"India","Summary",30456,713171.04,26213,514286.26,42490,780227.11,24870,828722.74,28065,574705.75,58819,662006.58,29110,643342.65,54768,764775.44,31683,649361.21,30976,600382.82,31283,579229.47,151542,651616.44,540275,7961827.56,2022
1,"India","Fibres, not spun",1839,6275.58,1557,5121.46,2507,6499.88,2876,8928.06,4278,12727.35,8604,26669.05,3792,10878.79,4111,10893.16,3294,10309.19,2566,5585.05,3502,8318.34,4106,8790.76,43032,120996.73,2022
1,"India","Animal fodder and materials",0,1602.29,0,1210.52,0,3050.43,0,5764.55,0,4018.56,0,1666.42,0,854.73,0,1117.64,0,941.18,0,1019.23,0,1046.07,0,753.89,0,23045.56,2022
1,"India","Coal",0,0,0,0,9670,2956.58,63,32.19,61,24.89,9258,4665.68,0,0,0,0,0,0,0,0,0,0,0,0,19052,7679.35,2022
1,"India","Articles of rubber",0,1409.74,0,654.08,0,1165.02,0,1101.97,0,887.35,0,1200.3,0,1146.91,0,1302.38,0,1352.07,0,1198.24,0,1220.85,0,1180.76,0,13819.71,2022
1,"India","Iron, Steel",2306,5247.24,2238,4334.26,2678,5613.05,2493,5442.93,1824,3973.35,2856,5436.9,2400,4606.61,17797,14650.62,4194,8106.94,8090,11610.5,10917,15944.47,130058,86126.14,187851,171093.06,2022
1,"India","Articles of iron and steel",0,15623.77,0,8962.23,0,20574.02,0,17424.48,0,15722.8,0,17819.25,0,12699.44,0,16603.22,0,14380.46,0,14931.67,0,16685.33,0,18006.86,0,189433.58,2022
1,"India","Articles of plastics",0,9685.72,0,8663.4,0,12560.81,0,9421.82,0,6275.44,0,5718.97,0,9761.08,0,7901.72,0,6221.57,0,4960.61,0,6511.02,0,7692.51,0,95374.74,2022
1,"India","Rattan, bamboo and rush products",0,5243.67,0,3328.39,0,3148.96,0,4364.35,0,4147.78,0,2979.63,0,2206.1,0,2603.52,0,2479.57,0,1992.08,0,2882.49,0,4545.83,0,39922.43,2022
1,"India","Pottery and glasware",0,474.79,0,326.66,0,913.01,0,401.29,0,524.89,0,1267.03,0,695.01,0,793.87,0,554.94,0,187.21,0,670.74,0,318.4,0,7127.89,2022
1,"India","Means of transport and equipment",0,8829.3,0,27370.91,0,8836.99,0,11476.19,0,9905.44,0,8221.1,0,10671.8,0,11572.23,0,8814.43,0,9677.02,0,9270.48,0,15355.68,0,140001.63,2022
1,"India","Auxiliary materials for textile, garment, leather, footwear",0,10449.98,0,7182.94,0,15941.58,0,11519.29,0,11961.27,0,12989.4,0,11732.32,0,13321.78,0,12206.65,0,12045.43,0,12572.46,0,11678.37,0,143601.51,2022
1,"India","Computers, Electronical products & parts",0,65421.01,0,65105.66,0,92859.53,0,109116.62,0,79560.89,0,66496.36,0,80819.69,0,125131.74,0,102967.35,0,86178.91,0,73572.16,0,87312.67,0,1034542.66,2022
1,"India","Other Machinery, instrument, accessory",0,47098.73,0,41576.34,0,70203.61,0,63154.94,0,57918.31,0,55967.43,0,77048.79,0,100908.88,0,82855.08,0,73044.83,0,64816.32,0,69649.71,0,804243.01,2022
1,"India","Other base metals and products",0,73213.51,0,45971.88,0,61324,0,56796.94,0,49970.41,0,62919.17,0,48872.13,0,46873.36,0,48392.34,0,51797.48,0,60030.65,0,65512.83,0,671674.76,2022
1,"India","Chemicals",0,53719.6,0,24246.19,0,66671.68,0,79895.32,0,44770.61,0,54082.96,0,60153.64,0,44228.54,0,43274.55,0,48194.69,0,26754.81,0,39830.52,0,585823.17,2022
1,"India","Pepper",974,4447.02,840,3825.52,2084,9461.32,2690,11994.33,1705,7554.05,1113,4842.67,578,2569.49,737,3123.01,490,2014.55,188,794.12,421,1459.71,356,1267.04,12176,53352.88,2022
1,"India","Cashew nut",893,2802.74,158,976.19,378,2384.95,260,1631.17,343,1648.1,422,1943.96,85,584.55,435,1628.99,226,1322.81,187,835.82,17,85.6,146,773.19,3550,16618.11,2022
1,"India","Seafood",0,2967.47,0,1041.34,0,1673.31,0,1468.59,0,2197.03,0,3197.14,0,2223.05,0,2540.99,0,2539.3,0,2429.38,0,1997.88,0,1376.68,0,25652.24,2022
1,"India","Textile, sewing products",0,10603.4,0,6466.39,0,14241.59,0,12049.49,0,14451.34,0,17880.55,0,13242.99,0,15500.4,0,13792.9,0,12331.34,0,15417.6,0,12440.09,0,158418.12,2022
1,"India","Footwear",0,17615.46,0,11658.71,0,13785.97,0,17691.96,0,20235.01,0,21547.29,0,28054.81,0,25559.72,0,12425.07,0,16087.31,0,18441.04,0,20251.9,0,223354.32,2022
1,"India","Wood and wooden products",0,2634.45,0,815.08,0,1701.94,0,2663.22,0,1512.52,0,2528.57,0,2696.79,0,3199.26,0,3582.26,0,2998.93,0,3271.99,0,3842.67,0,31447.73,2022
1,"India","Tea",166,206.82,345,363.49,157,188.65,139,150.73,311,389.16,197,248.99,165,157.4,341,395.64,210,125.72,542,449.24,437,477.6,198,224.43,3208,3377.92,2022
1,"India","Plastic materials",9454,23008.52,12075,24544.46,15094,28828.49,4917,18482.52,8815,22843.11,18962,29490.22,3683,7166.59,12752,14498.16,10717,12805.71,8904,10666.62,7022,9748.5,11232,13361.28,123627,215444.22,2022
1,"India","Rubber",13279,23702.82,6911,12697.48,8576,16145.02,7922,14801.19,7009,12755.18,13132,23335.22,15650,26794.12,16249,26886.41,10146,15966.18,8076,11897.72,7040,9971.68,3832,5277.99,117822,200231.05,2022
1,"India","Coffee",1545,2921.33,2089,3625.16,1346,2655.91,3510,6615.41,3719,7244.08,4275,8443.84,2757,5332.12,2346,4677.83,2406,4594.44,2423,4508.9,1927,3708.68,1614,3077.14,29957,57404.9,2022
1,"India","Chemical products",0,12960.68,0,7534.13,0,10889.49,0,11454.2,0,9279.79,0,9852.51,0,11533.48,0,10471.52,0,9157.89,0,9833.75,0,8042.65,0,10177.68,0,121187.83,2022
1,"India","Sweets, cookies and cereal preparations",0,278.06,0,99.09,0,117.92,0,53.92,0,149.52,0,181.99,0,214.64,0,292.16,0,289.24,0,169.18,0,101.98,0,101.07,0,2048.81,2022
1,"India","Telephones and their parts",0,158070.56,0,122150.81,0,184362.07,0,237668.51,0,86964.73,0,70731.35,0,115695.43,0,140971.9,0,135561.94,0,102598.66,0,96897.18,0,70526.29,0,1522199.49,2022
1,"Ukraine","Summary",819,32508.14,615,11468.22,0,1363.57,22,1051.4,160,348.87,177,3532.46,35,2251.7,128,1277.67,116,2299.07,174,1538.85,171,4617.62,130,3382.98,2547,65640.6,2022
1,"Ukraine","Articles of plastics",0,476.73,0,101.12,0,33.72,0,0,0,0,0,0,0,47.75,0,44.61,0,0,0,0,0,0,0,47.81,0,751.76,2022
1,"Ukraine","Computers, Electronical products & parts",0,1998.77,0,1098.47,0,54.47,0,167.27,0,0,0,0,0,0,0,0,0,0,0,0.09,0,0,0,0,0,3319.08,2022
1,"Ukraine","Other Machinery, instrument, accessory",0,2682.69,0,692.52,0,0,0,34.65,0,0,0,0,0,0,0,296.2,0,133.49,0,0.3,0,932.6,0,120.09,0,4892.57,2022
1,"Ukraine","Pepper",24,114.72,0,0,0,0,0,0,0,0,14,63.28,0,0,0,0,0,0,0,0,0,0,0,0,38,178,2022
1,"Ukraine","Cashew nut",164,1080.62,123,726.75,0,0,0,0,0,0,0,0,0,0,0,0,0,0,0,0,0,0,0,0,287,1807.37,2022
1,"Ukraine","Seafood",0,3669.43,0,728.39,0,0,0,45.04,0,0,0,1064.52,0,370.98,0,145,0,553.34,0,186.11,0,464.51,0,543.2,0,7770.55,2022
1,"Ukraine","Vegetables and fruits",0,382.06,0,79.12,0,0,0,0,0,0,0,0,0,0,0,0,0,0,0,54.84,0,0,0,0,0,516.02,2022
1,"Ukraine","Textile, sewing products",0,471.35,0,225.43,0,207.48,0,175.61,0,0,0,514.06,0,230.94,0,48.5,0,71.91,0,84.17,0,478.35,0,199.28,0,2707.13,2022
1,"Ukraine","Footwear",0,1668.59,0,853.5,0,230.41,0,68.82,0,56.83,0,428.07,0,548.57,0,310.08,0,808.33,0,634.6,0,1497.07,0,2012.63,0,9117.54,2022
1,"Ukraine","Rice",95,90.44,0,0,0,0,0,0,0,0,53,29.16,22,22.3,0,0,44,41.5,0,0,43,38.67,0,0,257,222.08,2022
1,"Ukraine","Tea",86,144.08,20,36.22,0,0,22,24.53,160,277.79,110,152.34,13,31.5,128,192.44,72,138.95,155,231.44,128,204.65,90,149.04,984,1583.03,2022
1,"Ukraine","Rubber",79,154.58,0,0,0,0,0,0,0,0,0,0,0,0,0,0,0,0,0,0,0,0,0,0,79,154.58,2022
1,"Ukraine","Coffee",371,1153.33,472,1169.16,0,0,0,0,0,0,0,0,0,0,0,0,0,0,19,46.06,0,0,40,72.61,902,2441.18,2022
1,"Ukraine","Telephones and their parts",0,14688.34,0,4239.4,0,809.51,0,640.98,0,0,0,1971.31,0,150.25,0,0,0,0,0,48.65,0,0,0,0,0,22548.47,2022
2,"EU","Summary",208589,3301543.47,263238,3439454.29,269696,3687028.46,443681,3795437.43,380222,3603849.22,374385,3577097.28,336615,3913998.33,313893,3737936.51,167349,3514529.65,281358,3733130.52,215804,3746614.4,321389,3626420.3,3576219,43677041.17,2023
2,"EU","Fibres, not spun",1333,5599.68,1632,7348.59,1967,7440.62,2054,7419.59,2264,7277.04,1758,7044.1,1537,5905.44,2201,7318.89,1850,5826.68,2210,5238.87,2442,6543.79,2337,7121.22,23585,80084.61,2023
2,"EU","Pieces of cloth and other technical cloths",0,2441.46,0,3555.02,0,3652.39,0,2699.41,0,2668.87,0,2183.71,0,1532.95,0,1911.11,0,756.85,0,994.43,0,146.93,0,260.89,0,22804.08,2023
2,"EU","Bags, pockets, wallets, suitcases, hats and umbrellas",0,60386.64,0,49527.73,0,81701.77,0,85000.14,0,77903.06,0,68224.15,0,70206.19,0,71091.59,0,50811.75,0,69220.54,0,81141.52,0,72633.54,0,837849.12,2023
2,"EU","Coal",356,88.75,191,47.74,94,34.87,181,79.57,190,46,20713,8542.7,0,0,0,0,157,38.15,30285,10897.67,0,0,45,10.82,52212,19786.31,2023
2,"EU","Articles of rubber",0,5147.13,0,6288.35,0,9030.66,0,6668.21,0,7341.4,0,6700.61,0,7974.49,0,7946.35,0,6214.15,0,6179.09,0,7888.9,0,9443.75,0,86823.44,2023
2,"EU","Iron, Steel",127889,75838,157204,118737.43,154914,127157.32,346656,288270.89,295306,253045.82,277605,221981.29,264825,183331.05,253144,172888.08,125387,86192.64,201157,138951.03,136521,89860.35,206063,138730.26,2546671,1894984.34,2023
2,"EU","Articles of iron and steel",0,75648.43,0,48753.27,0,75729.3,0,51813.84,0,42201.39,0,44100.13,0,41701.67,0,51032.31,0,31685.74,0,36429.87,0,43156.15,0,37657.84,0,579910.55,2023
2,"EU","Articles of plastics",0,33481.84,0,38952.74,0,48027.75,0,42865.66,0,40585.34,0,39629.34,0,45187.39,0,51365.64,0,42374.4,0,48507.07,0,47511.58,0,51819.25,0,530308.61,2023
2,"EU","Other furniture products (excluding wooden furniture)",0,3316.87,0,2715.05,0,2019.96,0,1344.35,0,362.06,0,1538.41,0,283.23,0,632.26,0,1614.56,0,1887.97,0,3024.1,0,4232.06,0,22971,2023
2,"EU","Rattan, bamboo and rush products",0,12968.36,0,14328.25,0,17427.1,0,16704.79,0,14848.76,0,12820.15,0,11744.88,0,13517.76,0,10372.55,0,11889.07,0,20298.31,0,19312.91,0,176233.15,2023
2,"EU","Pottery and glasware",0,5401.18,0,3928.16,0,5934.72,0,5742.39,0,5159.13,0,4530.34,0,3657.4,0,4986.87,0,3665.46,0,5144.87,0,7259.66,0,6369.18,0,61779.75,2023
2,"EU","Means of transport and equipment",0,86351.75,0,115231.36,0,101712.93,0,102310.55,0,119310.36,0,74753.05,0,102323.32,0,93073.55,0,74814.9,0,74968.17,0,94495.91,0,109695.93,0,1149042.31,2023
2,"EU","Auxiliary materials for textile, garment, leather, footwear",0,11032.11,0,14053.3,0,17908.89,0,17760.58,0,16956.27,0,16990.74,0,19858.1,0,19970.56,0,14639.81,0,16653.56,0,14555.32,0,14330.6,0,194710.2,2023
2,"EU","Computers, Electronical products & parts",0,307509.15,0,440163.29,0,471969.8,0,413875.62,0,353994.7,0,428633.95,0,503958.07,0,554453.47,0,526728.26,0,474988.43,0,543357.55,0,507347.47,0,5526980.45,2023
2,"EU","Other Machinery, instrument, accessory",0,371835.77,0,471944.97,0,457964.62,0,422379.87,0,404549.38,0,420022.18,0,459251.28,0,462687.85,0,597096.2,0,506316.07,0,506399.5,0,463761.98,0,5544210.35,2023
2,"EU","Cameras and their parts",0,12232.83,0,16963.02,0,17056.12,0,24255.17,0,17451.18,0,14861.16,0,21606.13,0,14574.16,0,15396.36,0,12320.32,0,17311.98,0,11711.38,0,195739.9,2023
2,"EU","Other base metals and products",0,5813.95,0,14248.15,0,23872.83,0,13436.42,0,15048.78,0,10069.52,0,17112.34,0,8804.94,0,12470.28,0,11811.09,0,14965.05,0,17312.66,0,164966.2,2023
2,"EU","Chemicals",0,5083.97,0,7053.2,0,6116.52,0,4681.2,0,5611.62,0,4170.16,0,2914.46,0,4785.54,0,3120.87,0,4971.14,0,4233.99,0,10412.78,0,63155.53,2023
2,"EU","Pepper",1077,4070.52,1961,7845.66,2917,11922.28,2669,10477.16,2958,11998.18,2841,11790.16,2603,11077.2,2287,9576.37,1937,8442.01,2446,10442.43,2393,10336.94,2890,12626.44,28979,120605.66,2023
2,"EU","Cashew nut",4996,29767.43,6230,36645.99,8735,51588.37,8888,50648.12,9952,56819.86,11523,64922.86,12621,70195.32,12183,67623.08,9693,53120.15,11590,63120.93,9985,53631.83,9813,52790,116209,650874.27,2023
2,"EU","Seafood",0,52606.55,0,64868.73,0,85699.88,0,66818.97,0,73707.53,0,74248.15,0,80712.18,0,83278.03,0,69782.41,0,70559.78,0,69442.36,0,77816.19,0,869541.36,2023
2,"EU","Fresh and pocessed vegetables and fruit",0,15407.84,0,16927.96,0,17891.32,0,19798.68,0,23807.57,0,21421.07,0,18982.84,0,19598.62,0,20164.17,0,16375.94,0,17512.2,0,19770.8,0,227659.19,2023
2,"EU","Textile, sewing products",0,284314.74,0,208642.47,0,273894.89,0,326525.54,0,411123.19,0,371278.55,0,393958.93,0,320190.03,0,243075.36,0,305678.09,0,320027.38,0,305735.75,0,3764445.7,2023
2,"EU","Paper and paper products",0,377.36,0,267.56,0,298.1,0,275.9,0,405.77,0,354.04,0,319.62,0,468.77,0,180.63,0,180.02,0,104.09,0,248.47,0,3480.37,2023
2,"EU","Footwear",0,331411.34,0,313855.31,0,419823.4,0,471212.41,0,446793.58,0,433124.68,0,383793.71,0,328744.29,0,333201.98,0,442329.47,0,468409.24,0,450188.7,0,4822888.95,2023
2,"EU","Wood and wooden products",0,34989.54,0,38424.36,0,39818.81,0,27892.15,0,26873.76,0,25796.88,0,23356.29,0,33194.84,0,28040.61,0,40117.08,0,44560.38,0,61919.6,0,424985.04,2023
2,"EU","Rice",2125,1287.9,3707,2333.51,3328,2272.67,3905,2542.83,4946,3307.61,4198,2779.88,4764,3121.13,4403,3058.7,2937,2076.92,2724,1954.05,3289,2378.03,1623,1286.41,41949,28399.84,2023
2,"EU","Electrical wire and cable",0,577.55,0,1456.33,0,2233.93,0,1637.68,0,2428.14,0,3513.74,0,4893.13,0,6098.23,0,3820.15,0,2932.25,0,2098.94,0,4813.45,0,36503.63,2023
2,"EU","Tea",41,91.6,93,177.32,49,104.84,29,71.13,10,81.42,46,165.29,103,205.56,64,226.22,160,141.48,70,195.38,44,208.14,116,205.26,825,1873.74,2023
2,"EU","Plastic materials",4531,5104.84,8072,9231.65,13634,14823.27,13232,14973.79,7239,8484.53,3312,3724.18,4361,4968.79,5915,6332.28,6186,6577.37,13412,13641.3,15133,15416.93,10879,11125.76,105906,114404.78,2023
2,"EU","Rubber",4109,5713.19,5101,7888.43,4488,6865.73,2531,3796.63,3253,4636,4883,6865.95,4406,6124.23,5875,7853.94,4971,6811.27,6383,8806.91,5759,8426.3,7576,10721.92,59335,84510.85,2023
2,"EU","Coffee",62132,135050.06,79047,165028.83,79570,173656.74,63536,145480.99,54104,131912.96,47506,121744.71,41395,111256.89,27821,78511.61,14071,43425.1,11081,39605.09,40238,112898.87,80047,223165.2,600548,1481737.64,2023
2,"EU","Chemical products",0,859.41,0,1353.33,0,1889.23,0,912.9,0,1046.91,0,1108.35,0,1635.99,0,1401.18,0,1605.13,0,1252.16,0,875.73,0,1632.75,0,15573.18,2023
2,"EU","Sweets, cookies and cereal preparations",0,8883.58,0,11152.56,0,12201.85,0,11482.67,0,10386.85,0,10554.67,0,11227.49,0,11636.66,0,9539.49,0,13502.93,0,12089.17,0,14796.36,0,137454.57,2023
2,"EU","Telephones and their parts",0,801563.94,0,635802.17,0,492489.84,0,489830.3,0,349849.19,0,405291.05,0,695197.23,0,639115.99,0,626094.41,0,677425.64,0,568995.56,0,312174.28,0,6693830.25,2023
2,"EU","Toys, games and sports requisites; parts and accessories thereof",0,43388.56,0,58050.01,0,52816.89,0,33597.95,0,73662.47,0,81998.18,0,52119.89,0,35304.61,0,46938.31,0,24553.73,0,25026.86,0,23124.48,0,550582.32,2023
2,"EU","Precious stones, precious metals and their products",0,3449.25,0,7564.59,0,5090.51,0,4554.33,0,7730.39,0,5002.63,0,7742.83,0,10526.54,0,6002.05,0,9284.41,0,11307.52,0,8258.6,0,86513.84,2023
2,"ASEAN","Summary",1495566,2173989.2,2004336,2846428.92,2093163,3134799.68,2058135,2704063.79,1928443,2687044.95,1524484,2462019.71,2103298,2850481.57,2256797,3038955.41,1679469,2470423.06,1855121,2571544.6,1995655,2760364.38,1893478,2871120.04,22887945,32571235.77,2023
2,"ASEAN","Fibres, not spun",9675,28027.71,10350,34599.66,15057,36769.08,11598,32405.65,12583,35142.72,10923,30107.44,10243,27516.38,12267,32487.28,13270,35023.07,11245,30241.68,11159,29978.05,9472,25257.69,137842,377556.66,2023
2,"ASEAN","Petroleum oil, refined",66323,60102.5,76160,63133.69,104332,77765.12,86085,65218.86,84960,58060.35,76325,52877.26,77831,55082.96,80188,63466.7,39081,33391.95,37834,33648.46,127628,96074.79,176964,129207.56,1033711,788030.46,2023
2,"ASEAN","Pieces of cloth and other technical cloths",0,6041.3,0,4865.77,0,6218.61,0,4592.2,0,5702.52,0,6669.19,0,6394.96,0,7495.35,0,5733.17,0,5020.6,0,6035.08,0,4831.7,0,69600.53,2023
2,"ASEAN","Bags, pockets, wallets, suitcases, hats and umbrellas",0,3041.61,0,4065.17,0,4551.77,0,4219.26,0,4964.1,0,4239.4,0,5276.79,0,5139.47,0,4213.08,0,6412.79,0,6463.57,0,6644.74,0,59231.88,2023
2,"ASEAN","Animal fodder and materials",0,22318.2,0,27583.55,0,30989.74,0,31203.26,0,28886.88,0,26513.42,0,35258.74,0,34694.84,0,33828.89,0,28932.66,0,29774.88,0,24488.58,0,354473.98,2023
2,"ASEAN","Glass and glassware",0,39451.75,0,41505.83,0,48476.09,0,50272.72,0,28296.18,0,34424.88,0,53821.37,0,27821.83,0,22619.67,0,43251.54,0,45801.34,0,48894.21,0,484637.67,2023
2,"ASEAN","Coal",0,0,0,0,527,135.13,167,40.98,323,108.4,4164,1497,1976,625.7,8352,2669.02,307,72.61,28500,6412.5,32636,6251.59,498,117.99,77450,17930.97,2023
2,"ASEAN","Articles of rubber",0,4955.61,0,6203.31,0,6678.55,0,5325.92,0,5799.26,0,5883.09,0,5810.66,0,6184.19,0,5485.02,0,5252.49,0,6572.59,0,5881.47,0,70032.43,2023
2,"ASEAN","Iron, Steel",223025,152899.48,308975,217123.68,410104,298441.91,242979,184932.46,338787,244403.8,176345,130149.74,303370,201889.12,331648,216559.96,280322,184503.22,259044,169089.94,314149,198462.46,309408,200443.73,3498156,2398899.9,2023
2,"ASEAN","Casava and casava products",2401,1101.47,4748,2205.46,5308,2514.02,3220,1583.56,1267,670.49,1594,806.88,1916,1006.18,2049,1120.09,532,266.11,2300,1287.1,2882,1555.12,4535,2334.5,32752,16451.08,2023
2,"ASEAN","Articles of iron and steel",0,34915.82,0,41172.69,0,50983.31,0,43905.57,0,37387.16,0,34379.44,0,36816.36,0,37057.31,0,33344.59,0,31108.56,0,53454.57,0,35370.94,0,469896.73,2023
2,"ASEAN","Articles of plastics",0,34255.98,0,48482.05,0,51266.49,0,42992.73,0,44492.76,0,46413.79,0,46629.66,0,51111.69,0,46135.76,0,45510.37,0,48921.28,0,49366.97,0,555579.91,2023
2,"ASEAN","Other furniture products (excluding wooden furniture)",0,1019.91,0,1492.7,0,1656.06,0,724.55,0,1000.4,0,835.76,0,1230.6,0,1591.69,0,1102.13,0,1614.49,0,1528.92,0,1964.58,0,15762.01,2023
2,"ASEAN","Pottery and glasware",0,8511.96,0,8319.35,0,10615.16,0,10763.95,0,13227.3,0,11317.17,0,11470.28,0,11594.78,0,9966.69,0,10503.05,0,9728.54,0,11299.46,0,127318.05,2023
2,"ASEAN","Ores and other minerals",157408,3052.53,15475,2234.52,446,134.98,9150,704.98,56417,1589.97,3752,810.21,11128,1088.66,61188,1632.19,6876,1341.67,51113,1952.16,105009,1715.07,745,214.03,478707,16471.1,2023
2,"ASEAN","Means of transport and equipment",0,169827.12,0,220377.65,0,203722.24,0,190923.34,0,134836.04,0,188217.81,0,142813.45,0,178660.16,0,179092.94,0,109744.63,0,117937.45,0,132476.62,0,1968629.81,2023
2,"ASEAN","Fertilizers",46086,22326.27,55973,26884.2,71380,29521.32,66371,26083.94,100569,38815.19,80956,33248.43,67887,26496.03,94925,39436.29,64447,28363.67,44886,19587.92,51315,21191.23,110597,47816.29,855392,359771.06,2023
2,"ASEAN","Auxiliary materials for textile, garment, leather, footwear",0,42697.2,0,65094.08,0,77948.12,0,51084.36,0,51412.79,0,51442,0,55289.7,0,67757.69,0,58287.28,0,60795.25,0,56939.06,0,63853.3,0,702601.05,2023
2,"ASEAN","Computers, Electronical products & parts",0,180491.57,0,239180.27,0,214059.87,0,194249.65,0,155937.43,0,182358.73,0,187950.43,0,245364.22,0,234445.33,0,200990.53,0,231360.44,0,243051.67,0,2509440.35,2023
2,"ASEAN","Other Machinery, instrument, accessory",0,189553.26,0,255941.45,0,290317.93,0,254275.35,0,236268.04,0,256284.76,0,278601.6,0,282817.44,0,244548,0,266709.33,0,251013.57,0,268909.1,0,3075240.29,2023
2,"ASEAN","Cameras and their parts",0,1397.79,0,1551.25,0,977.52,0,2085.34,0,1121.74,0,1308.87,0,1088.48,0,1723.09,0,1774.52,0,1896.46,0,2060.74,0,1898.13,0,18883.98,2023
2,"ASEAN","Other base metals and products",0,49459.21,0,50317.05,0,49141.97,0,42424.49,0,40440.53,0,39602.09,0,31828.4,0,28655.12,0,26240.05,0,22909.28,0,28770.81,0,27835.05,0,437624.45,2023
2,"ASEAN","Chemicals",0,18273.08,0,34450.27,0,11976.48,0,22468.26,0,33136.04,0,35999.69,0,42587.59,0,34387.47,0,23830.59,0,23313.93,0,24257.52,0,49899.36,0,354580.66,2023
2,"ASEAN","Pepper",861,3158.71,1697,5424.68,1770,6281.36,1289,4629.43,1364,4877.4,1513,5845.14,1034,3925.86,1356,4784.48,1089,4228.53,1128,4121.01,1786,6726.69,1384,4832.27,16271,58835.77,2023
2,"ASEAN","Cashew nut",798,4431.4,961,5500.17,1399,7794.84,1098,6019.24,987,5433.82,1453,7613.83,1674,8321.36,1153,5823.27,1324,6026.47,1425,6753.9,1387,6579.2,1334,6547.57,14993,76845.25,2023
2,"ASEAN","Seafood",0,49503.84,0,53443.14,0,58903.33,0,53260.07,0,58167.94,0,51886.83,0,52636.47,0,60639.97,0,57702.61,0,65673.92,0,57098.88,0,49885.26,0,668802.6,2023
2,"ASEAN","Fresh and pocessed vegetables and fruit",0,14298.24,0,21936.7,0,25958.73,0,22670.62,0,17813.7,0,25262.36,0,30533.13,0,25309.86,0,31441.21,0,33292.48,0,22039.91,0,27154.33,0,297711.55,2023
2,"ASEAN","Textile, sewing products",0,113333.98,0,163666.26,0,186262.68,0,150331.73,0,155203.63,0,142361.8,0,146030.98,0,172828.53,0,147083.28,0,164918.75,0,162650.85,0,157527.05,0,1862199.96,2023
2,"ASEAN","Paper and paper products",0,37204.99,0,49583.98,0,56150.94,0,44929.18,0,46193.72,0,49481.48,0,48051.6,0,49187.06,0,42502.46,0,45431.9,0,48863.15,0,40418.25,0,557999.08,2023
2,"ASEAN","Footwear",0,29620.63,0,50978.5,0,35964.2,0,39195.48,0,57836.6,0,49434.88,0,43403.77,0,52250.86,0,35332.69,0,43981.34,0,53652.37,0,49105.23,0,540756.84,2023
2,"ASEAN","Wood and wooden products",0,13656.43,0,22136.63,0,27658.2,0,24165.69,0,20921.25,0,22542.92,0,24357.04,0,29095.28,0,24723.4,0,27168.51,0,26526.73,0,29420.46,0,292372.8,2023
2,"ASEAN","Rice",232970,114940.9,348249,176793.45,564901,282125.22,642629,320139.46,347101,178112.52,314341,161467.78,397062,208283.71,585600,339661.77,319135,195155.69,379570,237771.34,376786,248064.23,317866,215079.34,4826210,2677595.6,2023
2,"ASEAN","Crude oil",81795,54598.04,132366,93933.18,65788,47512.48,73487,30602.98,200453,135604.1,39474,25902.45,149650,93395.16,116629,79620.87,81167,64826.03,89245,71084.95,119204,82730.03,234805,162071.24,1384063,941881.55,2023
2,"ASEAN","Electrical wire and cable",0,23796.85,0,32837.55,0,37799.18,0,20192.68,0,26846.8,0,27152.79,0,30175.06,0,25341.25,0,24792.85,0,24203.71,0,23816.34,0,25722.52,0,322677.94,2023
2,"ASEAN","Clinkers and cement",630401,29011.56,995937,43758.57,800732,35788.63,877357,39714.12,730375,33797.28,766236,34685.52,1036166,44911.22,913473,40386.47,832193,35247.12,904970,38395.58,796705,33244.23,667027,27809.78,9951572,436750.25,2023
2,"ASEAN","Tea",474,604.8,1035,1013.12,942,1090.88,882,952.98,1021,936.32,1035,901.57,855,728.72,1084,1163.93,1369,1459.86,1245,1222.22,1608,1751.94,1222,1187.48,12772,13013.97,2023
2,"ASEAN","Plastic materials",35051,43853.58,41664,51801.43,32331,43192.45,25972,33115.98,33372,42021.17,32601,40813.69,30579,35959.41,35512,44344.68,26924,35311.23,30399,38072.22,34505,41157.35,37889,43870.15,396799,493513.71,2023
2,"ASEAN","Rubber",1491,2196.88,1947,3322.79,1894,3033.64,848,1412.83,1113,1744.09,1691,2665.95,2302,3550.06,2041,3383.01,2411,3320.42,2377,3301.46,2341,3577.8,2332,3534.89,22788,35043.97,2023
2,"ASEAN","Coffee",6807,22543.32,8799,29151.6,16252,48892.64,15003,48072.3,17751,53139.02,12081,41813.92,9625,36399.55,9332,38246.9,9022,33518.28,9840,39223.66,16555,56206.93,17400,61611.27,148467,508819.77,2023
2,"ASEAN","Chemical products",0,76498.61,0,94758.58,0,105452.21,0,88314.45,0,108327.32,0,77599.7,0,85794.32,0,114361.12,0,55381.13,0,88800.42,0,105846.66,0,104241.59,0,1105376.59,2023
2,"ASEAN","Sweets, cookies and cereal preparations",0,13343.32,0,17688.02,0,19437.06,0,16028.86,0,17269.18,0,16164.2,0,17279.41,0,17708.14,0,17347.34,0,18194.34,0,17243.77,0,17545.1,0,205249.17,2023
2,"ASEAN","Telephones and their parts",0,189132.98,0,183405.82,0,224325.38,0,199681.55,0,171890.97,0,160167.56,0,246499.45,0,194826.88,0,144195.88,0,110354.91,0,147944.99,0,118067.61,0,2090494.26,2023
2,"ASEAN","Toys, games and sports requisites; parts and accessories thereof",0,1051.8,0,1284.94,0,1583.4,0,1004.17,0,1172.29,0,1463.96,0,1232.03,0,1130.32,0,1190.98,0,1205.21,0,1414.7,0,1867.08,0,15600.97,2023
2,"ASEAN","Precious stones, metals and products",0,31.47,0,645.9,0,379.26,0,384.12,0,906.78,0,398.87,0,232.75,0,535.19,0,441.18,0,322.2,0,450.86,0,388.39,0,5117.01,2023
2,"United States","Summary",56923,6150865.07,99395,6876398.66,118014,7736925.75,130622,7879481.99,133565,7673966.58,229418,8103661.59,158410,8674976.96,163153,9022098.62,107265,8115916.95,80141,9015154.42,130972,8629265.73,212070,9141463.76,1619948,97020176.14,2023
2,"United States","Fibres, not spun",4745,7307.77,4900,10107.89,10068,12412.68,9092,12356.44,10875,14706.5,10879,15574.24,8766,13651.48,8038,11430.51,8120,11401.1,8769,12199.43,9499,12618.09,11739,13614.51,105490,147380.69,2023
2,"United States","Petroleum oil, refined",0,0,0,0,0,0,0,0,0,0,0,0,0,0,0,0,0,0,0,0,0,0,0,0,0,0,2023
2,"United States","Pieces of cloth and other technical cloths",0,16541,0,15940.12,0,15912.41,0,13189.87,0,10932.13,0,10406.76,0,11965.3,0,13305.54,0,12086.6,0,15004.47,0,15962.9,0,15014.41,0,166261.56,2023
2,"United States","Bags, pockets, wallets, suitcases, hats and umbrellas",0,100230.96,0,90340.46,0,113839.15,0,134023.92,0,140123.62,0,137373.87,0,154357.6,0,155754.57,0,101221.11,0,124447.76,0,143748.14,0,137913.93,0,1533375.14,2023
2,"United States","Animal fodder and materials",0,2341.11,0,2953.07,0,5601.64,0,7222.28,0,7377.88,0,7672.69,0,8504.24,0,11547.33,0,7538.46,0,10784.84,0,10589.59,0,8365.42,0,90498.6,2023
2,"United States","Glass and glassware",0,4496.82,0,6889.27,0,8421.19,0,8550.68,0,8428.44,0,7394.88,0,9743.39,0,15190.35,0,10207.77,0,10418.23,0,12754.59,0,10023.14,0,112518.8,2023
2,"United States","Articles of rubber",0,16747.08,0,25987.89,0,26299.85,0,29916.77,0,31372.63,0,32167.28,0,34960.69,0,32706.23,0,27317.49,0,32240.58,0,30619.83,0,32038.3,0,352374.67,2023
2,"United States","Iron, Steel",26917,24744.23,64235,46952.94,70903,51139.53,83872,70621.39,50844,50837.76,177896,142579.3,117123,95616.89,124909,84885.83,74291,55369.62,43236,45336.22,84534,64988.93,158652,118814.82,1077412,851887.51,2023
2,"United States","Articles of iron and steel",0,88112.14,0,81753.81,0,98133.9,0,100851.54,0,90257.37,0,107442.78,0,94251.84,0,100750.3,0,95914.87,0,94936.83,0,97692.71,0,107732.26,0,1157830.39,2023
2,"United States","Articles of plastics",0,126979.09,0,126910.57,0,165589.86,0,185369.77,0,177187.14,0,172867.11,0,180894.37,0,182870.02,0,174905.06,0,209069.54,0,223444.99,0,237876.71,0,2163964.28,2023
2,"United States","Rattan, bamboo and rush products",0,15088.76,0,19359.37,0,22395.19,0,23091.08,0,24453.6,0,29600.53,0,27739.99,0,24270.04,0,17796.46,0,21372.3,0,22545.26,0,27293.18,0,275005.8,2023
2,"United States","Pottery and glasware",0,9461.12,0,9229.46,0,8248.38,0,8470.4,0,6912.06,0,9654.19,0,9582.63,0,11434.18,0,12273.85,0,14916.21,0,16351.67,0,15832.75,0,132366.96,2023
2,"United States","Means of transport and equipment",0,149795.32,0,192344.15,0,209825.67,0,277260.74,0,235762.31,0,238389.44,0,258234.42,0,271233.65,0,242060.78,0,289504.54,0,256321.73,0,262178.84,0,2882911.64,2023
2,"United States","Auxiliary materials for textile, garment, leather, footwear",0,8106.25,0,9748.73,0,13298.33,0,14681.14,0,13943.15,0,13544.73,0,14034.63,0,11913.99,0,12725.02,0,10694.28,0,10813.74,0,13052.42,0,146556.47,2023
2,"United States","Computers, Electronical products & parts",0,1031697.41,0,1170450.94,0,1354845.08,0,1172031.94,0,1231550.54,0,1398044.31,0,1388158.7,0,1528961.85,0,1546890.27,0,1682028.35,0,1690509.23,0,1825642.15,0,17020810.82,2023
2,"United States","Other Machinery, instrument, accessory",0,1248054.95,0,1277297.26,0,1462898.18,0,1343530.72,0,1296490.27,0,1303429.54,0,1366377.91,0,1403479.93,0,1806474.61,0,2183479.52,0,1776322.83,0,1731479.28,0,18199315.06,2023
2,"United States","Cameras and their parts",0,38111.99,0,46806.4,0,70252.38,0,74385.69,0,93657.24,0,94566.66,0,77230.89,0,111773.97,0,93885.7,0,93242.55,0,80791.93,0,80614.45,0,955319.9,2023
2,"United States","Other base metals and products",0,36664.31,0,40954.09,0,45005.08,0,43057.63,0,43492.18,0,45988.28,0,52570.87,0,70059.21,0,57841.38,0,61636.24,0,63207.69,0,71917.99,0,632395,2023
2,"United States","Chemicals",0,4173.58,0,6574.38,0,6120.45,0,5898.49,0,4808.81,0,4538.18,0,4922.95,0,5342.11,0,3815.66,0,5554.23,0,3812.32,0,5437.43,0,60998.64,2023
2,"United States","Pepper",3320,14035.59,3652,14264.98,4781,18761.04,3871,15455.91,5460,21473.51,4774,19154.12,3374,14189.81,4496,17896.64,4344,17280.18,5183,20577.71,5528,23251.84,6248,25026.53,55031,221367.91,2023
2,"United States","Cashew nut",7216,41296.16,8642,50244.49,13073,77466.75,13927,81210.68,14820,85266,16771,96709.99,14454,79808.09,14793,79743.11,12065,64463.7,14044,76755.05,14475,77897.58,14218,74685.81,158498,885547.47,2023
2,"United States","Seafood",0,68119.72,0,86389.48,0,128457.94,0,128712.3,0,150839.58,0,143277.33,0,148364.82,0,165248.9,0,149761.15,0,144859.57,0,131466.09,0,113348.87,0,1558845.8,2023
2,"United States","Fresh and pocessed vegetables and fruit",0,12264.43,0,19555.51,0,20061.48,0,20777.13,0,23625.86,0,21886.46,0,22287.68,0,27502.14,0,20998.48,0,23045.65,0,21033.11,0,24732.57,0,257770.54,2023
2,"United States","Textile, sewing products",0,991945.45,0,963325.67,0,1093785.17,0,1120054.19,0,1328959.92,0,1457439.35,0,1507339.65,0,1534149.94,0,1011870.89,0,1006549.26,0,1149602.99,0,1301717.11,0,14466739.62,2023
2,"United States","Paper and paper products",0,29155.36,0,27221.76,0,45454.16,0,60337.69,0,50242.68,0,40221.1,0,43916.17,0,66044.81,0,47339.12,0,35570.93,0,34048.01,0,37323.01,0,516874.84,2023
2,"United States","Footwear",0,439316.9,0,450263.15,0,530050.11,0,683646.27,0,646991,0,591074.28,0,752906.7,0,670015.83,0,475674.54,0,586254.69,0,669062.85,0,667023.7,0,7162280.06,2023
2,"United States","Wood and wooden products",0,367251.75,0,417357.12,0,603177.82,0,632606.18,0,625623.82,0,622185.85,0,610130.1,0,674237.59,0,615822.89,0,704460.86,0,685430.76,0,746789.99,0,7305074.78,2023
2,"United States","Rice",1679,1253.78,2445,1869.11,2916,2211.73,3645,2578.41,2757,1902.44,2895,2240.95,3163,2369.31,3351,2784.83,3584,3066.81,3462,2964.2,3029,2603.49,2912,2615.09,35838,28460.2,2023
2,"United States","Crude oil",0,0,0,0,0,0,0,0,36284,23782.51,0,0,0,0,0,0,0,0,0,0,0,0,0,0,36284,23782.51,2023
2,"United States","Electrical wire and cable",0,54782.77,0,52817.81,0,63445.07,0,65614.25,0,56308.12,0,74789.77,0,72903.76,0,80685.45,0,75212.13,0,85048.52,0,70668.65,0,70260.95,0,822537.32,2023
2,"United States","Tea",314,404.09,296,393.11,432,545.98,513,655.21,602,758.77,343,442.64,468,656.93,611,806.93,480,614.88,738,971.86,455,642.25,571,837.32,5823,7730.02,2023
2,"United States","Rubber",1831,2246,1988,2759.9,541,800.81,1085,1591.36,1485,2151.47,2627,3856.34,2242,2880.86,2986,3894.4,2789,3698.91,2950,3936.51,3208,4632.9,3094,4334.22,26826,36783.72,2023
2,"United States","Coffee",10901,22400.36,13237,29266.74,15300,34522.75,14617,33862.76,10438,25227.01,13233,34831.48,8820,22222.71,3969,11419.11,1592,5162.24,1759,6307.78,10244,28065.44,14636,39707.99,118746,292996.41,2023
2,"United States","Chemical products",0,5087.25,0,5327.65,0,5365.87,0,6326.38,0,5918.41,0,5220.22,0,4986.4,0,5335.67,0,4658.1,0,6490.39,0,8078.04,0,7359.22,0,70153.65,2023
2,"United States","Sweets, cookies and cereal preparations",0,6281.46,0,9481.08,0,15095.29,0,13636.05,0,13822.82,0,13405.58,0,12220.24,0,11997.91,0,10588.04,0,14921.52,0,16323.79,0,14587.37,0,152361.19,2023
2,"United States","Telephones and their parts",0,657850.1,0,969279.41,0,717817.48,0,787900.81,0,469803.36,0,479259.72,0,827034.01,0,728432.75,0,581384.12,0,653073.21,0,471139.31,0,561601.42,0,7904575.74,2023
2,"United States","Toys, games and sports requisites; parts and accessories thereof",0,139831.02,0,128591.48,0,138634.58,0,136967.72,0,109523.3,0,119164.64,0,170466.59,0,204464.51,0,145971.27,0,126256.49,0,102460.85,0,112940.91,0,1635273.41,2023
2,"United States","Precious stones, precious metals and their products",0,30371.62,0,49165.74,0,55889.08,0,46600.99,0,51601.31,0,33790.57,0,35389.86,0,27035.58,0,25589.48,0,29164.22,0,32903.2,0,22505.93,0,440007.63,2023
2,"Japan","Summary",25279,1538420.4,71238,1816217.64,62605,1999819.7,59478,1975214.95,45777,1781989.33,175857,1950202.72,127583,2024151.54,117087,2162886.86,231705,1942634.07,84252,2042475.27,92485,2078290.18,159206,2002318.86,1252552,23314621.56,2023
2,"Japan","Fibres, not spun",2340,5618.43,2600,7989.61,4497,10332.03,3087,7774.8,3343,8493.12,3162,8643,3084,9059.99,3615,8894.05,3358,8069.97,3724,8944.1,4275,10247.03,3335,8754.05,40420,102820.24,2023
2,"Japan","Pieces of cloth and other technical cloths",0,3366.58,0,4038.73,0,4410.76,0,4403.75,0,3693.78,0,2868.95,0,3355.22,0,3195.09,0,4567.93,0,4073.36,0,4250,0,4871.59,0,47095.78,2023
2,"Japan","Bags, pockets, wallets, suitcases, hats and umbrellas",0,33943.59,0,28602.83,0,32015.91,0,24754.15,0,27435.65,0,36277.1,0,31885.03,0,26631.23,0,23091.06,0,30557.33,0,30167.32,0,43114.65,0,368475.9,2023
2,"Japan","Animal fodder and materials",0,1837.66,0,1950.64,0,2381.03,0,1935.76,0,1713.2,0,2032.13,0,1739.39,0,2080.98,0,2374.89,0,2480.14,0,2741.35,0,2436.75,0,25703.96,2023
2,"Japan","Glass and glassware",0,808.11,0,1291.74,0,983.64,0,1283.92,0,2707.78,0,4729.06,0,3290.75,0,2129.7,0,2185.74,0,3684.39,0,2654.8,0,1147.45,0,26897.14,2023
2,"Japan","Coal",140,38.17,223,90.34,0,0,0,0,6663,3005.01,88050,30583.98,0,0,29177,8511.46,121182,38896.54,38906,9073.9,55320,13108.55,103506,29528.6,443167,132836.59,2023
2,"Japan","Articles of rubber",0,11986.16,0,16295.6,0,16628.59,0,14329.14,0,13646.34,0,14719.26,0,14172.06,0,15960.5,0,14239.19,0,15293.63,0,14342.71,0,13942.21,0,175555.44,2023
2,"Japan","Iron, Steel",2848,4159.75,5086,6417.14,15466,12751.74,7364,7488.59,7314,7300.34,10418,9018.31,7439,7018.02,4592,5531.42,7546,6680.55,10528,8546.73,7630,6982.17,11130,8933.4,97361,90828.2,2023
2,"Japan","Casava and casava products",367,174.42,904,452.55,493,248.96,518,284.94,127,83.12,0,0,0,0,0,0,0,0,1103,613.57,1007,572.72,19,11.76,4538,2442.09,2023
2,"Japan","Articles of iron and steel",0,39820.91,0,49511.9,0,55498.31,0,60902.72,0,40938.06,0,49342.87,0,45822.15,0,52940.48,0,46441.82,0,49812.32,0,50823.66,0,47799.33,0,589654.58,2023
2,"Japan","Articles of plastics",0,48046.34,0,60657.02,0,64304.71,0,55401.69,0,54785.77,0,55955.69,0,55388.67,0,64555.87,0,53152.65,0,58314.07,0,60670.78,0,55632.31,0,686865.62,2023
2,"Japan","Rattan, bamboo and rush products",0,3592.41,0,5173.84,0,4779.61,0,4115.03,0,3967.53,0,5204.44,0,5341.18,0,9906.46,0,9067.45,0,8135.37,0,6999.36,0,5036.22,0,71318.95,2023
2,"Japan","Pottery and glasware",0,7829.97,0,9232.69,0,8640.07,0,8014.99,0,7918.59,0,7983.53,0,6728.06,0,7565.25,0,7169.56,0,7542.62,0,6587.17,0,8316.33,0,93528.87,2023
2,"Japan","Ores and other minerals",3501,1295.79,5696,766.24,17146,2446.04,26129,3083.11,5338,683.74,10233,2364.81,9413,1915.82,5457,742.78,8884,185.58,9478,1881.15,5503,519.17,8556,135,115334,16019.29,2023
2,"Japan","Means of transport and equipment",0,191892.71,0,220567.35,0,249988.27,0,215817.29,0,240678.16,0,255338.86,0,238199.39,0,279327.33,0,250845.92,0,275428.29,0,268797.86,0,253648.09,0,2940529.56,2023
2,"Japan","Fertilizers",1256,629.74,554,259.69,258,113.91,602,280.39,220,101.2,554,204.51,240,96.92,781,282.95,1444,521.66,486,237.95,520,245.3,2603,1150.71,9518,4124.98,2023
2,"Japan","Auxiliary materials for textile, garment, leather, footwear",0,11521.81,0,13412.74,0,14231.04,0,13688.07,0,12554.77,0,12763.97,0,12955.11,0,13291.84,0,11522.65,0,11682.87,0,11702.78,0,10782.83,0,150110.54,2023
2,"Japan","Computers, Electronical products & parts",0,81870.23,0,86817.25,0,91553.47,0,74551.14,0,83765.63,0,84944.45,0,90007.48,0,91520.62,0,84685.9,0,92555.81,0,95498.91,0,102585.09,0,1060356.03,2023
2,"Japan","Other Machinery, instrument, accessory",0,191551.65,0,233675.17,0,237658.06,0,226832.17,0,212057.67,0,225705.57,0,256164.6,0,194350.45,0,245490.21,0,248742.65,0,239947.98,0,236592.2,0,2748768.43,2023
2,"Japan","Cameras and their parts",0,8387.9,0,8373.16,0,8236.26,0,7294.9,0,8897.97,0,8780.65,0,7630.54,0,10033.43,0,7343.63,0,9531.89,0,8471.74,0,8981.4,0,101963.53,2023
2,"Japan","Other base metals and products",0,21180.73,0,27891.04,0,31344.23,0,30830.37,0,31850.52,0,28159.04,0,28098.18,0,27375.9,0,25721.54,0,23501.71,0,25721.79,0,25159.79,0,326834.9,2023
2,"Japan","Chemicals",0,34082.08,0,36429.99,0,39955.65,0,30359.9,0,30189.51,0,32100.08,0,24761.88,0,32083.57,0,25283.84,0,26700.98,0,30093.44,0,18682.76,0,360723.74,2023
2,"Japan","Pepper",305,1067.69,392,1190.31,338,1331.99,417,957.62,394,1079.02,286,893.6,180,624.79,204,843.15,524,1876.04,496,1714.17,411,1408.83,333,1213.62,4280,14200.89,2023
2,"Japan","Cashew nut",552,3655.08,732,4503.61,890,5786.69,805,5253.44,757,4725.58,1056,6488.69,678,4153.92,894,5365.72,722,4438.13,781,4648.25,794,4415.67,729,4305.43,9390,57740.26,2023
2,"Japan","Seafood",0,91189.91,0,95269.98,0,135654.68,0,121736.96,0,136431.64,0,132240.94,0,126442.08,0,134968.81,0,129214.42,0,143937.78,0,144674.2,0,123930,0,1515691.45,2023
2,"Japan","Fresh and pocessed vegetables and fruit",0,11016.03,0,12303.31,0,16377.68,0,14645.96,0,17161.77,0,15800.6,0,18320.47,0,17188.89,0,12484.69,0,15260.66,0,13659.68,0,11951.75,0,176171.55,2023
2,"Japan","Textile, sewing products",0,248852.2,0,287784.24,0,323875.22,0,268930.21,0,294979.98,0,327320.21,0,411784.55,0,415085.29,0,360109.49,0,376574.7,0,396078.01,0,344781.3,0,4056155.45,2023
2,"Japan","Paper and paper products",0,5048.4,0,5876.93,0,6261.98,0,5870.62,0,5548.88,0,6100.12,0,5846.84,0,6057.16,0,5185.94,0,7461.38,0,6892,0,6118.83,0,72269.13,2023
2,"Japan","Footwear",0,98642.24,0,99503.26,0,78843.2,0,75039.57,0,86571.03,0,102094.98,0,95644.56,0,90363.55,0,60063.28,0,77104.28,0,82513.5,0,101927.47,0,1048310.98,2023
2,"Japan","Wood and wooden products",0,129120.32,0,141108.23,0,158242.6,0,127782.08,0,121561.8,0,135009.35,0,133895.15,0,171114.11,0,140982.4,0,130463,0,131699.89,0,149493.63,0,1670472.61,2023
2,"Japan","Crude oil",0,0,35686,22947.64,0,0,0,0,0,0,40542,25505.46,87701,53788.28,52632,38034,73821,53904.7,0,0,0,0,0,0,290382,194180.1,2023
2,"Japan","Electrical wire and cable",0,27652.77,0,36451.52,0,40321.36,0,35892.32,0,31928.17,0,33046.16,0,34343.85,0,35030.91,0,30491.31,0,32440.93,0,30889.7,0,28029.52,0,396518.59,2023
2,"Japan","Plastic materials",7518,8447.79,9099,10292.26,11495,13366.49,8897,10450.67,10056,11443.82,9185,9898.86,8335,9002.5,9772,10622.4,8715,9434.45,13411,13887.85,9278,9726.28,11008,11749.54,116769,128322.97,2023
2,"Japan","Rubber",606,918.44,898,1410.2,482,856.24,616,985.11,680,1071.95,820,1271.94,780,1196.94,859,1272.6,836,1262.18,1012,1584.01,1520,2443.7,1281,2065.08,10390,16338.43,2023
2,"Japan","Coffee",5846,14888.85,9368,24384.92,11540,30153.08,11043,28900.56,10885,30259.84,11551,32619.55,9733,29957.39,9104,28518.39,4673,16765.88,4327,16054.04,6227,19271.42,16706,47240.67,111003,319014.62,2023
2,"Japan","Chemical products",0,9135.49,0,11609.82,0,11427.82,0,10679.59,0,10687.97,0,9706.55,0,9455.17,0,11875.66,0,9519.12,0,9177.76,0,11300.67,0,8979.53,0,123555.21,2023
2,"Japan","Sweets, cookies and cereal preparations",0,3874.5,0,5284.7,0,5961.59,0,6463.16,0,7438.29,0,7075.95,0,7339.63,0,7756.06,0,8231.21,0,8579.96,0,9327.14,0,7416.6,0,84748.83,2023
2,"Japan","Telephones and their parts",0,42616.8,0,30176.1,0,119605.62,0,299974.22,0,71790.36,0,85517.99,0,67757.05,0,71514.81,0,90761.76,0,72280.32,0,83510.21,0,80332.12,0,1115837.41,2023
2,"Japan","Toys, games and sports requisites; parts and accessories thereof",0,41301.95,0,45857.81,0,56045.71,0,54216.36,0,39620.68,0,46108.8,0,58888.44,0,83496.23,0,60435.63,0,79861.38,0,61049.25,0,55244.99,0,682127.28,2023
2,"Japan","Precious stones, precious metals and their products",0,4967.8,0,6211.57,0,5682.44,0,5924.35,0,6171.21,0,5732.57,0,5903.11,0,4883.07,0,5470.56,0,7407.83,0,7451.32,0,5035.23,0,70841.12,2023
2,"Korea","Summary",155200,1693837.78,204419,2100513.12,151074,2058067,135302,1723158.97,133675,1616981.34,131721,1857630.98,72281,2124546.21,171978,2352079.76,74571,2168919.94,148631,1955524.21,215111,1846482.39,111672,2000785.4,1705635,23498527.16,2023
2,"Korea","Fibres, not spun",10672,29695.95,10776,41644.76,15612,34269.38,11154,31562.11,11184,30079.96,9802,26047.61,10984,29941.99,10835,30042.73,10861,30790.43,13380,36459.52,11821,32089.02,11713,31836.55,138794,384460.06,2023
2,"Korea","Petroleum oil, refined",16409,12984.95,12675,16550.04,24062,23426.08,14508,13146.71,11119,9814.64,16685,14086.66,18062,14225.51,14583,11987.12,25983,24658.06,18190,19038.35,26751,27787.08,21748,21254.1,220775,208959.35,2023
2,"Korea","Pieces of cloth and other technical cloths",0,6954.94,0,6147.13,0,5608.14,0,6969.6,0,5175.41,0,3949.68,0,4622.26,0,5231.43,0,3780.78,0,5042,0,3611.27,0,5539.34,0,62632.01,2023
2,"Korea","Bags, pockets, wallets, suitcases, hats and umbrellas",0,12735.48,0,12664.31,0,12933.93,0,9394.24,0,9122.85,0,11222.44,0,15107.51,0,12708.17,0,7028.65,0,8737.95,0,13452.95,0,17440.49,0,142549.02,2023
2,"Korea","Animal fodder and materials",0,1413.45,0,2245.62,0,3092.65,0,2170.61,0,1547.7,0,2068.17,0,2887.09,0,2012.58,0,2105.31,0,2220.18,0,900.71,0,2610.33,0,25274.44,2023
2,"Korea","Glass and glassware",0,1024.97,0,1551.19,0,1983,0,1113.26,0,1542.78,0,1386.25,0,1019.39,0,1869.22,0,1253.43,0,1313.8,0,979.26,0,920.24,0,15956.82,2023
2,"Korea","Coal",0,0,60,27.6,0,0,164,39.69,11063,3910.13,0,0,0,0,95,22.52,316,91.45,0,0,11000,2799.84,0,10.52,22698,6901.77,2023
2,"Korea","Articles of rubber",0,5642.66,0,8288.06,0,9425.64,0,8122.9,0,7515.1,0,7815.59,0,7945.15,0,7490.26,0,7033.51,0,8393.78,0,8493.61,0,7818.1,0,93984.39,2023
2,"Korea","Iron, Steel",15128,20297.08,33732,47723.32,20110,31663.98,29067,40055.14,25182,31382.21,28259,39519.83,31848,39083.94,31262,38032.97,26456,30961.2,31743,35707.13,37691,40474.3,33032,35447.32,343510,430348.48,2023
2,"Korea","Casava and casava products",612,291.99,10446,4117.98,25776,9225.62,15670,6153.1,13106,4536.83,12990,5317.49,629,261.74,831,351.01,340,182.85,15744,5098.82,11427,4160.39,1111,474.22,108682,40172.1,2023
2,"Korea","Articles of iron and steel",0,11502.99,0,13927.41,0,16298.74,0,13815.05,0,14646.1,0,17563.39,0,19895.87,0,20557.47,0,17446.72,0,15925.25,0,16161.68,0,15342.02,0,193082.73,2023
2,"Korea","Articles of plastics",0,19923.48,0,24277.49,0,28282.52,0,23893.21,0,23556.01,0,25985.22,0,29218.98,0,29086.52,0,23483.6,0,26805.61,0,28801.54,0,23969.75,0,307283.98,2023
2,"Korea","Rattan, bamboo and rush products",0,851.39,0,1301.93,0,2087.37,0,2561.65,0,1695.41,0,1855.66,0,1404.5,0,1633.54,0,1266.4,0,1795.27,0,1704.7,0,1366.96,0,19524.85,2023
2,"Korea","Pottery and glasware",0,2287.06,0,2035.24,0,3345.47,0,3426.71,0,2595.24,0,3586.76,0,2185.74,0,2876.91,0,2939.92,0,2068.01,0,2766.6,0,2279.39,0,32393.1,2023
2,"Korea","Ores and other minerals",101420,912.69,56981,577.51,51625,841.18,52384,573.15,53103,648.25,52177,659.28,44,73.79,103527,1440.24,44,96.81,50553,563.99,102982,1141.3,1836,143.84,626676,7672.09,2023
2,"Korea","Means of transport and equipment",0,67273.91,0,83296.32,0,104454.64,0,100684.92,0,100564.09,0,156098.21,0,98252.24,0,96541.67,0,146361.35,0,95267.46,0,99547.54,0,99965.85,0,1248308.24,2023
2,"Korea","Fertilizers",4352,1647.61,35777,13755.08,4289,1363.58,3320,816.9,100,36.5,240,124.79,406,190.18,541,245.4,1495,658.01,9344,3999.64,500,210.07,28933,11981.34,89297,35029.14,2023
2,"Korea","Auxiliary materials for textile, garment, leather, footwear",0,7239.19,0,7244.59,0,9071.38,0,8186.38,0,8542.91,0,8812.74,0,10025,0,10477.56,0,6637.78,0,9633.76,0,8383.07,0,9939.3,0,104193.71,2023
2,"Korea","Computers, Electronical products & parts",0,352835.71,0,551315.8,0,387243.84,0,330022.67,0,291723.91,0,310609.36,0,358831.69,0,461093.84,0,523322.42,0,424463.46,0,391889.01,0,443572.32,0,4826924.08,2023
2,"Korea","Other Machinery, instrument, accessory",0,197075.83,0,220119,0,228369.14,0,226583.81,0,243027.26,0,221190.12,0,268767.69,0,248114.75,0,216844.89,0,241667.23,0,213216.29,0,232846.98,0,2757823.05,2023
2,"Korea","Cameras and their parts",0,40473.72,0,35270.53,0,46012.52,0,39850.18,0,41916.36,0,40622.06,0,43853.57,0,46292.48,0,47143.31,0,47649.92,0,49757.07,0,45549.82,0,524391.57,2023
2,"Korea","Other base metals and products",0,21518.59,0,26952.89,0,30968.69,0,26490.52,0,27830.29,0,27083.08,0,26927.03,0,30224.5,0,30475.53,0,38884.81,0,34682.3,0,31595.67,0,353633.96,2023
2,"Korea","Chemicals",0,8852.81,0,14531.27,0,16604.76,0,15470.88,0,15502.27,0,12924.9,0,10846.51,0,13933.06,0,13275.6,0,8059.63,0,12172.27,0,14824.2,0,156998.22,2023
2,"Korea","Pepper",235,1029.54,276,1130.82,263,1088.44,293,1058.68,219,833.84,814,3319.46,594,2333.37,672,2630.48,504,1980.07,524,1978.84,629,2411.92,628,2312.31,5651,22107.83,2023
2,"Korea","Seafood",0,49367.85,0,54755.54,0,67397.46,0,59613.7,0,62279.68,0,62956.59,0,64645.79,0,74635.65,0,72719.22,0,72325.6,0,78840.17,0,71249.5,0,790786.82,2023
2,"Korea","Fresh and pocessed vegetables and fruit",0,10055.06,0,16937.85,0,19977.97,0,18935.93,0,20465,0,19798.55,0,18906.96,0,22616.34,0,18002.18,0,21660.49,0,18950.25,0,19499.58,0,225806.21,2023
2,"Korea","Textile, sewing products",0,244480.33,0,260604.87,0,291790.26,0,193531.78,0,151948.26,0,196958.55,0,289278.58,0,451861.1,0,349986.05,0,235519.1,0,153608.71,0,227007.27,0,3046574.92,2023
2,"Korea","Paper and paper products",0,4225.53,0,4545.23,0,5051.92,0,3340.24,0,4172.3,0,4314.36,0,4664.72,0,4570.07,0,4209.84,0,4499.35,0,3603.13,0,3843.9,0,51040.64,2023
2,"Korea","Footwear",0,56215.92,0,54330.22,0,48005.99,0,48933.61,0,49256.41,0,53870.74,0,57705.02,0,63523.86,0,32168.25,0,48765.4,0,57180.64,0,56686.18,0,626642.29,2023
2,"Korea","Wood and wooden products",0,63505.8,0,64289.56,0,79887.43,0,65841.65,0,51787.4,0,69087.42,0,67657.58,0,62088.9,0,58829.88,0,70383.58,0,64612.96,0,66356.86,0,784329.07,2023
2,"Korea","Crude oil",0,0,36287,25730.01,0,0,0,0,0,0,0,0,0,0,0,0,0,0,0,0,0,0,0,0,36287,25730.01,2023
2,"Korea","Electrical wire and cable",0,24063.62,0,33094.07,0,35934.28,0,31661.2,0,32014.17,0,36975.26,0,35059.15,0,35905.21,0,29035.6,0,32447.12,0,34320.05,0,34167.55,0,394677.33,2023
2,"Korea","Plastic materials",1079,2296.06,1183,2485.29,1048,2774.56,1129,2703.83,1088,2304.43,1421,2909.73,1741,3874.08,1731,3735.48,1759,4072.78,1934,4823.04,1924,4640.98,1975,4271.54,18012,40891.85,2023
2,"Korea","Rubber",2252,3448.83,2836,4570.61,3664,5525.63,3721,5382.54,3847,5434.44,5089,7371.52,4849,6910.56,4575,6272.14,4210,5821.95,4550,6595.07,5334,7970.06,4733,7237.9,49660,72541.3,2023
2,"Korea","Coffee",3041,6691.63,3390,6898.18,4625,10689.25,3892,9766.5,3664,9091.36,4244,11292.36,3124,7904.96,3326,9771.54,2603,6721.14,2669,7010.37,5052,14196.9,5963,17212.63,45593,117246.87,2023
2,"Korea","Chemical products",0,5326.45,0,6406.84,0,7383.33,0,6304.87,0,8321.3,0,7663.29,0,10145.56,0,9100.39,0,7045.88,0,7976.93,0,9909.35,0,8994.76,0,94578.99,2023
2,"Korea","Sweets, cookies and cereal preparations",0,4870.34,0,6442.37,0,6432.97,0,6207.75,0,6810.75,0,6070.36,0,6548.29,0,6673.6,0,7288.49,0,8560.6,0,7769.33,0,8154.64,0,81829.54,2023
2,"Korea","Telephones and their parts",0,287638.27,0,281265.36,0,286137.08,0,227184.65,0,220569.03,0,292148.85,0,435652.11,0,396470.67,0,276929.91,0,254945.22,0,249820.56,0,300873.09,0,3509634.86,2023
2,"Korea","Toys, games and sports requisites; parts and accessories thereof",0,4744.01,0,5186.27,0,5124.9,0,4734.77,0,3234.31,0,3940.22,0,3715.38,0,3957.18,0,2681.97,0,3248.28,0,2931.37,0,3144.63,0,46643.33,2023
2,"Korea","Precious stones, precious metals and their products",0,2694.43,0,3374.01,0,4228.22,0,1510.72,0,3601.39,0,4134.42,0,5001.01,0,4689.7,0,4574.35,0,5449.35,0,3541.43,0,5537.71,0,48336.81,2023
2,"Australia","Summary",173561,410617.14,42876,358817.66,240868,508768.94,93663,411182.92,147997,327764.25,161332,426878.78,86588,429916.72,222363,609602.38,46471,436041.02,180859,527857.95,111064,385865.63,52071,390482.47,1559713,5223795.92,2023
2,"Australia","Bags, pockets, wallets, suitcases, hats and umbrellas",0,2989.48,0,3428.31,0,5562.29,0,3949.36,0,4271.15,0,5949.79,0,5861.19,0,6901.7,0,4245.85,0,5422.65,0,5566.15,0,5005.08,0,59153.06,2023
2,"Australia","Coal",0,0,0,0,0,0,0,0,0,0,0,0,0,0,16500,6582.93,0,0,0,0,0,0,0,0,16500,6582.93,2023
2,"Australia","Articles of rubber",0,754.45,0,1010.17,0,1745.53,0,1533.48,0,1609.73,0,2126.12,0,2060.8,0,2438.46,0,1502.38,0,1307.72,0,1659.76,0,1250.16,0,18998.82,2023
2,"Australia","Iron, Steel",4081,3726.59,4714,4166.32,19857,13876.52,12916,10848.59,11382,9809.92,22077,18245.48,14055,10278.7,30537,24049.11,13403,11215.51,44747,29513.72,5543,5118.63,6950,5652.12,190262,146501.26,2023
2,"Australia","Articles of iron and steel",0,7361.74,0,9608.9,0,14001.66,0,13417.63,0,12417.1,0,17790.47,0,14065.94,0,16306.51,0,10683.51,0,14866.65,0,11452.65,0,13909.9,0,155882.72,2023
2,"Australia","Articles of plastics",0,4960.35,0,5782.93,0,6797.2,0,7693.74,0,7067.99,0,7101.87,0,8698.66,0,8116.08,0,8151.31,0,8288.14,0,7169.61,0,9447.27,0,89275.2,2023
2,"Australia","Other furniture products (excluding wooden furniture)",0,1972.65,0,1881.38,0,2608.77,0,1699.83,0,1921.54,0,2222.18,0,4407.27,0,4523.82,0,3334.8,0,3602.01,0,3082.26,0,2291.87,0,33548.43,2023
2,"Australia","Rattan, bamboo and rush products",0,820.25,0,698.83,0,896.16,0,969.09,0,1747.99,0,1364.95,0,1199.75,0,1930.27,0,1600.28,0,1242.41,0,1418.2,0,1306.78,0,15195,2023
2,"Australia","Pottery and glasware",0,923.54,0,880.02,0,967.46,0,1277.89,0,918.39,0,1279.05,0,1653.91,0,1282.62,0,1573.25,0,1556.43,0,1329.39,0,1669.81,0,15311.81,2023
2,"Australia","Means of transport and equipment",0,3062.9,0,6137.65,0,8383.32,0,6392.32,0,7190.57,0,7108.79,0,7621.56,0,9362.32,0,9649.19,0,6867.47,0,6154.14,0,7972.89,0,85903.17,2023
2,"Australia","Auxiliary materials for textile, garment, leather, footwear",0,602.21,0,629.5,0,734.55,0,1075,0,726.2,0,1422.93,0,1674.86,0,2127.06,0,774.48,0,878.41,0,351.66,0,389.25,0,11386.16,2023
2,"Australia","Computers, Electronical products & parts",0,27184.32,0,45325.57,0,48876.17,0,40701.18,0,34661.08,0,34392.56,0,40207.19,0,54445.65,0,39172.33,0,44785.88,0,48967.7,0,47353.91,0,506073.6,2023
2,"Australia","Other Machinery, instrument, accessory",0,28707.88,0,43914.5,0,36216.78,0,36216.8,0,37979.53,0,37767.44,0,45011.85,0,91371.11,0,54369.04,0,78929.62,0,35323.17,0,37076,0,562883.77,2023
2,"Australia","Cameras and their parts",0,2179.17,0,3485.45,0,3083.57,0,1825.25,0,2165.83,0,2272.59,0,2995.03,0,4000.58,0,3210.68,0,2741.28,0,2644.28,0,2080.57,0,32684.32,2023
2,"Australia","Other base metals and products",0,1804.71,0,2396.54,0,3413.4,0,3010.51,0,3743.44,0,3589.94,0,3791.81,0,5198.52,0,3371.57,0,3854.93,0,2977.46,0,4050.67,0,41203.54,2023
2,"Australia","Pepper",94,502.2,115,517.6,263,1069.31,133,602.15,107,445.25,295,1195.97,146,664.84,216,974.88,85,398.12,221,969.01,183,752.3,239,979.24,2097,9070.93,2023
2,"Australia","Cashew nut",910,4988.79,902,5192.25,852,4354.02,1171,6348.83,1386,7890.57,1544,8513.21,1985,10678.02,2267,12074.87,1839,9668.04,1790,9357.31,1075,5792.42,1441,7351.66,17162,92210.03,2023
2,"Australia","Seafood",0,14057.6,0,24392.63,0,25938.86,0,28304.88,0,24021.82,0,27468.97,0,25248.24,0,28236.56,0,27323,0,30845.33,0,24858.3,0,33235.37,0,313931.62,2023
2,"Australia","Fresh and pocessed vegetables and fruit",0,5162.5,0,6068.83,0,7676.97,0,5272.02,0,6169.87,0,6068.16,0,7590.49,0,9734.71,0,6532.15,0,8965.71,0,8938.97,0,10166.59,0,88347.01,2023
2,"Australia","Textile, sewing products",0,34122.51,0,36517.56,0,35715.05,0,28921.89,0,38450.19,0,48967.48,0,41342.83,0,50000.14,0,37809.04,0,35165.67,0,36436.97,0,48092.19,0,471541.57,2023
2,"Australia","Paper and paper products",0,2960.94,0,5150.24,0,5504.05,0,6321.44,0,7467.78,0,7069.38,0,7655.55,0,7457.34,0,7929.61,0,7760.94,0,6254.96,0,5971.67,0,77503.94,2023
2,"Australia","Footwear",0,32302.14,0,25065.17,0,23046.8,0,39272.08,0,35254.6,0,36048.51,0,28131.63,0,29081.88,0,32475.17,0,35041.16,0,39729.27,0,35785.45,0,391233.91,2023
2,"Australia","Wood and wooden products",0,8205.45,0,7512.24,0,10735.82,0,9332.64,0,10533.41,0,12059.32,0,16932.88,0,16836.72,0,13243.48,0,14970.13,0,11846.71,0,15739.25,0,147948.1,2023
2,"Australia","Rice",1957,1407.52,1841,1289.34,2348,1727.06,3273,2383.96,2075,1499.28,3228,2354.41,3576,2571.25,5128,3660.76,4325,3217.77,4665,3351.09,4976,3693.11,4430,3287.11,41822,30442.7,2023
2,"Australia","Crude oil",145677,101729.78,0,0,157375,114257.04,74422,43402.38,39473,29292.96,83742,47636.57,36278,21833.15,100610,78417.07,0,0,85107,72308.77,39415,25106.04,35361,18367.31,797460,552351.11,2023
2,"Australia","Electrical wire and cable",0,1116.06,0,1354.45,0,4454.81,0,1152.45,0,2004.69,0,1495.41,0,1831.48,0,2920.91,0,3627.93,0,1420.46,0,3258.06,0,2443.15,0,27079.9,2023
2,"Australia","Clinkers and cement",20302,950.39,33414,1651.99,57330,2866.06,425,56.61,92082,4504.32,47640,2356.7,28593,1520.18,64893,3136.64,25011,1195.63,42302,2265.2,57352,2871.82,485,76.66,469829,23452.27,2023
2,"Australia","Plastic materials",294,487.3,821,1332.83,1061,1383.2,367,598.62,357,516.44,1004,1275.37,1011,1340.05,1600,2152.47,1315,1581.55,900,1456.07,433,739.91,1438,1777.09,10601,14640.95,2023
2,"Australia","Coffee",246,633.21,1069,2501.22,1782,4334.85,956,2620.59,1135,3261,1802,5092.27,944,2955.54,612,2906.46,493,2239.19,1127,4504.01,2087,6168.95,1727,5771.08,13980,42988.43,2023
2,"Australia","Chemical products",0,2297.38,0,3488.98,0,3889.99,0,2746.17,0,3447.21,0,3866.5,0,2872.42,0,3668.7,0,3097.25,0,3200.62,0,2460.09,0,2719.43,0,37754.79,2023
2,"Australia","Sweets, cookies and cereal preparations",0,1954.38,0,2475.14,0,3236.88,0,2549.65,0,2547.86,0,3853.57,0,3765.81,0,43365.84,0,3206.03,0,3247.23,0,3479.26,0,3576.93,0,77258.64,2023
2,"Australia","Telephones and their parts",0,88643.94,0,60237.94,0,51353.13,0,41860.52,0,47669.42,0,30986.25,0,68530.91,0,60509.35,0,58672.13,0,36304.83,0,27130.42,0,17346.7,0,589245.58,2023
2,"Australia","Toys, games and sports requisites; parts and accessories thereof",0,3879.85,0,5097.6,0,5471.54,0,4430.11,0,4756.13,0,6460.45,0,6319.66,0,7518.21,0,5575.5,0,7172.82,0,4224.35,0,5043.32,0,65949.6,2023
2,"Australia","Precious stones, precious metals and their products",0,809.87,0,1609.61,0,1267.03,0,1791.53,0,1051.69,0,1466.73,0,1778.23,0,1454.75,0,1865.02,0,1549.92,0,895.43,0,1606.21,0,17146.07,2023
2,"China, PR","Summary",521506,3871151.13,788520,3523846.46,882464,4527547.69,735892,3572676.26,694574,4852180.16,511715,5581107.68,565645,4915002.3,692365,5771921.35,665105,6245051.48,683421,6723585.04,670053,5883902.75,720412,5739792.88,8131672,61207765.23,2023
2,"China, PR","Fibres, not spun",32258,86609.3,48468,157915.04,81100,185293.24,67048,180787.33,81329,216043.94,81975,213886.24,82784,221395.7,95441,252794.46,77459,203147.09,82717,214234.51,72898,186161.83,79238,198492.08,882715,2316760.8,2023
2,"China, PR","Petroleum oil, refined",12544,12574.17,6161,6319.04,21442,20653.59,12471,11805.54,17144,15515.51,15465,13523.93,14167,12141.04,16489,14360.09,21527,21147.95,15810,16635.89,18881,20638.39,12545,12963.04,184646,178278.22,2023
2,"China, PR","Pieces of cloth and other technical cloths",0,489.83,0,618.74,0,798.15,0,1424.78,0,2587.17,0,2331.78,0,1829.46,0,1453.36,0,2152.77,0,3403.54,0,2347.22,0,1222.89,0,20659.73,2023
2,"China, PR","Bags, pockets, wallets, suitcases, hats and umbrellas",0,6968.62,0,16336.35,0,8847.73,0,11748.65,0,15489.86,0,10728.84,0,13603.82,0,11732.48,0,10932.88,0,14027.08,0,13821.18,0,18982.93,0,153220.46,2023
2,"China, PR","Animal fodder and materials",0,12468.07,0,36661.96,0,50572.28,0,43970.1,0,48439.8,0,48260.89,0,72119.89,0,77344.64,0,45997.55,0,60449.69,0,43469.11,0,37653.17,0,577407.21,2023
2,"China, PR","Glass and glassware",0,497.78,0,752.54,0,1368.19,0,919.22,0,1269.75,0,903.52,0,3109.77,0,4083.26,0,1761.48,0,1228.21,0,1393.53,0,1296.08,0,18583.4,2023
2,"China, PR","Coal",0,0,71,16.98,101,47.86,149,59.99,0,0,279,67.45,0,0,0,0,159,38.51,0,0,0,0,0,0,759,230.81,2023
2,"China, PR","Articles of rubber",0,2191.01,0,6958.53,0,6576.82,0,6535.51,0,6780.72,0,4682.05,0,6023.1,0,7220.75,0,6155.91,0,7362.5,0,6377.71,0,5057.16,0,71921.81,2023
2,"China, PR","Iron, Steel",99,110.36,791,1339.67,700,1093.27,617,1122.02,328,452.24,479,496.29,351,437.56,415,788.29,259,521.83,504,871.79,645,895.77,393,609.14,5581,8738.29,2023
2,"China, PR","Casava and casava products",223564,86883.53,436276,161257.29,225621,83735.73,167137,65500.44,170503,70245.66,119835,55227.47,135745,66424.51,211886,97968.53,253712,117702.19,241041,124626.2,247184,124521.24,270580,132413.2,2703084,1186506.06,2023
2,"China, PR","Articles of iron and steel",0,4189.19,0,5064.25,0,5561.22,0,4301.06,0,4439.11,0,4572.42,0,4216.3,0,6744.48,0,5317.22,0,6259.96,0,4425.91,0,4495.17,0,59586.33,2023
2,"China, PR","Articles of plastics",0,8208.26,0,13236.21,0,14813.7,0,13697.52,0,17381.43,0,14432.5,0,16565.6,0,16545.61,0,14226.55,0,16510.87,0,18710.49,0,15308.87,0,179637.65,2023
2,"China, PR","Other furniture products (excluding wooden furniture)",0,310.63,0,1153.93,0,916.96,0,970.07,0,727.9,0,1366.41,0,1324.32,0,1058.83,0,937.19,0,1185.78,0,1132.39,0,1092.14,0,12176.6,2023
2,"China, PR","Rattan, bamboo and rush products",0,298.42,0,707.91,0,562.39,0,476.37,0,718.74,0,643.41,0,595.92,0,772.57,0,693.65,0,627.18,0,782.25,0,727.73,0,7606.59,2023
2,"China, PR","Pottery and glasware",0,201.41,0,1716.55,0,1169.35,0,1193.89,0,1429.71,0,1929.89,0,1495.77,0,1699.3,0,2054.85,0,2183.77,0,2089.93,0,1508.66,0,18673.14,2023
2,"China, PR","Ores and other minerals",26149,2516.23,21972,2830.74,21901,3134.53,30061,1278.19,35200,3997.05,17686,1720.97,31308,12062.88,27531,3972.34,12079,16218.99,20675,2712.4,32234,2648.18,28961,16032.13,305757,69124.68,2023
2,"China, PR","Means of transport and equipment",0,18222,0,28688.82,0,30783.32,0,29659.78,0,34333.49,0,38898.53,0,32927.33,0,42891.26,0,40447.08,0,37435.06,0,38414.31,0,31808.04,0,404509.08,2023
2,"China, PR","Auxiliary materials for textile, garment, leather, footwear",0,10431.57,0,17289.72,0,19667.59,0,17668.81,0,20506.42,0,15786.63,0,15859.67,0,14775.05,0,13348.82,0,19789.94,0,17828.6,0,16652.41,0,199605.27,2023
2,"China, PR","Computers, Electronical products & parts",0,498704.91,0,564740.95,0,1339257.64,0,823162.54,0,1393933.27,0,1511596.84,0,1416398.07,0,1179445.65,0,1257350.24,0,1024336.4,0,899468.39,0,1141828.55,0,13050223.52,2023
2,"China, PR","Other Machinery, instrument, accessory",0,181532.51,0,261735.28,0,257837.39,0,239107.84,0,304329.83,0,231467.11,0,278695.97,0,285266.86,0,211835.68,0,266559.9,0,261786.09,0,230446.35,0,3010600.85,2023
2,"China, PR","Cameras and their parts",0,290086.08,0,164042.03,0,190615.86,0,284685.77,0,212156.7,0,174236.78,0,171270.61,0,423197.27,0,627488.29,0,774595.79,0,746391.14,0,583276.18,0,4642042.55,2023
2,"China, PR","Other base metals and products",0,19645.17,0,46683.76,0,52131.97,0,75458.63,0,47543.23,0,47485.57,0,30839.04,0,41281.32,0,33420.28,0,30413.21,0,38164.27,0,36331.09,0,499397.6,2023
2,"China, PR","Chemicals",0,43143.62,0,11886.19,0,34035.21,0,29614.66,0,57949.69,0,48911.12,0,39498.5,0,43535.88,0,15994.46,0,37519.2,0,57305.74,0,51901.62,0,471295.92,2023
2,"China, PR","Cashew nut",1727,10270.66,3391,21288.74,6503,43637.42,7192,48841.45,11366,74849.52,10017,60112.83,7071,41774.37,10561,59997.84,12651,73004.04,14828,88544.35,13655,80086.3,13992,80662.85,112954,683070.4,2023
2,"China, PR","Seafood",0,25790.82,0,100678.33,0,111898.67,0,124815.32,0,149507.87,0,121663.07,0,115591.37,0,124411.95,0,139920.07,0,130079.01,0,105522.59,0,87178.05,0,1337057.16,2023
2,"China, PR","Fresh and pocessed vegetables and fruit",0,139069.9,0,181462.49,0,255869.44,0,228244.92,0,481430.71,0,478921.59,0,229451.79,0,265810.96,0,490786.97,0,434119.71,0,217627.29,0,235953.34,0,3638749.16,2023
2,"China, PR","Textile, sewing products",0,54672.17,0,83455.95,0,81928.31,0,68229.24,0,95466.44,0,101065.92,0,129190.4,0,133847.31,0,79635.27,0,71775.07,0,110958.21,0,109390.82,0,1119615.16,2023
2,"China, PR","Paper and paper products",0,28087.96,0,46516.81,0,38065.37,0,41110.86,0,50747.77,0,45625.4,0,40367.55,0,39284.37,0,26106.56,0,42149.1,0,37867.45,0,44976.09,0,480905.34,2023
2,"China, PR","Footwear",0,126919.55,0,158808.24,0,117919.46,0,121881,0,178251.31,0,159707.78,0,164507.24,0,219679.8,0,107308.4,0,161910.8,0,192011.34,0,158712.36,0,1867617.32,2023
2,"China, PR","Wood and wooden products",0,132945.86,0,115349.44,0,125913.98,0,107002.79,0,105006.57,0,120350.89,0,158531.67,0,200917.1,0,159577.02,0,184432.61,0,142679.9,0,157878.35,0,1710586.23,2023
2,"China, PR","Rice",47424,28386.23,105216,61620.59,187745,109060.59,166681,93497.03,125403,71610.17,44918,26443.64,41267,22849.97,67448,38609.27,72746,43702.47,25119,14850.32,11658,6997.55,21630,12986.23,917255,530614.11,2023
2,"China, PR","Crude oil",0,0,0,0,0,0,0,0,39200,24537.56,0,0,0,0,0,0,0,0,0,0,0,0,0,0,39200,24537.56,2023
2,"China, PR","Electrical wire and cable",0,90720.34,0,60891.17,0,52590.12,0,75191.96,0,79153.33,0,64093.14,0,50815.1,0,76558.65,0,86478.72,0,90961.5,0,74393.55,0,67752.78,0,869600.41,2023
2,"China, PR","Clinkers and cement",51310,1941.17,40709,1540.53,209550,7957.45,186060,7167.44,94051,3590.39,50726,1882.77,44600,1605.65,44600,1605.6,26104,942.56,66900,2408.4,22300,802.87,25300,909.29,862210,32354.15,2023
2,"China, PR","Tea",137,420.21,289,812.61,309,920.98,447,963.47,575,1109.92,356,854.36,218,374.05,402,900.98,297,798.87,243,470.88,1147,1776.45,1520,2146.17,5940,11549,2023
2,"China, PR","Plastic materials",18225,17752.53,24496,21894.3,35302,29273.09,28654,24902.29,28489,24018.27,27688,24016.13,28625,22768.81,33095,26518.29,29933,24820.41,32883,28050.01,36607,28386.51,38209,29395.33,362206,301796.01,2023
2,"China, PR","Rubber",107227,141889.05,98789,135560.32,86601,119558.73,64201,87454.24,86865,115727.38,137209,178752.67,176711,227862.8,181722,232049,156341,202450.57,179871,240523.34,209104,284508.02,221777,304777.03,1706418,2271113.21,2023
2,"China, PR","Coffee",842,2600.08,1891,6071,5589,16684.22,5174,15080.31,4121,14491.08,5082,16432.49,2798,10836.58,2775,10740.61,1838,8442.22,2830,11592.88,3740,13654.14,6267,25340,42947,151965.67,2023
2,"China, PR","Chemical products",0,19871.1,0,36950.73,0,41147.71,0,37093.62,0,39222.34,0,34107.31,0,34956.7,0,34366.17,0,37737.25,0,39086.76,0,41546.66,0,40819.39,0,436905.78,2023
2,"China, PR","Sweets, cookies and cereal preparations",0,3458.92,0,5403.68,0,6598.25,0,6036.02,0,6026.62,0,5926.54,0,4374.2,0,6176.59,0,7116.3,0,6398.25,0,5364.85,0,4879.19,0,67759.48,2023
2,"China, PR","Telephones and their parts",0,1703066.83,0,875270.15,0,941316.33,0,515136.19,0,710088.74,0,1588800.06,0,858547.99,0,1682706.2,0,2011410.55,0,2268220.76,0,1964184.5,0,1749266.67,0,16868015.02,2023
2,"China, PR","Toys, games and sports requisites; parts and accessories thereof",0,9820.56,0,11036.17,0,10516.82,0,12652.04,0,8746.67,0,10148.14,0,9186.73,0,9649.7,0,9837.09,0,13485.28,0,11622.12,0,9136.89,0,125838.26,2023
2,"India","Summary",117675,604906.71,58591,728185.58,48816,727069.48,55370,636461.04,48271,600220.51,101371,597177.5,119462,768909.71,74546,769338.98,154005,791182.51,218104,845451.32,212526,727956.93,74256,701916.91,1282993,8498777.23,2023
2,"India","Fibres, not spun",2635,5004.48,3216,7905.17,2816,4215.53,3778,7275.48,5175,9981.87,1944,3977.4,1947,5155.02,4011,7858.59,2470,5491.13,1705,3700.85,1778,4294.45,2093,4729.07,33568,69589.08,2023
2,"India","Animal fodder and materials",0,1005.11,0,885.07,0,1466.91,0,1546.83,0,1045.91,0,790.11,0,817.59,0,1366.36,0,486.77,0,1238.56,0,1044.19,0,1422.77,0,13116.24,2023
2,"India","Coal",0,0,240,119,300,151.5,164,79.91,0,0,0,0,0,0,0,0,0,0,0,0,0,0,0,0,704,350.41,2023
2,"India","Articles of rubber",0,1066.6,0,1072.97,0,1546.9,0,1561.6,0,2062.77,0,1970.08,0,2104.15,0,2615.87,0,2243.35,0,2202.82,0,2268.38,0,2183.34,0,22898.88,2023
2,"India","Iron, Steel",99947,63004.63,33234,29851.94,24207,24184.16,28916,25388.35,20601,19984.48,76130,53770.29,75146,52967.72,45059,37627,132172,93376.68,198418,139642.01,183952,125930.38,49813,49524.54,967595,715252.23,2023
2,"India","Articles of iron and steel",0,11246.29,0,17228.6,0,11123.91,0,7740.81,0,9186.17,0,11390.28,0,12699.93,0,14067.93,0,14821.93,0,14366.1,0,12251.98,0,9269.05,0,145393.03,2023
2,"India","Articles of plastics",0,4505,0,7575.09,0,8240.04,0,8328.45,0,9253.09,0,5033.11,0,7322.06,0,7720.97,0,7790.41,0,8667.94,0,6819.46,0,8214.15,0,89469.81,2023
2,"India","Rattan, bamboo and rush products",0,3002.43,0,3145.76,0,3536.46,0,3347.67,0,3042.57,0,3338.88,0,3221.05,0,2400.15,0,3115.85,0,2913.38,0,2841.3,0,4266.66,0,38172.21,2023
2,"India","Pottery and glasware",0,156.51,0,384.08,0,890.7,0,363.19,0,482.05,0,785.16,0,464.42,0,453.22,0,625.43,0,1001.4,0,1180.59,0,646.92,0,7433.71,2023
2,"India","Means of transport and equipment",0,8903.02,0,12072.62,0,15233.32,0,10601.69,0,10483.28,0,10434.89,0,11728.54,0,15316.69,0,17408.75,0,14789.97,0,17386.72,0,20412.2,0,164771.73,2023
2,"India","Auxiliary materials for textile, garment, leather, footwear",0,9418.46,0,9224.2,0,13188.95,0,10601.05,0,14153.87,0,9428.03,0,14664.48,0,16406.14,0,13207.64,0,12177.5,0,12334.87,0,11138.56,0,145943.8,2023
2,"India","Computers, Electronical products & parts",0,78895.28,0,156894.68,0,156300.53,0,157523.85,0,151483.16,0,143694.75,0,199348.33,0,203929.18,0,202445.8,0,185370.7,0,171150.87,0,139505,0,1946542.19,2023
2,"India","Other Machinery, instrument, accessory",0,70756.46,0,93575.36,0,116852.92,0,66341.96,0,56684.7,0,69318.62,0,68754.6,0,70463.1,0,95351.77,0,71447.49,0,58487.58,0,75829.45,0,913864.08,2023
2,"India","Other base metals and products",0,64643.99,0,76014.98,0,75534.14,0,53884.16,0,38524.68,0,32153.64,0,35407.61,0,37047.3,0,34007.1,0,55384.44,0,57171.1,0,68747.56,0,628520.76,2023
2,"India","Chemicals",0,30004.49,0,42840.52,0,42090.24,0,36328.43,0,37269.83,0,26680.19,0,35825.05,0,26570.51,0,30340.72,0,51225.54,0,16998.69,0,17806.44,0,393980.69,2023
2,"India","Pepper",507,1627.38,928,2960.64,1656,5318.76,1310,4162.05,507,1817.96,620,2299.38,653,2401.17,1987,8074.15,1135,4696.91,1299,5459.88,1264,5557.15,983,4090.68,12849,48466.15,2023
2,"India","Cashew nut",111,528.75,79,536.9,360,1887.6,389,1770.79,324,1725.54,415,2510.44,402,2389.22,305,1907.77,290,1559.88,365,1992.75,222,1359.75,435,2597.6,3697,20767.01,2023
2,"India","Seafood",0,1080.02,0,1118.63,0,1267.04,0,1021.26,0,1222.3,0,1219.09,0,2048.77,0,1546.1,0,2051.62,0,2422.29,0,2547.91,0,2264.1,0,19809.17,2023
2,"India","Textile, sewing products",0,10289.86,0,9120.77,0,11094.49,0,14167.46,0,13721.85,0,14052.01,0,16671.53,0,17108.39,0,20026.91,0,15686.79,0,17488.65,0,14792.46,0,174221.22,2023
2,"India","Footwear",0,19013.26,0,15843.67,0,11921.52,0,26208.93,0,24521.07,0,10522.25,0,10443.18,0,12067.94,0,6563.8,0,24426.88,0,17361.12,0,4023.25,0,182916.91,2023
2,"India","Wood and wooden products",0,4013.43,0,4537.78,0,6457.96,0,6188.31,0,7788.91,0,8813.68,0,13327.08,0,13797.03,0,12592.73,0,15686.46,0,13911.17,0,14801.26,0,121915.85,2023
2,"India","Tea",288,330.87,194,249.72,308,393.58,81,118.4,174,242.67,180,231.29,136,210.37,135,194.56,268,419.33,154,208.15,73,99.34,120,194.44,2111,2892.79,2023
2,"India","Plastic materials",7743,9000.7,10346,12590.41,7763,11430.83,11471,13940.72,8623,11886.48,7849,10937.16,22034,23343.75,11557,14947.03,8247,11289.38,7349,10284.13,11748,14129.9,5759,7029.31,120489,150809.86,2023
2,"India","Rubber",3937,5414.61,6532,9439.95,6854,9876.63,5831,8257.69,9926,13380.19,12132,16875.21,16736,22760.8,10427,14109.57,8736,11564.19,7951,11049.04,11006,15540.08,12600,18420.14,112668,156688.15,2023
2,"India","Coffee",2507,4705.12,3822,7068.26,4552,8947.43,3430,6704.82,2941,5969.7,2101,4498.52,2408,5617.89,1065,2388.97,687,1640.52,863,1844.96,2483,6133.1,2453,5703.8,29312,61223.15,2023
2,"India","Chemical products",0,7326.18,0,9278.79,0,10306.76,0,8919.66,0,9271.66,0,10055.52,0,12681.96,0,12449.27,0,8691.27,0,9106.64,0,9883.52,0,9524.51,0,117495.78,2023
2,"India","Sweets, cookies and cereal preparations",0,150.45,0,51.89,0,174.92,0,173.99,0,91,0,204.44,0,274.69,0,408.95,0,260.51,0,220.94,0,393.54,0,264.23,0,2669.6,2023
2,"India","Telephones and their parts",0,97640.75,0,97391.46,0,64062.62,0,74243.33,0,58806.65,0,63404.38,0,115388.7,0,113806.26,0,93428.72,0,90571.91,0,51137.51,0,116971.61,0,1036853.95,2023
2,"Ukraine","Summary",34,1768.73,153,1674.17,43,1666.09,68,3344.29,158,5127.99,112,2874.02,104,3095.68,161,2700.89,514,2963.5,150,4889.91,226,4585.42,206,3745.79,1929,38436.54,2023
2,"Ukraine","Articles of plastics",0,0,0,0,0,0,0,66.89,0,52.31,0,0,0,28.8,0,51.36,0,52.13,0,0,0,0,0,10.22,0,261.73,2023
2,"Ukraine","Computers, Electronical products & parts",0,0,0,0,0,192.2,0,0,0,114.31,0,0,0,0,0,136.43,0,151.2,0,56.73,0,0,0,1.47,0,652.36,2023
2,"Ukraine","Other Machinery, instrument, accessory",0,208.34,0,257.13,0,0,0,0.4,0,0,0,0,0,38.72,0,0,0,0,0,23.88,0,0.42,0,85.93,0,614.85,2023
2,"Ukraine","Pepper",0,0,0,0,0,0,25,71.87,25,71.87,47,165.58,41,148.41,64,228.87,64,227.56,89,315.49,120,407.53,99,337.74,574,1974.95,2023
2,"Ukraine","Cashew nut",0,0,0,0,0,0,0,0,0,0,0,0,0,0,0,0,0,0,0,0,0,0,4,30.4,4,30.4,2023
2,"Ukraine","Seafood",0,174.45,0,551.15,0,173.34,0,526.45,0,529.02,0,46.74,0,0,0,557.51,0,230.65,0,282.88,0,797.03,0,555.18,0,4424.44,2023
2,"Ukraine","Fresh and pocessed vegetables and fruit",0,0,0,0,0,0,0,0,0,0,0,0,0,0,0,0,0,0,0,39.79,0,0,0,0,0,39.79,2023
2,"Ukraine","Textile, sewing products",0,99.28,0,31.8,0,180.69,0,339.73,0,719.03,0,246.83,0,207.18,0,60.26,0,183.11,0,367.67,0,484.32,0,259.91,0,3179.86,2023
2,"Ukraine","Footwear",0,1021.64,0,568.26,0,933.3,0,1307.6,0,1798.7,0,1325.18,0,1225.54,0,490.35,0,944.65,0,1778.1,0,1684.82,0,1112.07,0,14190.27,2023
2,"Ukraine","Rice",0,0,98,72.55,0,0,43,38.45,78,43.74,44,38.36,0,0,0,0,377,190.68,43,37.62,70,56.33,0,0,753,477.77,2023
2,"Ukraine","Tea",34,85.6,55,93.91,43,49.86,0,0,15,20.96,21,24.69,56,63.78,97,159.88,73,153.52,18,31.31,36,49.33,103,140.43,551,873.33,2023
2,"Ukraine","Coffee",0,0,0,0,0,0,0,0,40,100.98,0,0,7,49.44,0,0,0,0,0,0,0,0,0,0,47,150.42,2023
2,"Ukraine","Telephones and their parts",0,0,0,0,0,84.28,0,127.77,0,151.96,0,84.73,0,95.07,0,0,0,0,0,28.52,0,0,0,24.87,0,597.23,2023
3,"EU","Summary",473606.68,4613250.45,378199.76,3168635.8,394171.6,4436571.95,490326.47,4236310.47,311086.6,3968952.67,274095.9,4280439.27,273197.05,4842414.59,308938.9,4603808.78,198449,3948056.17,469918.99,4862239.93,222120,4442418.87,215748,4319720.26,4009859,51722820.48,2024
3,"EU","Fibres, not spun",2062,5605.22,2451,7854.89,2576,7781.25,3063,9217.9,2318,7175.2,1227,4538.09,1911,6261.17,2885,8087,1999,6535.47,1787,5204.66,1289,5201.72,2413,7381.81,25981,80844.48,2024
3,"EU","Pieces of cloth and other technical cloths",0,1397.92,0,1902.4,0,3684.82,0,10668.46,NA,4718.91,NA,3990.82,NA,4998.54,0,4734.34,0,3976.05,0,5669.42,0,4097.5,NA,2055.08,NA,51894.35,2024
3,"EU","Bags, pockets, wallets, suitcases, hats and umbrellas",0,85636.31,0,41033.62,0,78404.51,0,87980.12,NA,73943.2,NA,84124.7,NA,81807.95,0,83201.18,0,71409.15,0,90040.98,0,87749.47,NA,94220.01,NA,959551.72,2024
3,"EU","Coal",417,100.22,0,0,138,32.7,22116,7150.35,172,39.99,NA,0,NA,0,0,0,0,0,25000,6072.01,10910,3014.16,NA,0,58753,16409.45,2024
3,"EU","Articles of rubber",0,9718.4,0,7867.31,0,12330.52,0,9617.08,NA,9340.43,NA,8970.7,NA,10724.58,0,12149.6,0,8771.83,0,9365.86,0,8391.59,NA,11364.95,NA,118613.2,2024
3,"EU","Iron, Steel",354003,226892.47,279786,198109.54,266654,192460.63,290147,222975.94,242475,162269.1,210035,149226.81,209268,166178.34,229321,170298.83,126843,106007.07,370768,240004.02,142187,101457.54,134480,99552.88,2855967,2035433.43,2024
3,"EU","Articles of iron and steel",0,51132.62,0,45194.91,0,53569.46,0,62296.27,NA,53901.03,NA,51230.15,NA,74236.59,0,70047.35,0,39646.54,0,49523.36,0,52354.13,NA,61670.18,NA,664803.35,2024
3,"EU","Articles of plastics",0,57922.17,0,37582.89,0,59947.64,0,65873.67,NA,49799.84,NA,56701.1,NA,55730.44,0,61188.78,0,50173.75,0,56372.64,0,53743.66,NA,64050.55,NA,669087.75,2024
3,"EU","Other furniture products (excluding wooden furniture)",0,4419.14,0,2533.25,0,3998.6,0,2762.03,NA,1957.16,NA,941.61,NA,502.9,0,940.98,0,1564.4,0,4268.11,0,3798.17,NA,3536.39,NA,31222.84,2024
3,"EU","Rattan, bamboo and rush products",0,20929.6,0,11573.09,0,19618.37,0,15511.4,NA,13504.85,NA,11901.7,NA,15252.49,0,14218.36,0,10354.86,0,16976.84,0,20198.45,NA,23191.81,NA,193232.28,2024
3,"EU","Pottery and glasware",0,8444.26,0,3959.65,0,5422.58,0,5130.62,NA,3924.7,NA,4252.34,NA,4154.3,0,5311.32,0,5463.9,0,9608.56,0,8185.16,NA,9954.98,NA,73812.77,2024
3,"EU","Means of transport and equipment",0,96135.59,0,84741.31,0,146900.55,0,170459.36,NA,100621.73,NA,96969.05,NA,103630.57,0,95929.16,0,92726.91,0,77259.43,0,103889.49,NA,115641.61,NA,1284905.37,2024
3,"EU","Auxiliary materials for textile, garment, leather, footwear",0,17227.24,0,8124.81,0,18525.3,0,19162.98,NA,18478.48,NA,19599.24,NA,24225.16,0,23286.56,0,17080.81,0,19936.51,0,19533.29,NA,19199.83,NA,224380.67,2024
3,"EU","Computers, Electronical products & parts",0,550471.96,0,452648.87,0,625885.02,0,603150.7,NA,603710.3,NA,735743.15,NA,797263.04,0,870699.71,0,740830.29,0,897837.71,0,929023.35,NA,879085.9,NA,8686350.75,2024
3,"EU","Other Machinery, instrument, accessory",0,540809.58,0,399962.84,0,614948.71,0,516335.2,NA,517668.75,NA,534117.49,NA,670243.09,0,613046.86,0,660668.3,0,720430.59,0,607381.05,NA,574574.31,NA,6970187.42,2024
3,"EU","Cameras and their parts",0,12364.4,0,13799.76,0,19660.17,0,79079.21,NA,45235.87,NA,37110.36,NA,41736.21,0,41920.33,0,39525.89,0,26392.16,0,38339.31,NA,30509.07,NA,425672.89,2024
3,"EU","Other base metals and products",0,18643.68,0,10347.85,0,14913.84,0,30641.9,NA,23694.1,NA,13839.3,NA,11992.59,0,12263.16,0,13136.93,0,12989.09,0,13120.99,NA,16352.58,NA,191936.3,2024
3,"EU","Chemicals",0,5350.39,0,4839.4,0,6784.35,0,3577.71,NA,6610.8,NA,6925.16,NA,3248.37,0,4174.77,0,5625.85,0,8440.89,0,6152.26,NA,4023.07,NA,65753.16,2024
3,"EU","Pepper",2971,12775.36,2016,9464.49,4921,22949.09,5419,26517.29,3689,18237.89,4052,22545.81,3920,24543.06,2724,16640.03,2435,17176.58,3843,27234.09,2414,17197.63,3163,20516.3,41567,235797.95,2024
3,"EU","Cashew nut",10220,55067.71,4717,25802.1,9823,52235.02,16841,91149.57,11893,63094.63,13971,81831.57,14268,86725.64,14122,88390.07,10827,67900.15,14005,87416.32,11509,71872.47,10311,66199.36,142507,837684.99,2024
3,"EU","Seafood",0,69452.69,0,44141.3,0,77406.48,0,83422.46,NA,90436.38,NA,95700,NA,87091.68,0,93875.63,0,75763.8,0,83884.04,0,78052.62,NA,77968.18,NA,957195.91,2024
3,"EU","Fresh and pocessed vegetables and fruit",0,18208.47,0,13991.05,0,22443.84,0,23466.26,NA,24822.99,NA,22267.54,NA,20405.75,0,19660.76,0,12049.38,0,18998.12,0,17796.6,NA,28351.83,NA,242462.85,2024
3,"EU","Textile, sewing products",0,333475.95,0,201543.12,0,259495.16,0,334777.55,NA,364975.22,NA,413050.92,NA,434758.68,0,411099.94,0,323725.11,0,396190.32,0,381181.25,NA,387656.76,NA,4241930.73,2024
3,"EU","Paper and paper products",0,167.96,0,186.03,0,106.88,0,221.49,NA,256.46,NA,222.54,NA,289.12,0,269.52,0,272.1,0,356.48,0,327.47,NA,155.35,NA,2831.44,2024
3,"EU","Footwear",0,494930.44,0,265179.31,0,427215.21,0,513887.13,NA,478714.06,NA,507130.96,NA,475243.94,0,434484.38,0,417461.91,0,588278.33,0,572184.82,NA,565443.05,NA,5740154.39,2024
3,"EU","Wood and wooden products",0,67334.17,0,32260.34,0,51584.74,0,42110.67,NA,32235.45,NA,30602.11,NA,31756.65,0,30813.98,0,29861.33,0,53155.94,0,59775.45,NA,71747.49,NA,533239.01,2024
3,"EU","Rice",5163.68,4271.06,2602.76,2019.8,2056.6,1719.82,3010.47,2388.47,2095.6,1650.27,2574.9,2024.23,1420.05,1173.83,2338.9,1901.85,905,787.04,2330.99,1950.51,2776,2100.19,2345,1963,29620,23950.26,2024
3,"EU","Electrical wire and cable",0,3073.9,0,4632.55,0,3272.5,0,1879.87,NA,4265.81,NA,3274.66,NA,3926.01,0,783.85,0,1647.54,0,4748.71,0,1411.87,NA,2300.11,NA,35217.46,2024
3,"EU","Tea",149,334.87,51,84.56,19,69.34,104,237.9,22,133.76,18,96.79,77,117.17,41,128.82,84,178.82,111,272.69,92,238.17,43,139.76,811,2032.74,2024
3,"EU","Plastic materials",7139,7544.42,7482,8515.15,18465,20016.64,84286,90917.16,18586,20347.02,13352,15806.94,8594,10524.04,12224,14061.09,21382,22614.69,27469,27413.6,21625,21872.98,8999,9590.14,249603,269224.08,2024
3,"EU","Rubber",3734,5362.59,5456,8505.85,9132,15172.36,3714,6416.71,2587,4637.83,4886,8974.9,6394,11395.54,14159,25448.7,14362,25845.63,7132,13673.5,1642,3305.31,3270,6757.67,76468,135496.88,2024
3,"EU","Coffee",87748,263178.64,73638,237360.03,80387,277876.36,61626,236174.57,27249,113841.43,23980,106352.03,27345,135591.36,31124,162274.63,19612,108434.09,17473,102130.97,27676,150180.23,50724,263323.31,528582,2156718.25,2024
3,"EU","Chemical products",0,1370.21,0,1145.82,0,1982.34,0,2075.56,NA,1524.11,NA,3317.36,NA,1386.6,0,3762.52,0,2472.48,0,2616.93,0,2082.41,NA,2622.31,NA,26358.74,2024
3,"EU","Sweets, cookies and cereal preparations",0,17628.8,0,10465.94,0,17403.94,0,18399.16,NA,14374.74,NA,12784.66,NA,13454.19,0,16009.56,0,15534.73,0,19098.63,0,14918.44,NA,17642.29,NA,187715.32,2024
3,"EU","Telephones and their parts",0,872392.55,0,463858.95,0,649884.04,0,511041.98,NA,417408.71,NA,498157.47,NA,757419.46,0,476310.79,0,423639.74,0,507270.04,0,402895.88,NA,189890.77,NA,6170171.05,2024
3,"EU","Toys, games and sports requisites; parts and accessories thereof",0,32531.89,0,17522.12,0,23880.82,0,30583.66,NA,44747.22,NA,45395.1,NA,59215.15,0,63543.53,0,29397.85,0,26128.87,0,26077.07,NA,26622.66,NA,425646.32,2024
3,"EU","Precious stones, precious metals and their products",0,6247.4,0,4918.48,0,10740.51,0,8487.89,NA,6702.25,NA,8693.14,NA,6878.81,0,7597.98,0,6951.84,0,7700.85,0,10902.44,NA,7432.25,NA,93254.02,2024
3,"ASEAN","Summary",2142274,3195016.87,1632443.49,2498126.69,2282167.63,3372150.13,2225301.43,3075929.29,2001270.64,3016640.3,1722694,2797854.58,1756345.87,3147542.57,2712678.87,3556350.8,1677608.99,3026803.59,2215879.99,3163505.17,2054355.99,3025133.76,1652660,3000576.47,24075681,36875630.63,2024
3,"ASEAN","Fibres, not spun",15008,41737.38,8550,23928.44,11164,29823.06,10782,30124.35,10997,32193.96,10882,30705.84,13824,35935.69,12637,34120.65,12160,30539.2,12849,32716.16,11818,30124.42,12226,32633.57,142897,384582.97,2024
3,"ASEAN","Petroleum oil, refined",79156,59694.81,86843,65007.66,56599,43266.94,69647,52503.51,67908,50048.53,74664,54966.35,53238,39075.65,104832,61033.13,43153,28966.61,81439,49219.01,52649,35244.88,68651,42765.66,838779,581792.96,2024
3,"ASEAN","Pieces of cloth and other technical cloths",0,6101.37,0,5183.58,0,5278.38,0,3743.49,NA,4644.14,NA,5151.54,NA,6129.71,0,6707.16,0,7030.66,0,6361.17,0,5202,NA,5438.69,NA,66971.97,2024
3,"ASEAN","Bags, pockets, wallets, suitcases, hats and umbrellas",0,7253.2,0,2717.45,0,4431.91,0,7502.49,NA,6047.48,NA,8737.95,NA,6483.85,0,5057.56,0,6214.85,0,7112.39,0,6793.51,NA,7146.54,NA,75499.31,2024
3,"ASEAN","Animal fodder and materials",0,30331.28,0,19287.43,0,22113.7,0,28227.19,NA,22931.67,NA,24369.23,NA,28580.32,0,30150.28,0,28466.41,0,32625.78,0,31078.13,NA,28817.3,NA,326979.07,2024
3,"ASEAN","Glass and glassware",0,52546.49,0,32311.47,0,49128.15,0,65694.5,NA,64945.07,NA,62711.99,NA,61443.38,0,65725.39,0,60721.8,0,63368.72,0,57781.01,NA,60407.51,NA,696785.72,2024
3,"ASEAN","Coal",80,34.08,206,48.16,248,65.85,28952,6461.17,NA,0,27000,6000.84,46516,9211.85,25012,4919.59,-48,64.88,42020,8190.55,288,66.39,41386,7932.04,211660,42995.52,2024
3,"ASEAN","Articles of rubber",0,6048.4,0,3895.13,0,5300.1,0,6591.59,NA,6508.3,NA,6740.67,NA,7211.21,0,7387.91,0,6500.24,0,7744.41,0,7003.14,NA,5684.82,NA,76616.14,2024
3,"ASEAN","Iron, Steel",359645,229271.64,197472,136599.13,255687,175511.33,330108,207628.51,275134,181148.38,273400,176983.49,277861,175047.09,355561,215314.48,175546,114839.24,282922,179084.77,271155,169142.59,276413,171199.95,3330904,2131771,2024
3,"ASEAN","Casava and casava products",2855,1479.83,3016,1561.5,4389,2332.35,6311,3300.49,3024,1564.66,2067,1031.34,1522,756.9,527,289.22,1147,580.59,1964,977.9,2015,948.06,3403,1478.06,32240,16301,2024
3,"ASEAN","Articles of iron and steel",0,40488.77,0,25360.14,0,42727.61,0,37079.39,NA,44951.29,NA,42735.67,NA,44500.49,0,56636.46,0,48030.72,0,49275.28,0,49768.29,NA,53554.17,NA,535108.72,2024
3,"ASEAN","Articles of plastics",0,61618.85,0,46496.5,0,68717.58,0,70610.26,NA,69490.54,NA,67175.59,NA,71489.48,0,68424.26,0,54814.02,0,58369.89,0,58028.34,NA,55170.62,NA,750406.33,2024
3,"ASEAN","Other furniture products (excluding wooden furniture)",0,1944.42,0,1531.23,0,1748.06,0,2109.85,NA,1478.05,NA,1292.94,NA,1989.37,0,1284.03,0,1475.26,0,1634.85,0,1761.22,NA,1698.83,NA,19948.31,2024
3,"ASEAN","Pottery and glasware",0,11843.36,0,5298.12,0,9868.34,0,10329.43,NA,10517.09,NA,11417.2,NA,9795.33,0,11655.24,0,8885.6,0,9567.06,0,9761.07,NA,13450.01,NA,122388.24,2024
3,"ASEAN","Ores and other minerals",86837,1099.63,52847.99,1039.94,57638.99,1613.91,61046.24,1587.8,3328.99,533.2,40209,560.09,16735.87,1293.28,8389.87,929.33,205.99,456.12,3295.99,456.96,3446.99,996.67,9277,1748.46,343260,12315.56,2024
3,"ASEAN","Means of transport and equipment",0,166648.28,0,99825.37,0,241568.89,0,191544.18,NA,179355.24,NA,117537.05,NA,212562.72,0,231833.24,0,213287.2,0,229149.27,0,129062.8,NA,162030.29,NA,2174404.92,2024
3,"ASEAN","Fertilizers",76545,32605.78,52175,20822.34,75074,30963.16,69923,27487.93,60438,24412.13,90763,39735.08,98600,43977.73,84814,36194.7,64671,26747.33,95985,37256.93,88214,35338.36,89097,35254.6,946299,390796.31,2024
3,"ASEAN","Auxiliary materials for textile, garment, leather, footwear",0,78779.13,0,49132.33,0,75318.55,0,77039.95,NA,72500.06,NA,62021.95,NA,73485.27,0,88170.56,0,69776.76,0,78739.49,0,72426.2,NA,75704.84,NA,873095.32,2024
3,"ASEAN","Computers, Electronical products & parts",0,226320.78,0,185881.19,0,245167.64,0,216246.89,NA,239799.21,NA,238477.53,NA,215436.75,0,297748.79,0,283206.79,0,287252.98,0,300071.67,NA,363834.37,NA,3099444.87,2024
3,"ASEAN","Other Machinery, instrument, accessory",0,286819.87,0,189205.34,0,260623.01,0,267648.63,NA,257388.65,NA,296373.55,NA,318575.66,0,329055.06,0,289827.57,0,325575.02,0,292955.58,NA,284813.8,NA,3398862.21,2024
3,"ASEAN","Cameras and their parts",0,2687.05,0,1441.53,0,1807.33,0,1565.04,NA,2104.69,NA,2573.81,NA,3265.78,0,3102.99,0,2901.63,0,4104.28,0,2430.21,NA,3878.27,NA,31862.65,2024
3,"ASEAN","Other base metals and products",0,39185.96,0,27195.61,0,40759.46,0,39081.86,NA,41998.81,NA,40349.8,NA,47891.41,0,36323.28,0,30559.07,0,34992.08,0,41056.29,NA,45701.2,NA,465095.2,2024
3,"ASEAN","Chemicals",0,48511.16,0,59977.1,0,49720.13,0,71326.14,NA,28854.28,NA,54618.53,NA,45015.67,0,71889.32,0,62322.93,0,60655.08,0,52330.29,NA,44360.48,NA,649581.38,2024
3,"ASEAN","Pepper",1386,5607.86,798,2922.21,1992,8824.98,1759,7292.36,1539,7170.09,1769,9694.99,1235,7721.25,1046,5811.56,996,6361.92,1170,7508.43,1288,8188.01,1048,6636.11,16026,83739.97,2024
3,"ASEAN","Cashew nut",1363,6214.55,750,3467.9,1552,7427.82,1153,5209.95,1080,5203.1,1094,6111.34,1398,8243.15,1465,9219.7,1177,7778.36,1237,7510.75,1007,6264.4,1205,7835.13,14481,80486.28,2024
3,"ASEAN","Seafood",0,58940.78,0,27685.93,0,46574.53,0,40248.76,NA,49887.9,NA,46705.29,NA,52400.26,0,48603.64,0,59869.36,0,72170.32,0,67563.49,NA,59003.43,NA,629654.09,2024
3,"ASEAN","Fresh and pocessed vegetables and fruit",0,31388.94,0,19325.94,0,31127.53,0,21892.91,NA,26137.72,NA,35535.75,NA,38090.62,0,53354.99,0,49224.19,0,33575.52,0,47319.76,NA,31054.21,NA,418028.41,2024
3,"ASEAN","Textile, sewing products",0,179957.98,0,121370.67,0,166041.6,0,165283.09,NA,179908.4,NA,164612.9,NA,183710.26,0,211504.86,0,165722.23,0,184841,0,180066.34,NA,193245.98,NA,2096265.68,2024
3,"ASEAN","Paper and paper products",0,47854.23,0,37143.48,0,46976.39,0,47516.25,NA,49200.06,NA,47124.5,NA,52666.34,0,61417.03,0,48858.99,0,52295.97,0,50358.07,NA,45081.53,NA,586493.24,2024
3,"ASEAN","Footwear",0,54627.44,0,35464.5,0,36389.6,0,37991.76,NA,60604.29,NA,54655.62,NA,48583.47,0,51510.78,0,37748.7,0,45969.9,0,61161.41,NA,51578.41,NA,576286.13,2024
3,"ASEAN","Wood and wooden products",0,28352.04,0,12916.94,0,28396.44,0,35858.59,NA,23796.93,NA,31384.05,NA,33424.54,0,28162.16,0,20298.45,0,30510,0,32602.46,NA,31393.27,NA,337096.12,2024
3,"ASEAN","Rice",341006,234078.49,436171,282686.56,825576,509426.29,727087,438390.64,626350,374537.42,275800,164014.35,524425,303394.51,701801,412592.01,601091,369277.68,522548,324905.5,449461,282208.52,382391,228976.41,6413707,3924488.61,2024
3,"ASEAN","Crude oil",39165,29213.43,144689.5,99244.69,89925.64,60949.66,26043.19,18775.17,25462.65,18447.42,0,0,105593,74997.03,461958,314027.65,113698,70494.38,44052,25459.6,111507,66229.44,NA,0,1162094,777838.51,2024
3,"ASEAN","Electrical wire and cable",0,25385.99,0,18208.98,0,22164.41,0,26348.3,NA,25565.58,NA,31546.85,NA,29115.68,0,34793.19,0,26178.29,0,31549.41,0,27611.93,NA,26808.18,NA,325277.28,2024
3,"ASEAN","Clinkers and cement",1019270,39205.4,574817,23769.01,844157,33808.92,832393,33510.04,876384,34253.9,864209,33787.13,549117,21238.11,887559,33700.75,596458,22738.43,1061376,41111.26,1009336,39924.31,697980,26718.73,9813056,383766.17,2024
3,"ASEAN","Tea",1232,1075.42,861,789.97,1408,1475.5,1657,1686.54,1235,1165.86,1661,1820.49,2277,2504.94,1434,1601.66,1161,1212.07,1133,1145.09,1471,1704.21,1444,1335.71,16974,17517.61,2024
3,"ASEAN","Plastic materials",88344,95106.97,56753,63132.64,29788,37727.43,29474,37122.76,33905,42179.71,41540,52607.81,43112,54094.29,46856,56231.07,50469,57436.77,48093,55974.96,36311,45160.95,41288,50856.93,545933,647632.62,2024
3,"ASEAN","Rubber",2726,4428.56,1543,2770.15,2717,4379.64,2095,3556.64,2482,4444.45,2913,5257.6,5684,9025.17,5903,8884,7410,10706.7,10276,17375.39,8166,13858.45,13092,22137.16,65007,106824.08,2024
3,"ASEAN","Coffee",27656,94287.68,14951,54589.67,24252,93764,26871,103906.53,12003,55001.78,14723,73419.66,15208,83307.06,12884,74638.65,8314,49303.85,5520,41350.3,6223,43041.34,13759,92624.87,182364,859235.77,2024
3,"ASEAN","Chemical products",0,106761.49,0,85994.02,0,99996.93,0,82715.74,NA,87113.23,NA,90238.86,NA,120509.98,0,104494.85,0,81873.01,0,79659.8,0,100655.42,NA,116472.21,NA,1156485.95,2024
3,"ASEAN","Sweets, cookies and cereal preparations",0,18272.21,0,12426.17,0,17933.03,0,17656.97,NA,16819.67,NA,17366.93,NA,18448.23,0,19204.81,0,17895.35,0,21602.52,0,18716.89,NA,19431.54,NA,215774.66,2024
3,"ASEAN","Telephones and their parts",0,314603.74,0,190572.55,0,210834.55,0,166375.34,NA,181969.97,NA,201518.59,NA,196445.89,0,137988.61,0,115004.11,0,119176.64,0,143242.83,NA,76435.65,NA,2054168.73,2024
3,"ASEAN","Toys, games and sports requisites; parts and accessories thereof",0,1734.82,0,775.38,0,1175.74,0,1832.41,NA,1184.73,NA,1271.23,NA,2319.57,0,2330.38,0,1275.34,0,1759.74,0,2502.43,NA,1912.29,NA,20074.19,2024
3,"ASEAN","Precious stones, metals and products",0,527.74,0,426.44,0,900.25,0,1422.74,NA,603.03,NA,1121.64,NA,1129,0,1638.76,0,1762.02,0,1393.69,0,1428.09,NA,1309.11,NA,13662.56,2024
3,"United States","Summary",194285.54,10050254.89,194960.35,6758417.63,221283.92,8963403.73,150645.45,9163105.17,188608.37,9723744.8,274146.81,10482150.9,230610.55,11288614.61,194851.97,11810494.14,211470,9932684.57,134166,10651462.55,165162,10146039.45,69022,10531112.52,2229213,119501485,2024
3,"United States","Fibres, not spun",14017,17012.17,10581,13471.34,14017,18081.12,14737,18224.39,11858,16864.44,7821,12382.14,11963,17437.96,13008,18249.45,10260,13681.67,10493,14460.73,10641,14233.71,12346,16236.77,141742,190335.93,2024
3,"United States","Petroleum oil, refined",0,0,0,0,0,0,0,0,NA,0,NA,0,NA,0,0,0,0,0,0,0,0,0,NA,0,NA,0,2024
3,"United States","Pieces of cloth and other technical cloths",0,18555.53,0,16904.63,0,19619.32,0,19196.2,NA,15063.36,NA,19634.55,NA,17819.01,0,15808.85,0,12889.1,0,14488.24,0,14341.09,NA,10791.7,NA,195111.65,2024
3,"United States","Bags, pockets, wallets, suitcases, hats and umbrellas",0,151237.77,0,84319.16,0,125094.38,0,143134.46,NA,137192.59,NA,150662.68,NA,183970.21,0,191476.23,0,138846.82,0,151596.05,0,168341.56,NA,176760.99,NA,1802632.96,2024
3,"United States","Animal fodder and materials",0,11492.6,0,6420.3,0,9759.65,0,11262.82,NA,12388.26,NA,12281.23,NA,11319.42,0,14037.99,0,10435.17,0,12179.47,0,8362.97,NA,9416.11,NA,129356.05,2024
3,"United States","Glass and glassware",0,14637.31,0,5945.47,0,12302.37,0,13713.48,NA,19845.59,NA,18876.37,NA,24299.07,0,22969.13,0,18598.58,0,19700.54,0,18943.64,NA,21815.65,NA,211647.26,2024
3,"United States","Articles of rubber",0,36162.37,0,22604.79,0,36778.56,0,38034.16,NA,35201.28,NA,33345.8,NA,35259.58,0,35281.29,0,34424.55,0,38202.65,0,42404.35,NA,49575.81,NA,437275.24,2024
3,"United States","Iron, Steel",139218,113888.93,158582,136503.31,166062,149212.32,94887,91727.84,144520,108684.14,233312,183402.26,182606,138894.49,142569,114650.9,169625,124415.15,89684,61852.33,124878,72882.43,24213,22849.13,1670156,1318963.27,2024
3,"United States","Articles of iron and steel",0,103344.46,0,68222.34,0,129929.83,0,109602.88,NA,100696.68,NA,105129.58,NA,97489.53,0,119917.44,0,100239.83,0,123054.29,0,107125.96,NA,166291.42,NA,1331044.29,2024
3,"United States","Articles of plastics",0,256121,0,140226.91,0,235704.63,0,268332.87,NA,227716.66,NA,240232.11,NA,254948.07,0,281146.6,0,242489.88,0,291151.53,0,305547.22,NA,338191.91,NA,3081809.42,2024
3,"United States","Rattan, bamboo and rush products",0,31262.05,0,17788.91,0,28086.82,0,29497.05,NA,31562.35,NA,34215.11,NA,30518.6,0,24606.09,0,19971.08,0,20568.24,0,23327.94,NA,29244.36,NA,320648.65,2024
3,"United States","Pottery and glasware",0,17011.63,0,8756.44,0,16507.03,0,16369.67,NA,9342.71,NA,12943.22,NA,13837,0,14190.34,0,12776.19,0,17179.11,0,18861.6,NA,22287.02,NA,180062.02,2024
3,"United States","Means of transport and equipment",0,289798.56,0,203825.18,0,271180.52,0,251777.76,NA,259781.4,NA,259847.23,NA,330798.25,0,302682.47,0,230791.22,0,266276.69,0,295997.94,NA,311068.63,NA,3273825.91,2024
3,"United States","Auxiliary materials for textile, garment, leather, footwear",0,11260.63,0,7751.16,0,12064.81,0,13527.6,NA,11865.09,NA,14409.38,NA,16275.18,0,15803.07,0,13813.54,0,15741.97,0,15984.34,NA,17015.29,NA,165512.11,2024
3,"United States","Computers, Electronical products & parts",0,1788701.91,0,1448868.31,0,1802123.04,0,1757088.75,NA,2142614.15,NA,2215771.67,NA,2039498.62,0,2311540.29,0,1814373.23,0,1857788.18,0,1803443.73,NA,2219743.67,NA,23201555.61,2024
3,"United States","Other Machinery, instrument, accessory",0,1567070.74,0,1129904.89,0,1513692.12,0,1427760.56,NA,1711219.15,NA,1836495.37,NA,1961167.03,0,2003999.98,0,2334342.55,0,2511808.64,0,2220135.63,NA,1834926.37,NA,22052523.09,2024
3,"United States","Cameras and their parts",0,77199.63,0,59630.63,0,97367.92,0,83340.95,NA,101798.23,NA,104751.39,NA,127944.09,0,138546.99,0,111045.13,0,127014.56,0,90918.95,NA,88786.7,NA,1208345.21,2024
3,"United States","Other base metals and products",0,76597.26,0,50891.42,0,75574.71,0,60605.14,NA,62275.39,NA,60455.09,NA,68156.35,0,84218.46,0,66207.89,0,63128.94,0,66071.3,NA,83086.3,NA,817268.3,2024
3,"United States","Chemicals",0,5155.1,0,2740.46,0,3383.79,0,6717.9,NA,3494.93,NA,4114.21,NA,4697.62,0,6925.49,0,7802.24,0,5282.78,0,5852.7,NA,6175.91,NA,62343.19,2024
3,"United States","Pepper",4831,20020.52,3904,16514.05,6537,28569.21,9222,42788.91,5838,28792.98,6993,34368.09,5907,34548.16,8615,52939.51,6352,41103.53,5930,38303.18,5557,39349.56,4024,30285.8,73710,407583.54,2024
3,"United States","Cashew nut",15623,81776.76,7382,39443.93,16137,86809.85,18938,100701.76,17967,96140.04,17042,100203.63,20921,129384.16,20133,128871.36,16374,108874.44,15430,102021.35,13537,93137.56,12699,86767.51,192183,1154132.4,2024
3,"United States","Seafood",0,110965.56,0,77623.42,0,134781.66,0,153272.55,NA,145276.33,NA,160104.78,NA,181528.43,0,199777.29,0,172297.66,0,194929.66,0,151860.58,NA,150482.49,NA,1832900.46,2024
3,"United States","Fresh and pocessed vegetables and fruit",0,22520.63,0,17106.74,0,28055.25,0,27037.95,NA,30510.49,NA,32354.93,NA,31854.73,0,37583.51,0,27436.15,0,32670.15,0,32976.54,NA,40299.69,NA,360406.8,2024
3,"United States","Textile, sewing products",0,1322102.5,0,865007.89,0,1106980.62,0,1191607.32,NA,1240628.01,NA,1489045.53,NA,1716228.97,0,1855811.37,0,1227468.45,0,1292069.83,0,1307727.83,NA,1537115.99,NA,16151794.38,2024
3,"United States","Paper and paper products",0,41763.77,0,28787.72,0,46641.39,0,71023.12,NA,57693.07,NA,48943.8,NA,60578.08,0,80514.76,0,52636.73,0,50222.15,0,46061.54,NA,50928.41,NA,635794.6,2024
3,"United States","Footwear",0,687746.05,0,425888.06,0,594205.83,0,712907.74,NA,695682.67,NA,724126.99,NA,877431.33,0,864565.71,0,589981.66,0,688163.26,0,713915.74,NA,709784.13,NA,8284399.21,2024
3,"United States","Wood and wooden products",0,820984.38,0,368165.45,0,702595.82,0,792908.29,NA,676712.44,NA,712281.08,NA,813975.57,0,861163.62,0,744025.07,0,849459.04,0,826951.63,NA,887376.04,NA,9056598.49,2024
3,"United States","Rice",2320.54,2145.17,1382.35,1307.7,4419.92,3393.11,1662.45,1477.77,2758.37,2397.04,2763.81,2588.52,1816.55,1780.05,2267.97,1994.15,2881,2463.86,4088,4110.63,2833,2831.24,3768,3693.39,32962,30182.7,2024
3,"United States","Crude oil",0,0,0,0,0,0,0,0,NA,0,NA,0,NA,0,0,0,0,0,0,0,0,0,NA,0,NA,0,2024
3,"United States","Electrical wire and cable",0,72074.88,0,45616.85,0,71691.07,0,78212.15,NA,79196.65,NA,81231.45,NA,85555.31,0,99947.47,0,82163.53,0,84579.73,0,88809.57,NA,101433.07,NA,970511.79,2024
3,"United States","Tea",913,1202.19,325,433.24,649,860.16,659,902.07,642,1120.37,865,1236.19,562,881.54,800,1314.92,391,541.86,706,1072.91,449,649.68,677,1189.07,7638,11404.28,2024
3,"United States","Rubber",2240,3258.51,2181,3421.09,1955,3152.13,1091,1870.53,655,1116.95,1769,2898.91,3680,6554.42,3116,5411.21,3487,6053.29,4251,7781.56,2838,5724.59,2119,4357.27,29382,51600.52,2024
3,"United States","Coffee",15123,44284.53,10623,34496.79,11507,40555.48,9449,35683.11,4370,18437.47,3581,15654,3155,14293.62,4343,20158.18,2100,10951.28,3584,18751.39,4429,22807.13,9176,46752.54,81440,322825.58,2024
3,"United States","Chemical products",0,10048.26,0,6069.86,0,8728.51,0,8820.57,NA,7374.32,NA,7475.61,NA,6368.98,0,8798.84,0,7014.35,0,7971.69,0,8899.9,NA,9362.99,NA,96933.94,2024
3,"United States","Sweets, cookies and cereal preparations",0,10805.36,0,7503.69,0,13446.68,0,15857.74,NA,12086.35,NA,13737.21,NA,14192.68,0,16936.13,0,14700.16,0,21576.99,0,19120.28,NA,19371.97,NA,179335.29,2024
3,"United States","Telephones and their parts",0,1393906.5,0,913386.83,0,751423.75,0,737646.98,NA,813655.67,NA,873577.54,NA,1004675.92,0,828620.69,0,694278.74,0,696265.2,0,642672.07,NA,474321.77,NA,9824431.7,2024
3,"United States","Toys, games and sports requisites; parts and accessories thereof",0,116100.8,0,75855.68,0,114726.62,0,125427.15,NA,138733.2,NA,151889.35,NA,189355.45,0,227850.4,0,164917.48,0,170408.5,0,140673.39,NA,165236.16,NA,1781174.2,2024
3,"United States","Precious stones, precious metals and their products",0,30715.76,0,10692.27,0,29917.97,0,25649.05,NA,24593.92,NA,20460.26,NA,19312.13,0,19107.39,0,16431.86,0,21905.2,0,21974.07,NA,16989.9,NA,257749.84,2024
3,"Japan","Summary",61420.06,2229674.29,37867.69,1387853.31,53688.03,2072436.18,95727.32,1882874.33,83682,1850698.39,75449,1910680.84,144367,2313686.36,122063.87,2372382.94,142468.48,2001836.66,77179.51,2240736.13,43647,2173039.78,82633,2172586.31,1020193,24608485.55,2024
3,"Japan","Fibres, not spun",6625.06,8735.44,2334.69,6468.89,2853.03,8325.13,2883.32,8534.71,2654,7216.73,2698,7320.68,3374,8040.48,2417.87,9126.04,3898.48,8191.64,2757.51,7943.4,3775,8764.43,3720,8312.6,39991,96980.22,2024
3,"Japan","Pieces of cloth and other technical cloths",0,4120.08,0,3814.32,0,4900.13,0,4215.24,NA,4643.78,NA,4539.31,NA,4978.28,0,6050.08,0,5276.89,0,5639.94,0,4209.77,NA,4680.7,NA,57068.58,2024
3,"Japan","Bags, pockets, wallets, suitcases, hats and umbrellas",0,42060.55,0,22356.05,0,25603.07,0,25396.79,NA,24496.28,NA,29757.23,NA,35938.71,0,29620.68,0,24723.95,0,30786.18,0,36101.62,NA,43307.19,NA,370148.36,2024
3,"Japan","Animal fodder and materials",0,2218.58,0,1402.23,0,2367.09,0,2892.44,NA,2685.73,NA,2124.52,NA,2570.52,0,2080.23,0,1773.18,0,1509.14,0,2034.79,NA,1895.39,NA,25553.9,2024
3,"Japan","Glass and glassware",0,2559.04,0,979.76,0,4915.93,0,3234.35,NA,4563.3,NA,3962.52,NA,4773.12,0,4843.52,0,1408.93,0,1527.42,0,5911.78,NA,1148.95,NA,39828.67,2024
3,"Japan","Coal",143,46.89,0,0,85,32.14,33176,8629.61,144,39.51,25045,7840.3,188,79.29,61036,13263,61424,13364.46,5501,1357.7,0,0,43096,9715.4,229838,54368.35,2024
3,"Japan","Articles of rubber",0,16740.2,0,10256.85,0,15408.65,0,13384.91,NA,13646.49,NA,12772.17,NA,12810.61,0,14751.25,0,11788.96,0,15354.48,0,16272.07,NA,14017.12,NA,167203.79,2024
3,"Japan","Iron, Steel",9923,8870.84,6126,5508.12,11592,9729.87,10940,8585.59,8745,7471.54,8019,7051.42,24990,16461.67,7794,6920.5,10362,8413.48,4158,5003.13,5456,5727.06,4248,4836.19,112353,94579.46,2024
3,"Japan","Articles of iron and steel",331,171.58,0,0,72,18.71,135,51.02,169,36.4,148,35.1,141,46.12,135,43.14,65,1.43,1175,551.17,106,31.59,916,351.98,3393,1338.29,2024
3,"Japan","Cassava & products",0,50476.62,0,35952.6,0,55908.35,0,47637.44,NA,52342.81,NA,54901.3,NA,52080.89,0,56370.17,0,47815.37,0,52941.14,0,53561.98,NA,52751.46,NA,612740.17,2024
3,"Japan","Articles of plastics",0,64834.8,0,45274.79,0,66550.97,0,58902.26,NA,61901.06,NA,58999.03,NA,61431.82,0,63798.94,0,58052.89,0,65715.12,0,65189.5,NA,60316.05,NA,730967.29,2024
3,"Japan","Rattan, bamboo and rush products",0,5178.3,0,2980.86,0,4621.87,0,5519.56,NA,3620.85,NA,4693.02,NA,4516.86,0,7909.86,0,6409.9,0,6836.85,0,6097.09,NA,3427.05,NA,61812.13,2024
3,"Japan","Pottery and glasware",0,9187.53,0,6042.7,0,7639.77,0,7355.25,NA,7283.75,NA,7337.57,NA,7051.65,0,7418.61,0,7015.07,0,6774.9,0,7699.29,NA,8407.64,NA,89213.77,2024
3,"Japan","Ores and other minerals",9894,2225.44,5614,775.48,5652,802.3,22424,2160.67,14652,1085.69,15314,2936.12,13878,850.77,24163,4567.62,8633,568.47,195,51.75,17847,3140.34,4593,622.19,142859,19786.91,2024
3,"Japan","Means of transport and equipment",0,307313.57,0,183565.16,0,227785.58,0,224722.61,NA,233901.27,NA,240297.21,NA,257451.97,0,278084.93,0,232023.38,0,282905.31,0,276408.54,NA,282021.63,NA,3026481.2,2024
3,"Japan","Fertilizers",5613,2449.01,3214,1358.41,5062,2299.83,1213,542.98,1512,613.53,877,393.75,1404,590.7,1575,616.08,3093,1284.53,3635,1530.61,1648,719.99,3806,1653.23,32652,14052.69,2024
3,"Japan","Auxiliary materials for textile, garment, leather, footwear",0,11068.39,0,8527.26,0,12460.08,0,11411.41,NA,10896.78,NA,10606.17,NA,10152.73,0,11877.81,0,12445.5,0,12379.41,0,10370.04,NA,10980.61,NA,133176.24,2024
3,"Japan","Computers, Electronical products & parts",0,131056.9,0,85694.93,0,113956.32,0,106499.97,NA,113513.31,NA,121665.45,NA,151001.26,0,112155.24,0,114978.85,0,141635.51,0,130098.5,NA,137345.02,NA,1459601.33,2024
3,"Japan","Other Machinery, instrument, accessory",0,237349.61,0,180735.97,0,230259.19,0,228843.7,NA,203042.99,NA,208019.39,NA,223611.66,0,252270.11,0,266348.02,0,261753.37,0,248059.43,NA,226207.47,NA,2766500.97,2024
3,"Japan","Cameras and their parts",0,10219.88,0,5414.38,0,13043.06,0,8233.58,NA,10606.5,NA,9458.87,NA,10611.52,0,12631.43,0,9800.6,0,12520.42,0,12978.41,NA,12584.13,NA,128102.83,2024
3,"Japan","Other base metals and products",0,28688.2,0,22631.9,0,30485.76,0,27372.6,NA,30804.01,NA,27470,NA,29694.93,0,29866.35,0,26037.08,0,27901.98,0,29073.18,NA,30482.57,NA,340508.61,2024
3,"Japan","Chemicals",0,31671.34,0,27061.95,0,32236.12,0,30017.4,NA,29459.92,NA,31882.28,NA,32040.1,0,36145.64,0,27994.29,0,42997.69,0,34612.98,NA,25865.31,NA,381985.07,2024
3,"Japan","Pepper",346,1227.95,269,1039.64,341,1270.1,318,1261.19,442,1808.03,303,1242.89,353,1553.25,311,1414.45,349,1794.04,531,3010.56,615,3498.34,419,2371.95,4597,21492.43,2024
3,"Japan","Cashew nut",1108,6605.15,466,2783.36,800,4869.5,719,4119.29,875,5042.5,827,4953.07,902,6008.95,859,5442.05,770,5025.94,825,5415.5,1122,7617.14,842,5658.66,10115,63541.17,2024
3,"Japan","Seafood",0,130269.58,0,66632.46,0,124611.93,0,129164.17,NA,129233.32,NA,124254.98,NA,135707.72,0,137754.98,0,133308.61,0,152270.13,0,148178.79,NA,120862.81,NA,1532249.51,2024
3,"Japan","Fresh and pocessed vegetables and fruit",0,16877.38,0,10162.12,0,17353.64,0,18663.44,NA,16924.77,NA,19002.84,NA,18618.54,0,17894.72,0,16405.64,0,18482.1,0,18377.53,NA,14526.39,NA,203289.15,2024
3,"Japan","Textile, sewing products",0,386689.71,0,243539.24,0,327687.27,0,320530.49,NA,275820.57,NA,320257.24,NA,422035.46,0,451654.85,0,377138.89,0,424750.25,0,387349.34,NA,391718.32,NA,4329171.66,2024
3,"Japan","Paper and paper products",0,6298.08,0,4254.96,0,6398.32,0,6087.43,NA,6051.15,NA,5544.38,NA,6423.03,0,7192.03,0,5727.8,0,7628.75,0,7168.44,NA,6794.67,NA,75569.1,2024
3,"Japan","Footwear",0,116986.59,0,64744.36,0,76191.24,0,80485.67,NA,89614.76,NA,86692.21,NA,96419.89,0,107705.07,0,66960.47,0,85385.89,0,98202.2,NA,118541.03,NA,1087929.43,2024
3,"Japan","Wood and wooden products",0,162823.14,0,107500.05,0,151894.33,0,127281.52,NA,128618,NA,119657.2,NA,163513.52,0,171145.76,0,123252.64,0,167887.08,0,144135.04,NA,180910.11,NA,1748618.43,2024
3,"Japan","Crude oil",0,0,0,0,0,0,NA,0,39165,28099.71,NA,0,78821,52455.68,NA,0,32747,14648.56,40788,29823.01,0,0,NA,0,191521,125026.97,2024
3,"Japan","Electrical wire and cable",0,28364.97,0,19205.53,0,29165.33,0,26542.11,NA,26533.23,NA,27105.35,NA,28800.32,0,32907.05,0,25604.63,0,29713.35,0,29710.7,NA,29011.89,NA,332664.52,2024
3,"Japan","Plastic materials",10126,10838.79,12252,12902.03,12442,13480.12,10172,11088.42,7923,8574.62,15678,17056.97,13795,14549.43,15222,16452.42,16360,17412.06,14851,16166.86,9364,10356.31,9971,10665.12,148156,159543.2,2024
3,"Japan","Rubber",881,1469.66,602,1021.77,828,1478.91,490,911.55,604,1152.1,731,1536.77,1091,2211.53,1061,2106.26,930,1892.22,1014,2130.32,1359,3108.61,1225,2761.55,10816,21781.29,2024
3,"Japan","Coffee",16430,54253.08,6990,27650.75,13961,50003.04,13257,51383.01,6797,29724.77,5809,26346.91,5430,29069.61,7490,41936.75,3837,22240.84,1749,13267.15,2355,16395.61,9797,54817.9,93902,417089.47,2024
3,"Japan","Chemical products",0,11340.54,0,8215.74,0,12069.04,0,11561.05,NA,10502.57,NA,11666.43,NA,11228.91,0,12369.15,0,11427.19,0,11046.06,0,11195.15,NA,12014.7,NA,134636.57,2024
3,"Japan","Sweets, cookies and cereal preparations",0,8910.18,0,4301.83,0,8410.01,0,8202.86,NA,7797.37,NA,9454.7,NA,8170.02,0,10407.75,0,9455.49,0,11257.28,0,11776.19,NA,9327.65,NA,107471.38,2024
3,"Japan","Telephones and their parts",0,105291.22,0,23646.6,0,208041.14,0,170454.78,NA,94599.28,NA,94450.3,NA,198352.74,0,108594.87,0,96403.34,0,86006.97,0,109697.08,NA,82090.17,NA,1377628.54,2024
3,"Japan","Toys, games and sports requisites; parts and accessories thereof",0,58688.17,0,33795.91,0,36713.95,0,35473.45,NA,45763.76,NA,63225.15,NA,49437.39,0,53653.82,0,46682.93,0,62270.94,0,64215.81,NA,43557.27,NA,593478.58,2024
3,"Japan","Precious stones, precious metals and their products",0,6455.67,0,5190.36,0,5763.35,0,5601.21,NA,5538.08,NA,4918.59,NA,5195.36,0,6737.34,0,6857.05,0,7399.33,0,7161,NA,6113.16,NA,72930.55,2024
3,"Korea","Summary",192722,2340866.3,73100,1832139.35,164881,2191390.06,150024,1921518.92,149595,1972138.46,139677,1985260.54,96574,2250284.6,129506,2363233.88,88921,2088572.75,104059,2288079.28,114765,2116043.07,178560,2269654.59,1582384,25619181.84,2024
3,"Korea","Fibres, not spun",14465,41211.35,11172,32987.94,16284,48014.34,13314,40065.66,12535,36558.81,12359,35537.48,12570,34363.42,12554,35287.69,11195,31213.61,12508,35565.05,11696,31487.41,12466,34417.6,153118,436710.41,2024
3,"Korea","Petroleum oil, refined",24742,22577.69,16852,15118.6,19352,17866.68,22371,20313.63,22371,20155.52,27301,24441.71,21166,18425.56,12186,11226.8,7377,6616.31,21807,17415.33,18606,14220.16,33174,26487.17,247305,214865.23,2024
3,"Korea","Pieces of cloth and other technical cloths",0,6709.13,0,5242.78,0,6166.26,0,6015.91,NA,6568.14,NA,6896.31,NA,7511.31,0,8203.56,0,6814.58,0,7502.72,0,8969.23,NA,6866.24,NA,83466.23,2024
3,"Korea","Bags, pockets, wallets, suitcases, hats and umbrellas",0,15567.37,0,9862.43,0,13083.63,0,11889.63,NA,13354.84,NA,14716.67,NA,13732.92,0,12041.85,0,11202.45,0,10063,0,13975.42,NA,13271.83,NA,152762.1,2024
3,"Korea","Animal fodder and materials",0,2064.64,0,1212.94,0,2842.82,0,2285.22,NA,1222.01,NA,2257.12,NA,1025.81,0,1967.22,0,1570.33,0,1905.9,0,2034,NA,1278.51,NA,21666.56,2024
3,"Korea","Glass and glassware",0,1302.75,0,680.77,0,813.51,0,1143.63,NA,1572.98,NA,1426.8,NA,1642.26,0,1150.51,0,766.9,0,1084.76,0,1119.32,NA,1134.06,NA,13838.29,2024
3,"Korea","Coal",0,0,166,40,25,5.93,102,39.01,NA,0,NA,0,11000,2156,3300,651.68,0,0,-1,0,5027,942.1,5500,1023,25119,4857.74,2024
3,"Korea","Articles of rubber",0,8766.85,0,5009.85,0,10020.36,0,8778.77,NA,8997.41,NA,8079.89,NA,7776.91,0,9430.27,0,7587.99,0,8260.58,0,8139.94,NA,9080.75,NA,99929.6,2024
3,"Korea","Iron, Steel",41331,39009.18,23258,29115.19,28305,36048.15,31347,35374.13,24392,32189.66,21474,31800.9,22711,32526.69,28642,41448.01,11813,22678.61,42019,36284.16,14039,11573.46,13639,17729.38,302970,365777.58,2024
3,"Korea","Casava and casava products",42,26.72,0,0.25,1418,495.51,1585,579.38,24222,7205.41,8582,2689.43,405,218.34,435,254.47,326,173.27,422,221.55,709,366.5,412,199.55,38558,12430.4,2024
3,"Korea","Articles of iron and steel",0,17285.4,0,14272.28,0,22861.54,0,17535.09,NA,23446.55,NA,25807.65,NA,20112.69,0,20736.88,0,14916.63,0,18234.79,0,22083.15,NA,20240.82,NA,237533.52,2024
3,"Korea","Articles of plastics",0,24537.23,0,20435.66,0,25672.29,0,23783.51,NA,27150.99,NA,26925.88,NA,29403.92,0,27423.46,0,21635.95,0,26488.07,0,24234.88,NA,24172.44,NA,301864.31,2024
3,"Korea","Rattan, bamboo and rush products",0,1326.62,0,1090.73,0,2148.01,0,1938.37,NA,1787.84,NA,1923.57,NA,1614.76,0,1467.36,0,1213.73,0,1796.68,0,1545.98,NA,1518.55,NA,19372.24,2024
3,"Korea","Pottery and glasware",0,2361.24,0,2078.79,0,2378.98,0,2795.29,NA,2210.37,NA,2384.79,NA,2113.52,0,2649.82,0,2421.33,0,2565.85,0,2243.49,NA,2245.86,NA,28449.36,2024
3,"Korea","Ores and other minerals",52282,650.8,0,0,78210,942.93,57048,961.39,52825,833.85,50261,1024.4,NA,0,55860,1073.13,237,392.69,643,951.69,33068,421.3,46128,798.98,426562,8051.21,2024
3,"Korea","Means of transport and equipment",0,158798.35,0,82796.1,0,168751.08,0,107198.58,NA,170281.06,NA,122420.02,NA,113317.29,0,115345.4,0,160383.66,0,124088.06,0,126783.15,NA,130381.12,NA,1580543.92,2024
3,"Korea","Fertilizers",47206,19348.75,13514,5852.44,8227,3735.83,14438,5548.52,2122,804.7,10160,4243.44,19030,8150.72,8332,3381.44,23106,8921.13,18199,6862.53,23924,9334.58,31916,12954.81,220174,89138.92,2024
3,"Korea","Auxiliary materials for textile, garment, leather, footwear",0,9210.96,0,5167.47,0,10686.51,0,7669.54,NA,8658.86,NA,7804.09,NA,8556.47,0,9526.7,0,7644.32,0,8260.63,0,7916.06,NA,8298.79,NA,99400.44,2024
3,"Korea","Computers, Electronical products & parts",0,539679.25,0,543100.97,0,446894.21,0,332729.06,NA,346291.6,NA,371087.72,NA,410815.84,0,509960.86,0,528605.53,0,505601.61,0,568620.12,NA,622743.63,NA,5726130.46,2024
3,"Korea","Other Machinery, instrument, accessory",0,277925.58,0,197923.17,0,273559.11,0,253979.13,NA,320770.26,NA,273443.77,NA,328786.08,0,289179.78,0,253249.55,0,302437.69,0,250642.59,NA,240193.25,NA,3262090,2024
3,"Korea","Cameras and their parts",0,53724.56,0,39076.94,0,40251.22,0,38636.08,NA,42188.75,NA,28526.98,NA,32673.68,0,41465.63,0,33437.62,0,33087.51,0,37594.69,NA,42937.26,NA,463600.98,2024
3,"Korea","Other base metals and products",0,26948.69,0,21034.95,0,28998.21,0,34545.4,NA,42298.3,NA,34038.56,NA,33941.49,0,30215.01,0,27635.88,0,32130.99,0,29730.05,NA,31336.63,NA,372854.2,2024
3,"Korea","Chemicals",0,11002.58,0,9251.73,0,13764.16,0,8900.88,NA,12396.93,NA,8577.54,NA,12728.38,0,6799.55,0,7739.36,0,13126.27,0,11738.45,NA,17359.63,NA,133385.52,2024
3,"Korea","Pepper",790,3221.58,403,1709.11,972,4442.54,535,2598.08,576,2946.59,765,4886.06,512,3702.82,705,4499.74,453,3045.56,382,2789.6,580,3809.18,242,1655.62,6915,39306.53,2024
3,"Korea","Seafood",0,67826.53,0,36474.54,0,62711.39,0,62851.07,NA,68380.73,NA,64723.94,NA,72415.7,0,75205.09,0,58390.58,0,79802.25,0,82928.27,NA,74953.17,NA,806663.3,2024
3,"Korea","Fresh and pocessed vegetables and fruit",0,21774.69,0,19242.23,0,33561.01,0,33996.12,NA,28844.25,NA,26990.73,NA,24699.18,0,25780.01,0,24346,0,24833.16,0,25306.56,NA,25605.8,NA,314979.8,2024
3,"Korea","Textile, sewing products",0,285404.49,0,229662.46,0,286847.55,0,224485.45,NA,145185.09,NA,183782.36,NA,277127.55,0,421958.01,0,329907.08,0,349616.94,0,186062.49,NA,228588.08,NA,3148627.59,2024
3,"Korea","Paper and paper products",0,3382.83,0,3039.14,0,3996.85,0,4050.22,NA,4270.39,NA,3795.62,NA,4052.24,0,3746.56,0,3835.82,0,4121.13,0,3397.88,NA,3615.85,NA,45304.58,2024
3,"Korea","Footwear",0,67531.62,0,44638.85,0,45548.04,0,40126.04,NA,62914.56,NA,60615.53,NA,60201.16,0,70624.63,0,39867.87,0,36301.93,0,65474.9,NA,66529.93,NA,660375.11,2024
3,"Korea","Wood and wooden products",0,70001.97,0,42360.5,0,64852.05,0,82782.14,NA,61519.34,NA,67870.02,NA,62734.77,0,69576.87,0,53281.01,0,73656.67,0,74526.92,NA,84757.71,NA,807920.01,2024
3,"Korea","Crude oil",0,0,0,0,0,0,0,0,NA,0,NA,0,NA,0,0,0,28580,16327.94,0,0,0,0,27492,15691.46,56072,32019.4,2024
3,"Korea","Electrical wire and cable",0,35745.31,0,30146.85,0,41430.16,0,37124.77,NA,44427.4,NA,41668.53,NA,38321.12,0,37495.93,0,30224.27,0,33372.84,0,36457.34,NA,34363.02,NA,440777.59,2024
3,"Korea","Plastic materials",1890,4031.5,2113,3655.31,2950,5168.53,2123,4174.52,2234,4559.71,2046,3957.28,2049,4017.98,2260,4030.9,2209,3215.43,2284,3711.32,1725,3223.17,2060,3551.66,25943,47297.37,2024
3,"Korea","Rubber",5331,8226.1,2873,4546.12,3851,6525.08,3223,5599.65,4876,8177.25,3620,6598.35,4018,7343.4,2864,5249.07,1841,3538.95,3146,6665.23,3465,7573.67,2862,6205.28,41970,76248.17,2024
3,"Korea","Coffee",4643,11907.89,2749,8851.8,5287,17454.29,3938,13550.48,3442,11285.52,3109,12626.62,3113,14474.22,2368,10674.76,1784,6160.64,2650,12687.17,1926,7826.85,2669,14476.87,37678,141977.15,2024
3,"Korea","Chemical products",0,8041.06,0,5851.69,0,7752.02,0,9174.85,NA,7905.85,NA,9719.33,NA,9209.14,0,9818.57,0,8575.54,0,11002.81,0,8486.16,NA,7211.99,NA,102749.06,2024
3,"Korea","Sweets, cookies and cereal preparations",0,8084.46,0,5567.36,0,8183.93,0,8864.78,NA,6753.58,NA,8090.65,NA,7823.58,0,7845.61,0,6913.85,0,7846.87,0,10527.22,NA,9581.25,NA,96083.19,2024
3,"Korea","Telephones and their parts",0,330239.88,0,254639.66,0,301369.94,0,276513.68,NA,272147.16,NA,334227.79,NA,410553.04,0,291044.55,0,224008.44,0,302389.31,0,263135.89,NA,295619.88,NA,3555889.27,2024
3,"Korea","Toys, games and sports requisites; parts and accessories thereof",0,4851.16,0,1549.54,0,3250.27,0,4070.64,NA,2300.42,NA,3321.28,NA,3509.2,0,3806.09,0,2427.25,0,3103.3,0,3588.28,NA,4510.16,NA,40287.65,2024
3,"Korea","Precious stones, precious metals and their products",0,4498.71,0,3352.85,0,4333.88,0,5601.8,NA,4429.06,NA,3995.49,NA,4308.05,0,4331.7,0,2853.44,0,3846.54,0,5821.44,NA,4767.45,NA,52140.48,2024
3,"Australia","Summary",62091,521885.64,38531,358955.39,61995,473784.17,65139,596069.05,98496,622426.45,61625,571233.69,111782,614040.61,84389,639578.71,64203,627946.42,100235,481517.56,48501,463497.01,121151,505401.59,918138,6476336.34,2024
3,"Australia","Bags, pockets, wallets, suitcases, hats and umbrellas",0,6475.34,0,2801.23,0,4570.64,0,4131.36,NA,4447.12,NA,5418.85,NA,6029.59,0,8481.99,0,5681.58,0,6341.11,0,7075.41,NA,7303.49,NA,68757.76,2024
3,"Australia","Articles of rubber",0,1181.12,0,839.66,0,1615.39,0,2419.36,NA,1580.48,NA,1761.23,NA,1788,0,2888.69,0,2022.76,0,2422.61,0,1586.8,NA,1975.75,NA,22081.9,2024
3,"Australia","Iron, Steel",24453,18112.23,6177,5422.61,18847,13125.19,15967,11563.87,21007,15879.14,41394,27055.35,40815,27626.53,16247,10750.76,27779,18469.9,25557,16175.45,29873,17176.57,26802,16208.25,294918,197565.92,2024
3,"Australia","Articles of iron and steel",0,15768.82,0,8223.05,0,14961.61,0,13935.46,NA,13968.16,NA,16494.29,NA,16588.62,0,18405.38,0,15727.98,0,19057.92,0,14097.72,NA,15929.18,NA,183158.25,2024
3,"Australia","Articles of plastics",0,8251.49,0,6028.17,0,8370,0,8318.84,NA,7795.31,NA,8502.02,NA,9133.64,0,8845.99,0,7445.61,0,9585.61,0,7155.19,NA,9462.05,NA,98893.96,2024
3,"Australia","Other furniture products (excluding wooden furniture)",0,2978.01,0,1702.76,0,2301.54,0,2332.59,NA,2058.85,NA,3437.86,NA,5484.66,0,5346.53,0,3953.66,0,4195.79,0,3369.96,NA,3420.94,NA,40583.2,2024
3,"Australia","Rattan, bamboo and rush products",0,1216.78,0,827.03,0,1147.86,0,988.13,NA,916.12,NA,1333.01,NA,1514.44,0,1306.93,0,1723.17,0,911.36,0,1075.21,NA,1253.67,NA,14213.76,2024
3,"Australia","Pottery and glasware",0,1442.98,0,1048.31,0,1337.67,0,1344.21,NA,1130.5,NA,1435.98,NA,1581.29,0,1326.64,0,1490.76,0,1927.82,0,1111.36,NA,1519.68,NA,16697.27,2024
3,"Australia","Means of transport and equipment",0,6534.27,0,5840.45,0,29388.94,0,13294.79,NA,8439.77,NA,9938.26,NA,9110.08,0,8074.8,0,6682.88,0,10291.37,0,5776.87,NA,7212.9,NA,120585.44,2024
3,"Australia","Auxiliary materials for textile, garment, leather, footwear",0,598.98,0,318.3,0,629.13,0,781.96,NA,380.79,NA,1204.56,NA,969.36,0,1269.42,0,1152.65,0,1475.9,0,593.93,NA,883.02,NA,10258.04,2024
3,"Australia","Computers, Electronical products & parts",0,35776.79,0,45397.9,0,40321.53,0,62791.76,NA,44173.39,NA,50143.3,NA,65946.7,0,71309.7,0,70320.61,0,62547.15,0,62660.72,NA,59033.48,NA,670423.08,2024
3,"Australia","Other Machinery, instrument, accessory",0,45461.18,0,32427.64,0,50206.27,0,86331.92,NA,191728.63,NA,149177.72,NA,140706.09,0,138407.48,0,155172.77,0,62874.57,0,42475.5,NA,42675.3,NA,1137645.11,2024
3,"Australia","Cameras and their parts",0,2577.89,0,1848.79,0,3223.43,0,3426.96,NA,3498.78,NA,2333.96,NA,2619.09,0,3282.14,0,5492.23,0,3288.58,0,2868.47,NA,2296.92,NA,36757.29,2024
3,"Australia","Other base metals and products",0,8133.28,0,3477.34,0,3959.18,0,4138.69,NA,3121.27,NA,3660.74,NA,4802.91,0,4907.82,0,5623.89,0,7039.63,0,6247.54,NA,6151.92,NA,61264.27,2024
3,"Australia","Pepper",161,714.01,108,465.42,158,745,219,1018.99,143,735.19,277,1541.17,366,1812.84,206,1405.06,152,918.96,339,1773.47,125,911.1,236,1691.4,2490,13732.67,2024
3,"Australia","Cashew nut",1767,8985.95,1089,5674.58,1475,7725.25,1415,7361.59,1441,7933.63,1388,7413.54,1628,9488.3,2031,11780.91,1607,9268.15,1626,9502.4,1111,6510.38,1010,5936.14,17588,97580.86,2024
3,"Australia","Seafood",0,26639.82,0,18517.8,0,28428.19,0,26445.33,NA,26082.81,NA,27157.96,NA,31504.58,0,30491.19,0,33338.57,0,30122.28,0,30989.78,NA,33420.47,NA,343138.83,2024
3,"Australia","Fresh and pocessed vegetables and fruit",0,9024.89,0,6269.54,0,10431.88,0,9646.56,NA,6157.6,NA,7022.13,NA,9399.68,0,11364.25,0,9770.16,0,9444.97,0,11264.93,NA,11400.51,NA,111197.16,2024
3,"Australia","Textile, sewing products",0,53247.11,0,33174.04,0,44716.13,0,39625.94,NA,41661.19,NA,46203.06,NA,54779.78,0,58336.41,0,46213.77,0,48443.19,0,48085.47,NA,55784.88,NA,570271,2024
3,"Australia","Paper and paper products",0,7874.43,0,5323.16,0,7631.68,0,7567.84,NA,7399.14,NA,7448.49,NA,6617.84,0,8392.46,0,7321.85,0,7663.51,0,6702.59,NA,7156.69,NA,87099.72,2024
3,"Australia","Footwear",0,29666.88,0,19602.17,0,26357.32,0,34275.53,NA,35313.56,NA,35002.76,NA,35803.05,0,39229.02,0,34938.06,0,39124.8,0,41059.35,NA,41361.78,NA,411734.33,2024
3,"Australia","Wood and wooden products",0,15793.19,0,7264.68,0,11564.87,0,11832.31,NA,13093.93,NA,12849.46,NA,13968.54,0,15944.85,0,15374.35,0,16655.58,0,11794.38,NA,14190.12,NA,160326.31,2024
3,"Australia","Rice",3472,2602.53,1298,1056.68,2582,2101.49,3390,2446.39,2253,1894.88,3417,3108.35,4205,3435.09,5641,4366.86,4309,3378.44,5606,4472.7,4067,3362.26,4426,3541.39,44666,35767.09,2024
3,"Australia","Electrical wire and cable",0,2746.36,0,1846.48,0,2538.76,0,2267.9,NA,4927.7,NA,5697.53,NA,5013.06,0,4229.86,0,3474,0,3526.24,0,2845.39,NA,4210.76,NA,43324.08,2024
3,"Australia","Clinkers and cement",30635,1456.43,28317,1448.69,35273,1657.97,40184,1424.7,71643,3907.23,13523,736.35,63338,3535.72,57909,3103.53,29122,1408.11,65211,3552.44,9956,518.75,87461,4476.43,532572,27226.4,2024
3,"Australia","Plastic materials",574,819.42,506,770.6,1702,2281,921,1493.97,1488,1869,1214,1683.19,1081,1526.98,952,1593.84,881,1429.52,1560,2171.52,587,989.74,532,828.4,11998,17457.24,2024
3,"Australia","Coffee",1029,3693.42,1036,3876.45,1958,7170.39,3043,11096.82,521,2640.99,412,2287.82,349,1993.68,1403,7680.6,353,2213.37,336,2066.78,2782,14225.28,684,4673.72,13906,63619.36,2024
3,"Australia","Chemical products",0,3332.06,0,1978.98,0,3507.67,0,4034.36,NA,2297.32,NA,3332.64,NA,3450.92,0,4086.67,0,4332.46,0,4094.25,0,2444.11,NA,3334.95,NA,40226.44,2024
3,"Australia","Sweets, cookies and cereal preparations",0,3403.42,0,1788.92,0,3223.15,0,2995.5,NA,2657.44,NA,3358.55,NA,4907.71,0,4669.13,0,4803.69,0,4570.38,0,4542.68,NA,4605.15,NA,45525.76,2024
3,"Australia","Telephones and their parts",0,108266.48,0,67857,0,79059.92,0,46623.44,NA,60964.52,NA,33434.42,NA,65775.03,0,53638,0,49127.04,0,27066.48,0,40894.57,NA,10712.6,NA,643419.54,2024
3,"Australia","Toys, games and sports requisites; parts and accessories thereof",0,6735.24,0,6079.17,0,5606.81,0,8011.6,NA,5114.61,NA,5898.09,NA,7694.21,0,9313.45,0,6635.49,0,10480.71,0,5553.48,NA,6183.12,NA,83306.03,2024
3,"Australia","Precious stones, precious metals and their products",0,978.83,0,856.81,0,1392.33,0,1637.45,NA,853.68,NA,1564.66,NA,1421.17,0,1982.6,0,1668.42,0,3019.8,0,2210.85,NA,1863.25,NA,19449.88,2024
3,"China, PR","Summary",807152,4555004.11,382041,3404870,602211.42,5148137.23,479089,4524844.17,352008,4899151.69,407550.57,5145110.09,503172,4728195.91,476302,5886398.44,428703,6219425.38,582594,5525310.3,580925,5006333.48,690543,6168768.63,6292291,61211549.45,2024
3,"China, PR","Fibres, not spun",72907,184554.72,56205,144534.81,71813,185816.37,68169,171416.41,74747,191641.25,68537,173671.04,74207,176270.29,76786,180395.11,70935,163861.89,86385,198600.26,79063,181337.42,83096,188597.28,882850,2140696.89,2024
3,"China, PR","Petroleum oil, refined",27798,26663.68,14432,13583.42,13217,12627.44,19974,17012.07,20936,19845.71,21174,19833.98,9804,8845.15,2756,2424.85,8621,7867.01,27290,23677.72,12491,10236.16,26692,22548.11,205185,185165.35,2024
3,"China, PR","Pieces of cloth and other technical cloths",0,1492.93,0,2248.72,0,3898.21,0,1957.88,NA,2595.47,NA,1468.08,NA,1067.79,0,1360.14,0,1513.14,0,1395.24,0,1826.42,NA,1290.22,NA,22114.29,2024
3,"China, PR","Bags, pockets, wallets, suitcases, hats and umbrellas",0,10852.51,0,5504.18,0,10804.47,0,15789.65,NA,14846.79,NA,13284.37,NA,17531.62,0,10788.15,0,10224.39,0,14695.05,0,15946.87,NA,14474.57,NA,154742.67,2024
3,"China, PR","Animal fodder and materials",0,27309.54,0,21272.49,0,31270.26,0,43222.15,NA,41574.22,NA,36588.33,NA,38216.77,0,31909.73,0,28589.09,0,36664.74,0,39955.66,NA,46592.8,NA,423165.83,2024
3,"China, PR","Glass and glassware",0,564.72,0,401.69,0,2201.81,0,1200.78,NA,780.57,NA,1552.9,NA,2335.14,0,3909.92,0,801.87,0,1310.81,0,2842.4,NA,3049.21,NA,20951.86,2024
3,"China, PR","Coal",0,0,0,0,0,0,0,0,NA,0,NA,0,NA,0,0,0,0,0,0,0,0,0,NA,0,NA,0,2024
3,"China, PR","Articles of rubber",0,4781.87,0,3281.91,0,8517.64,0,6591.18,NA,5272.38,NA,5793.9,NA,4676.62,0,4810.58,0,5991.49,0,7820.23,0,6726.01,NA,6164.19,NA,70428.06,2024
3,"China, PR","Iron, Steel",206,275.26,501,781.06,382,944.73,675,794.47,704,1280.17,377,518.61,722,1117.31,745,1024.98,385,703.05,567,833.33,519,1025.58,747,1246.19,6530,10544.8,2024
3,"China, PR","Casava and casava products",401945,183989.84,197985,85722.93,290624,130407.3,163196,69908.05,83038,38552.59,124118,60409.34,208263,99714.9,184012,81996.67,112157,51771.23,165607,70541.51,221240,85585.17,284246,102051.82,2436431,1060651.42,2024
3,"China, PR","Articles of iron and steel",0,4861.25,0,3813.19,0,6606.4,0,7425.75,NA,13273.79,NA,6161.78,NA,7448.57,0,7708.31,0,5982.76,0,7231.07,0,7320.42,NA,6770.9,NA,84604.25,2024
3,"China, PR","Articles of plastics",0,16213.25,0,10290.42,0,21806.99,0,17381.41,NA,19769.96,NA,19405.22,NA,16753.35,0,19054.42,0,15879.92,0,19785.65,0,21563.24,NA,21249.91,NA,219153.79,2024
3,"China, PR","Other furniture products (excluding wooden furniture)",0,571.18,0,362.45,0,640.54,0,827.82,NA,666.22,NA,1020.37,NA,884.27,0,899.64,0,875.87,0,1113.11,0,907.66,NA,1092.34,NA,9861.52,2024
3,"China, PR","Rattan, bamboo and rush products",0,938.01,0,502.13,0,590.08,0,507.16,NA,716.77,NA,566.67,NA,731.38,0,797.81,0,644.48,0,746.54,0,756.93,NA,1231.08,NA,8729.09,2024
3,"China, PR","Pottery and glasware",0,1126.07,0,801.14,0,1199.08,0,1324.24,NA,1024.16,NA,1326.52,NA,1579.7,0,1519.66,0,1148.44,0,1576.11,0,1118.53,NA,1023.93,NA,14767.62,2024
3,"China, PR","Ores and other minerals",42841,13067.91,8802,912.69,11268,13330.83,35812,3296.07,26350,17297.08,9885,2150.47,19451,12239.33,18441,1279.97,8428,11127.33,33094,3843.88,16588,2072.37,27113,13285.11,258073,93903.09,2024
3,"China, PR","Means of transport and equipment",0,38787.73,0,37255.94,0,43908.23,0,33145.04,NA,31586.01,NA,30629.25,NA,29243.66,0,34508.4,0,25343.44,0,37123.33,0,32747.35,NA,27067.03,NA,401345.45,2024
3,"China, PR","Auxiliary materials for textile, garment, leather, footwear",0,16946.65,0,11128.91,0,18358,0,20283.23,NA,22768.56,NA,18885.82,NA,17486.43,0,16805.39,0,16549.54,0,19297.04,0,18122.98,NA,20796.41,NA,217429.02,2024
3,"China, PR","Computers, Electronical products & parts",0,852939.2,0,791048.68,0,1461894.87,0,901751.15,NA,779746.37,NA,1221336.46,NA,840014.09,0,1005152.54,0,1250416.59,0,897148.78,0,1101945.87,NA,1540588.43,NA,12643983.09,2024
3,"China, PR","Other Machinery, instrument, accessory",0,271188.02,0,168733.65,0,288640.81,0,280348.49,NA,322251.14,NA,250774.62,NA,276268.46,0,331893.18,0,267209.98,0,302747.03,0,300910.82,NA,304122.61,NA,3365088.86,2024
3,"China, PR","Cameras and their parts",0,543887.19,0,387840.98,0,484439.6,0,470699.68,NA,355516.5,NA,183021.87,NA,318681.35,0,402587.39,0,389037.33,0,394241.25,0,320723.29,NA,321261.87,NA,4571938.35,2024
3,"China, PR","Other base metals and products",0,31129.03,0,15012,0,44796.45,0,47788.33,NA,41035.82,NA,32295.49,NA,27959.36,0,25961.29,0,19175.87,0,32149.23,0,41908.73,NA,36918.67,NA,396130.32,2024
3,"China, PR","Chemicals",0,92900.53,0,45902.28,0,63367.88,0,54220.31,NA,66667.12,NA,41133.78,NA,50951.77,0,56873.86,0,39133,0,82263.4,0,69664.71,NA,85466.62,NA,748545.31,2024
3,"China, PR","Cashew nut",13789,78336.59,1986,11552.11,7762,41346.23,14205,73266.01,16296,89238.08,11773,68860.34,8774,51518.39,8232,50041.02,8508,53495.56,11829,74755.29,14243,95255.04,8939,58667.7,126336,746332.42,2024
3,"China, PR","Seafood",0,100872.23,0,80861.07,0,89956.67,0,124922.49,NA,138149.6,NA,144505.28,NA,156455.49,0,178743.51,0,195411.29,0,197411.25,0,166666.36,NA,155557.32,NA,1729512.61,2024
3,"China, PR","Fresh and pocessed vegetables and fruit",0,306031.44,0,195342.5,0,258063.54,0,395388.4,NA,553106.99,NA,451611.17,NA,330718.36,0,590409.16,0,708245.49,0,309299.68,0,235626.16,NA,298204.58,NA,4632047.5,2024
3,"China, PR","Textile, sewing products",0,112794.93,0,69493.28,0,82331.42,0,75514.21,NA,96138.2,NA,112174.49,NA,156885.35,0,160243.45,0,112600.62,0,109440.97,0,121638.89,NA,117485.65,NA,1326741.52,2024
3,"China, PR","Paper and paper products",0,37013.95,0,32862.62,0,41783.08,0,32893.89,NA,22685.01,NA,23043.66,NA,23389.29,0,22548.07,0,19049.53,0,27375.17,0,26863.94,NA,32968.55,NA,342476.8,2024
3,"China, PR","Footwear",0,181087.98,0,137239.92,0,131042.56,0,113685.13,NA,206482.03,NA,169773.55,NA,157302.03,0,219977.27,0,118323.88,0,131186.14,0,187957.87,NA,157220.86,NA,1911279.26,2024
3,"China, PR","Wood and wooden products",0,170442.01,0,135824.63,0,175912.36,0,191714.21,NA,216364.9,NA,163439.74,NA,149324.29,0,191043,0,144607.14,0,185856.94,0,156084.17,NA,136932.17,NA,2017545.62,2024
3,"China, PR","Rice",6808,3861.56,12646,7425.03,62194,36899.43,87213,51251.65,34552,19705.01,11179,6554.45,8821,5139.41,10859,6379.92,6894,4014.72,8809,5309.18,8784,5401.05,26445,15894.97,285204,167836.43,2024
3,"China, PR","Crude oil",0,0,0,0,12552.42,9363.09,0,0,0,0,12951.57,9157.17,0,0,0,0,0,0,0,0,0,0,NA,0,25504,18520.26,2024
3,"China, PR","Electrical wire and cable",0,80563.57,0,44879.63,0,73062.14,0,69145.72,NA,72256.12,NA,64032.05,NA,68224.51,0,87226.06,0,71671.06,0,85215.08,0,75096.69,NA,66163.28,NA,857535.96,2024
3,"China, PR","Clinkers and cement",22300,786.07,0,0,22300,786.07,0,0.12,NA,0,NA,0,NA,0,0,0,0,0.01,0,0,0,0,NA,0,44600,1572.29,2024
3,"China, PR","Tea",701,1029.86,253,317.71,958,1275,1196,1763.95,1586,2391.41,1609,2528.37,1523,2007.17,1196,1843.94,1449,1781.83,968,1419.4,822,1058.53,1190,1391.54,13451,18808.76,2024
3,"China, PR","Plastic materials",43591,36602.31,27526,25997.74,42851,34094.32,42749,34254.32,39158,30552.67,33015,27848.78,37921,29279.34,34260,27106.81,71283,62406.61,70662,60212.84,31190,24358.74,32299,26445.48,506505,419160.01,2024
3,"China, PR","Rubber",167814,232970.18,58699,84121.87,61339,90737.16,42253,63812.39,50516,76014.09,108700,170149.62,127664,206730.28,134569,215632.11,135774,233894.92,174253,332443.94,193524,368717.54,193617,367745.92,1448722,2442970.07,2024
3,"China, PR","Coffee",6452,18960.37,3006,10351.93,4951,20263.15,3647,17021.37,4125,18108.11,4232,18945.2,6022,26528.95,4446,23574.16,4269,20487.37,3130,11955.42,2461,14281.09,6159,30972.13,52900,231449.29,2024
3,"China, PR","Chemical products",0,42392.05,0,29536.03,0,51265.08,0,41392.47,NA,47246.82,NA,38036.66,NA,46145.79,0,58541.6,0,47019.81,0,47104.17,0,44736.67,NA,40648.06,NA,534065.26,2024
3,"China, PR","Sweets, cookies and cereal preparations",0,7575.91,0,3665.7,0,5957.11,0,5848.45,NA,5527.25,NA,5613.73,NA,5255.08,0,6558.71,0,5914.09,0,6712.62,0,6525.29,NA,6235.2,NA,71389.18,2024
3,"China, PR","Telephones and their parts",0,734655.65,0,730134.6,0,1055007.83,0,952843.95,NA,1212914.68,NA,1429597.85,NA,1282533.21,0,1578939.73,0,1886071.56,0,1680749.32,0,1115161.54,NA,1780524.13,NA,15439134.1,2024
3,"China, PR","Toys, games and sports requisites; parts and accessories thereof",0,8125.94,0,7975.3,0,9591.12,0,11518.5,NA,10921.61,NA,9897.92,NA,11243.26,0,11509.04,0,9249.65,0,15775.05,0,13517.47,NA,13573.79,NA,132898.69,2024
3,"India","Summary",52252,829216.64,37455,609703.13,40042,662396.73,40162,689988.83,70062,775562.33,49770,808839.61,201749,997081.72,197429,885249.28,235283,792827.37,39345,715109.44,33277,612625.19,67101,685908.92,1063927,9064509.25,2024
3,"India","Fibres, not spun",1907,4840.92,1551,3562.03,2092,4752.41,2036,6105.7,1636,4512.23,1839,4477.06,3080,7211.74,2270,5755.26,1847,4887.7,3167,6894,2679,6293.45,3252,6652.91,27356,65945.46,2024
3,"India","Animal fodder and materials",0,1645.72,0,1211.38,0,1316.99,0,1984.66,NA,2709.14,NA,1440.73,NA,1574.42,0,1151.98,0,1663.7,0,2267.61,0,1804.88,NA,1562.4,NA,20333.66,2024
3,"India","Coal",0,0,0,0,0,0,72,22.8,NA,0,63,33.37,NA,0,0,0,0,0,21,11.06,0,0,NA,0,156,67.25,2024
3,"India","Articles of rubber",0,2575.29,0,1260.62,0,1352.46,0,1383.21,NA,1342.35,NA,1388.86,NA,1470.87,0,1543.25,0,1458.72,0,1573.06,0,1458.74,NA,2105.01,NA,18912.5,2024
3,"India","Iron, Steel",15892,28099.31,17035,25087.68,13677,24913.65,18054,29330.95,42883,46509.87,20355,33412.88,170082,124221.92,164753,117355.55,215977,135655.43,22318,47801.64,20637,29016.71,47153,56489.1,768816,697894.75,2024
3,"India","Articles of iron and steel",0,9889.27,0,8364.24,0,5271.32,0,7575.58,NA,7556.21,NA,6931.16,NA,10328.43,0,14637,0,12651.11,0,12904.25,0,11113.39,NA,10034.35,NA,117256.36,2024
3,"India","Articles of plastics",0,9000.25,0,6489.44,0,9519.2,0,13420.74,NA,14364.19,NA,15215.22,NA,19653.25,0,19624.96,0,24608.1,0,17639.9,0,14949.2,NA,19169.76,NA,183654.26,2024
3,"India","Rattan, bamboo and rush products",0,3005.53,0,2661.59,0,3935.18,0,3134.4,NA,3479.21,NA,3715.21,NA,2029.05,0,3528.24,0,2470.84,0,3280.45,0,3069.98,NA,4438.06,NA,38747.8,2024
3,"India","Pottery and glasware",0,760.68,0,451.5,0,411.57,0,799.56,NA,443.93,NA,849.48,NA,761.25,0,1003.69,0,388.23,0,524.53,0,582.66,NA,686.32,NA,7663.45,2024
3,"India","Means of transport and equipment",0,20067.68,0,15605.5,0,21563.31,0,15613.8,NA,16108.64,NA,17259.84,NA,18188.48,0,17914.88,0,14311.42,0,17120.78,0,13798.8,NA,15464.2,NA,203017.39,2024
3,"India","Auxiliary materials for textile, garment, leather, footwear",0,17846.39,0,6932.16,0,9353.62,0,15521.85,NA,15417.43,NA,13000.76,NA,16029.61,0,15556.87,0,13664.42,0,16494.81,0,13740.21,NA,14358.66,NA,167916.84,2024
3,"India","Computers, Electronical products & parts",0,186536.5,0,143427.44,0,121458.16,0,126858.07,NA,138688.81,NA,100617.36,NA,126000.85,0,133850.75,0,108246.33,0,116337.54,0,83850.44,NA,116670.49,NA,1502542.8,2024
3,"India","Other Machinery, instrument, accessory",0,99364,0,53838.83,0,60501.53,0,53734.23,NA,61538.72,NA,80471.97,NA,98024.85,0,87597.78,0,87372.83,0,111257.27,0,82220.9,NA,72943.49,NA,948866.46,2024
3,"India","Other base metals and products",0,76592.37,0,47675.9,0,61072.49,0,41269.41,NA,64729.86,NA,56134.67,NA,86669.52,0,84268.64,0,69298.75,0,47987.73,0,47076.93,NA,59969.44,NA,742745.74,2024
3,"India","Chemicals",0,17539.57,0,22848.32,0,19054.84,0,31435.66,NA,26141.62,NA,45283.11,NA,38768.35,0,24678.98,0,26820.14,0,13300.81,0,31301.06,NA,30833.19,NA,328005.7,2024
3,"India","Pepper",1384,5587.72,830,3205.52,1583,6426.93,1816,7378.91,1257,5633,1230,6430.28,570,3930.78,396,2673.05,270,1943.81,125,818.99,415,2875.57,708,4808.33,10584,51712.95,2024
3,"India","Cashew nut",223,1391.2,50,270.24,276,1636.46,385,2223.12,356,2138.02,526,3376.12,543,3310.42,600,3270.73,1101,4350.78,599,3347.22,-137,1336.62,658,2539.69,5180,29190.66,2024
3,"India","Seafood",0,1352.67,0,757.05,0,1102.87,0,592.02,NA,884.23,NA,1449.25,NA,1915.81,0,1903.15,0,1543.61,0,1767.07,0,1951.58,NA,2090.03,NA,17309.4,2024
3,"India","Textile, sewing products",0,14046.25,0,7097.89,0,14393.26,0,16209.09,NA,15884.56,NA,14061.56,NA,17546.31,0,15842.91,0,14052.64,0,16157.01,0,17063.79,NA,17005.94,NA,179361.26,2024
3,"India","Footwear",0,4323.31,0,3048.73,0,3272.68,0,8785.79,NA,8938.77,NA,64534.67,NA,21501.66,0,109.81,NA,38.03,0,1217.67,0,10964.53,NA,4185.61,NA,130921.31,2024
3,"India","Wood and wooden products",0,17933.51,0,3741.82,0,9528.14,0,17220.3,NA,12436.5,NA,12756.92,NA,10859.01,0,15410.63,0,15290.95,0,25852.88,0,33368.18,NA,38167.99,NA,212566.87,2024
3,"India","Tea",83,130.91,23,35.91,428,586.15,289,446.8,69,105.17,247,305.69,71,119.62,178,234,511,654.63,361,473.46,190,284.61,614,777.63,3064,4154.63,2024
3,"India","Plastic materials",19134,20154.18,9994,12059.86,8592,11656.11,5884,8584.24,13530,17000.16,14035,16409.78,10054,13583.15,6236,8301.03,4382,6216.46,6271,7909.53,5944,8163.65,9466,11018.8,113522,141057,2024
3,"India","Rubber",11836,17611.87,6044,9523.05,11068,18014.43,9011,15167.18,9472,15831.48,10721,18255.92,16125,28487.65,22162,39491.16,10990,20314.96,6355,12378.77,3465,6492.79,5250,10329.85,122499,211899.16,2024
3,"India","Coffee",1793,5003.46,1928,5544.91,2326,7274.4,2615,7961.95,859,3291.66,754,2506.95,1224,3621.55,834,2390.06,205,543.66,128,292.26,84,404.61,NA,0,12750,38835.51,2024
3,"India","Chemical products",0,12289.92,0,8135.57,0,12631.91,0,11981.47,NA,11783.66,NA,11734.59,NA,9125.85,0,11045.32,0,11520.22,0,14971.42,0,14680.28,NA,13593.37,NA,143493.62,2024
3,"India","Sweets, cookies and cereal preparations",0,272.81,0,223.38,0,163.04,0,356.7,NA,275.71,NA,152.92,NA,296.39,0,175.97,0,182.9,0,269.38,0,114.01,NA,308.99,NA,2792.26,2024
3,"India","Telephones and their parts",0,146053.33,0,133046.62,0,135813.85,0,148084.26,NA,176194.18,NA,185199.77,NA,228320.02,0,149514.54,0,115113.9,0,118732.99,0,73350.19,NA,75918.61,NA,1685342.32,2024
3,"Ukraine","Summary",166,3234.03,120,2310.63,73,4014,99,5789.92,186,4663.93,10125,10205.28,260,4294.02,133,4604.12,170,6597.66,291,10803.95,312,6482.81,60,4811.54,11995,67811.95,2024
3,"Ukraine","Articles of plastics",0,0,0,0,0,52.91,0,22.29,NA,0,NA,0,NA,0,0,325.51,0,170.08,0,72.6,0,475.16,NA,0,NA,1118.58,2024
3,"Ukraine","Electronic goods, computers and their parts",0,42.9,0,53.4,0,212.28,0,255.7,NA,27.41,NA,0,NA,46.23,0,23.25,0,81.09,0,99.88,0,82.57,NA,88.31,NA,1013.06,2024
3,"Ukraine","Other Machinery, instrument, accessory",0,0,0,0,0,0,0,37.52,NA,38.64,NA,0,NA,342.33,0,140.79,0,145.91,0,68.06,0,225.51,NA,67.63,NA,1066.4,2024
3,"Ukraine","Pepper",22,91.9,0,0,0,0,0,0,45,242.75,48,283.49,NA,0,28,182.01,0,0,96,652.1,64,402.93,NA,0,303,1855.19,2024
3,"Ukraine","Cashew nut",0,0,0,0,0,0,0,0,NA,0,NA,0,NA,0,44,306.6,43,305.13,45,309.56,17,133.61,17,135.08,166,1190,2024
3,"Ukraine","Seafood",0,459.19,0,508.5,0,438,0,1021.8,NA,798.73,NA,204.73,NA,362.39,0,417.63,0,930.34,0,1031.17,0,576.49,NA,438.47,NA,7187.47,2024
3,"Ukraine","Fresh and pocessed vegetables and fruit",0,0,0,0,0,31.5,0,0,NA,0,NA,0,NA,0,0,0,0,36.75,0,214.6,0,47.44,NA,113.54,NA,443.86,2024
3,"Ukraine","Textile, sewing products",0,264.04,0,459.31,0,652.14,0,1120.53,NA,670.27,NA,884.98,NA,578.53,0,539.24,0,729.83,0,1509.06,0,791.72,NA,677.63,NA,8877.34,2024
3,"Ukraine","Footwear",0,1237.45,0,507.88,0,1058.79,0,1928.72,NA,1240.42,NA,1678.78,NA,1476.47,0,1060.06,0,2835.41,0,3571.28,0,2315.02,NA,2179.26,NA,21089.58,2024
3,"Ukraine","Rice",22,22.52,100,86.03,49,40.66,99,73.59,93,82.04,10056,6335.45,260,175.44,0,0,75,60.87,80,56.04,122,94.96,NA,0,10956,7027.64,2024
3,"Ukraine","Tea",122,188.38,20,37.07,24,26.99,0,0,48,57.81,21,33.22,NA,0,61,86.76,52,72.53,70,124.35,109,160.37,43,51.47,570,839,2024
3,"Ukraine","Phones all of kinds and their parts",0,43.46,0,0,0,0,0,0,NA,0,NA,0,NA,0,0,0,0,0,0,0,0,0,NA,0,NA,43.46,2024
