"FileID","Names","Group","January_Quantity","January_Value","February_Quantity","February_Value","March_Quantity","March_Value","April_Quantity","April_Value","May_Quantity","May_Value","June_Quantity","June_Value","July_Quantity","July_Value","August_Quantity","August_Value","September_Quantity","September_Value","October_Quantity","October_Value","November_Quantity","November_Value","December_Quantity","December_Value","X12_months_Quantity","X12_months_Value","Year"
"1","EU",NA,0,1239383.79,0,1269758.91,0,1371214.57,0,1396533.54,0,1378414.8,0,1221822.28,0,1200410.55,0,1240217.99,0,1156573.18,0,1264919.18,0,1236105.88,0,1443664.95,0,15419020.98,"2022"
"1","EU","Fibres, not spun",313,1404,252,908.7,275,1031.04,445,1694.56,306,1119.18,169,785.75,281,1040.07,139,963.98,293,1165.08,95,1259.06,352,1242.83,157,557.78,3077,13172.09,"2022"
"1","EU","Textile fibrics",0,10919.09,0,11579.77,0,14017.86,0,17972.39,0,22874.29,0,16386.64,0,17317.15,0,18536.62,0,12121.37,0,15266.69,0,17128.9,0,16241.98,0,190362.98,"2022"
"1","EU","Insecticides and materials",0,8138.04,0,9731.53,0,4095.37,0,7330.79,0,6013.18,0,5399.65,0,7571.97,0,6519.56,0,5955.22,0,4834.64,0,6114.92,0,6527.47,0,78232.51,"2022"
"1","EU","Animal fodder and materials",0,35852.98,0,26980.55,0,29197.65,0,35584.56,0,47523.05,0,48365.46,0,40048.95,0,51960.6,0,40771.41,0,39705.62,0,63170.67,0,41837.33,0,500999.23,"2022"
"1","EU","Glass and glassware",0,1275.11,0,1084.99,0,2305.28,0,3112.92,0,1180.17,0,1368.93,0,1392.73,0,1658.72,0,1531.89,0,1223.4,0,1693.44,0,980.95,0,18808.63,"2022"
"1","EU","Iron, Steel",2162,9474.07,1660,7183.41,1988,10246.6,2726,7787.7,2313,6888.62,2231,9538.67,2284,9388.98,2240,10111.92,1966,8912.21,1162,8204,1620,8678.91,2105,7689.29,24457,104104.86,"2022"
"1","EU","Articles of iron and steel",0,10754.15,0,10379.51,0,14609.7,0,14703.48,0,16983.73,0,16307.05,0,16960.32,0,17957.72,0,17997.74,0,15709.36,0,17183,0,21853.76,0,191400.08,"2022"
"1","EU","Other base metal products",0,934.58,0,981.07,0,1145.6,0,854.3,0,966.22,0,1188.46,0,1074.47,0,1094.64,0,1184.13,0,1280.17,0,1821.58,0,1432.32,0,13957.58,"2022"
"1","EU","Paper products",0,616.37,0,643.67,0,878.42,0,825.69,0,755.99,0,805.86,0,1032.15,0,343.73,0,408.31,0,609.72,0,289.41,0,662.02,0,7871.39,"2022"
"1","EU","Articles of plastics",0,13393.94,0,11628.41,0,13019.9,0,12975.14,0,13022.8,0,13679.62,0,12175.3,0,14208.35,0,13843.15,0,13273.25,0,15845.64,0,14975.85,0,162041.68,"2022"
"1","EU","Articles of rubber",0,5028.5,0,2526.56,0,4526.49,0,4462.57,0,3180.77,0,3632.02,0,3968.12,0,4346.14,0,4487.84,0,4226.85,0,3212.9,0,3706.34,0,47305.23,"2022"
"1","EU","Other petroleum products",0,3080.15,0,1616.65,0,2766.24,0,2834.53,0,2192.76,0,2102.33,0,1946.05,0,3099.4,0,2460.67,0,2336.59,0,1713.22,0,1854.7,0,28003.41,"2022"
"1","EU","Chemical products",0,61892.15,0,46687.69,0,68660.95,0,51729.92,0,55113.85,0,57157.85,0,60106.49,0,64339.76,0,53816.16,0,49507.96,0,55712.95,0,68239.35,0,692965.54,"2022"
"1","EU","Dairy products",0,21688.55,0,19269.89,0,19500.02,0,18728.67,0,18297.67,0,24227.42,0,24038.18,0,23684.09,0,18413.93,0,17971.25,0,13475.49,0,15212.46,0,234508.1,"2022"
"1","EU","Ores and other minerals",620,1143.51,228,328.2,231,604.45,356,641.99,177,283.11,380,1374.29,129,72.37,189,461.62,333,603.16,272,177.57,251,396.65,250,193.04,3416,6280.05,"2022"
"1","EU","Waste iron and steel",707,332.35,0,0,764,366.52,0,0,707,369.28,0,0,0,0,0,0,38676,14643.38,0,0,0,0,0,0,40854,15711.55,"2022"
"1","EU","Other means of transort and equipments",0,15824.12,0,7876.93,0,8721.61,0,10861.3,0,21955.61,0,42386.9,0,15443.48,0,12523.96,0,10949.54,0,24345.99,0,13734.66,0,14825.14,0,199449.35,"2022"
"1","EU","Fertilizers",9032,3797.99,7027,2608.22,8867,3796.1,4873,2852.1,2745,971.31,6107,2138.57,8789,4452.56,3579,2151.31,3471,2023.15,4809,3002.4,3602,2002.75,3787,1878.77,66688,31675.3,"2022"
"1","EU","Auxiliary materials for cigarettes",0,0,0,51.25,0,633.23,0,260.67,0,990.63,0,842.31,0,1007.25,0,242.08,0,655.52,0,104.34,0,520.31,0,976.14,0,6283.77,"2022"
"1","EU","Auxiliary materials for textile, garment, leather, footwear",0,19642.85,0,24041.8,0,32734.04,0,24666.99,0,24957.32,0,21934.41,0,20458.57,0,20484.38,0,17892.27,0,13747.17,0,16662.26,0,18464.3,0,255686.67,"2022"
"1","EU","Auxiliary materials for medicaments",0,1816.4,0,2061.9,0,1535.27,0,2033.63,0,1705.1,0,3245.67,0,1478.49,0,2606,0,1945.93,0,3320.18,0,1518.63,0,3595.23,0,26862.66,"2022"
"1","EU","Computers, electronical products and parts",0,339237.72,0,415505.83,0,400331.41,0,474902.27,0,306828.84,0,155662.47,0,218129.34,0,210166.88,0,222946.14,0,303647.76,0,185617.62,0,212975.91,0,3445952.89,"2022"
"1","EU","Other Machinery, instrument, accessory",0,264348.83,0,201108.88,0,250968.1,0,231237.44,0,227415.2,0,238848.07,0,228628,0,245959.68,0,203529.77,0,196763.74,0,257291.7,0,303899.34,0,2849999.49,"2022"
"1","EU","Wheat",0,0,0,0,0,0,0,0,0,0,0,0,0,0,242,96.18,0,0,0,0,0,0,0,0,242,96.18,"2022"
"1","EU","Parts and accessories for motor",0,5970.57,0,7111.8,0,11704.68,0,11503.12,0,12142.42,0,8510.78,0,5640.78,0,6779.64,0,9595.91,0,9185.11,0,8599.33,0,10614.48,0,107358.82,"2022"
"1","EU","Other base metals",673,3288.1,1698,14802.85,893,5479.92,1460,15042.91,309,2546.31,933,7288.1,1190,9490.6,888,7725.16,762,6298.17,1267,10577.37,512,2643.07,1855,13702.06,12440,98884.91,"2022"
"1","EU","Chemicals",0,14078.18,0,32428.28,0,25188.05,0,29735.35,0,30109.11,0,43600.64,0,43888.39,0,36657.86,0,28217.63,0,29102.38,0,35218.91,0,21660.74,0,369885.9,"2022"
"1","EU","Fishery products",0,3195.78,0,1399.19,0,2217.03,0,4429.3,0,3781.94,0,2277.67,0,4296.36,0,2019.37,0,978.6,0,1831.05,0,2475.74,0,4128.84,0,33031.03,"2022"
"1","EU","Domestic electrical appliances and parts",0,876.03,0,814.88,0,1423.8,0,939.35,0,1783.05,0,1068.09,0,1423.57,0,1546.77,0,2287,0,1324.7,0,2107.31,0,2070.09,0,17664.72,"2022"
"1","EU","Paper",3141,4395.4,3663,4932.19,4607,5886.49,2109,3055.39,3801,5666.06,6374,8156.43,5091,6580.72,6222,8225.47,2312,3843.78,4201,5958.91,3999,5347.07,3813,6480.97,49333,68529.13,"2022"
"1","EU","Wood and wooden products",0,13585.29,0,10019.37,0,16627.42,0,16108.16,0,20239.8,0,23070.08,0,19437.62,0,28055.89,0,22802.23,0,16068.25,0,15144.57,0,19664.41,0,220823.38,"2022"
"1","EU","Pharmaceutical products",0,107289.96,0,141047.34,0,138168.82,0,120494.25,0,195716.07,0,155364.97,0,103058.97,0,102746.4,0,139950.4,0,161045.03,0,155736.66,0,229345.32,0,1749964.8,"2022"
"1","EU","Electrical wire and cable",0,1480.15,0,2811.03,0,2889.54,0,1970.7,0,3947.7,0,1904.73,0,1610.92,0,3000.41,0,1352.91,0,2851.42,0,2095.47,0,2597.17,0,28512.33,"2022"
"1","EU","Other preparations for foodstuff",0,10111.66,0,8796.25,0,8752.33,0,8732.63,0,11741.27,0,12144.14,0,12889.54,0,13397.14,0,8805.76,0,8595.12,0,5868.13,0,11014.95,0,120849.21,"2022"
"1","EU","Plastic materials",4762,16730.22,3014,14465.73,4574,19327.1,4144,18472.94,4885,20005.4,5767,24334.09,5290,24406.67,4581,21374.26,4190,17047.76,4638,18883.26,5132,21014.5,4788,17505.89,55765,233568.2,"2022"
"1","EU","Aromatic substance, cosmetic and cleaning preparations",0,6419.49,0,6098.8,0,8228.42,0,7064.27,0,8946.58,0,11532.78,0,8575.4,0,10823.43,0,10519.19,0,9534.6,0,10754.04,0,11532.5,0,110029.75,"2022"
"1","EU","Rubber",617,1678.46,1455,3312.71,1363,3062.99,981,2852.08,1275,2824.96,836,2332.08,545,2273.7,573,2431.12,407,2064.08,354,1480.47,373,1730.42,371,1784.29,9150,27827.58,"2022"
"1","EU","Sweets, cookies and cereal preparations",0,851.47,0,790.3,0,1180.48,0,867.66,0,799.32,0,728.37,0,1447.69,0,1253,0,1466.88,0,1578.3,0,2593.35,0,1549.92,0,15106.86,"2022"
"1","EU","Telephones and their parts",0,0,0,66.59,0,0,0,0,0,0,0,22.55,0,24.13,0,40.76,0,0,0,29.44,0,0,0,0,0,183.49,"2022"
"1","EU","Precious stones, precious metals and their products",0,5613.06,0,7130.48,0,19081.89,0,12805.39,0,15982.49,0,7938.05,0,12267.49,0,5072.18,0,13526.14,0,11697.9,0,8025,0,10465.02,0,129605.21,"2022"
"1","EU","Motor vehicles, assembled",169,9796.46,106,6941.58,68,4300.98,172,9608.15,161,9244.2,129,8046.97,78,4797.56,41,3165.75,70,4379.2,119,7029.95,203,15097.61,73,4430.68,1389,86839.15,"2022"
"1","ASEAN",NA,0,3451631.8,0,3533618.25,0,4845554.22,0,4323186.44,0,4133513.44,0,4143558.31,0,3811732,0,3820188.04,0,3579076.44,0,3678782.07,0,3896228.71,0,4066423.2,0,47283493.35,"2022"
"1","ASEAN","Fibres, not spun",13299,27536.97,12446,25324.25,13107,25741.42,8071,19604.54,11348,22647.02,9482,19791.17,9952,21984.46,12894,24120.04,9819,18396.02,12305,21837.18,11219,18657.57,12699,21463.54,136641,267104.33,"2022"
"1","ASEAN","Petroleum oil, refined",377164,271577.15,360242,311003.41,391058,404870.24,290057,309933.89,267623,310351.76,310971,419371.84,276701,294585.09,165613,165018.39,355097,337637.38,358918,311046.73,480288,474800.33,352260,282587.93,3985992,3892784.3,"2022"
"1","ASEAN","Textile fibrics",0,39011.61,0,48724.27,0,57004.1,0,47614.89,0,52252.67,0,52453.82,0,49384.08,0,44032.87,0,47979.26,0,43591.34,0,43179.19,0,49003.93,0,574232.26,"2022"
"1","ASEAN","Insecticides and materials",0,10013.3,0,12111.26,0,12342.75,0,13285.64,0,11086.39,0,12990.64,0,12427.63,0,14635.38,0,15346.76,0,11412.84,0,10620.53,0,8997.08,0,145270.42,"2022"
"1","ASEAN","Animal fodder and materials",0,25372.51,0,28048.74,0,37855.35,0,33724.22,0,32235.93,0,36565.82,0,29235.64,0,29044.01,0,26928.94,0,28275.41,0,27456.38,0,32194.9,0,366938.09,"2022"
"1","ASEAN","Glass and glassware",0,14909.39,0,9509.62,0,18193.06,0,14154.76,0,19325.6,0,18377.72,0,16966.92,0,16702.4,0,18085.84,0,23852.61,0,17924.42,0,15440.64,0,203443.13,"2022"
"1","ASEAN","Coal",258343,29997.66,425771,36958.06,951894,132159.86,1350917,303159.12,1263483,231787.88,1409430,264020.36,576348,80629.24,1068656,120118.82,890356,90320.5,497352,56558.41,674475,91914.8,1148990,159480.24,10516015,1597105.01,"2022"
"1","ASEAN","Iron, Steel",36757,88191.89,43104,106177.29,72942,122272.51,44369,93282.45,91513,174663.46,48285,118591.13,48910,119890.87,44151,102277.22,48921,83860.49,76289,109781.6,37646,71865.54,59962,124032.15,652849,1314886.81,"2022"
"1","ASEAN","Articles of iron and steel",0,19320.71,0,17760.18,0,27491.43,0,23059.94,0,21037.26,0,26432.37,0,21272.85,0,25605.16,0,21544.69,0,22917.96,0,20087.32,0,19992.94,0,266523.06,"2022"
"1","ASEAN","Other base metal products",0,5526.62,0,8148.31,0,8660.14,0,9520.9,0,10032.07,0,9636.86,0,9272.71,0,9223.58,0,9265.9,0,10025.82,0,8528.21,0,7469.98,0,105311.28,"2022"
"1","ASEAN","Paper products",0,7503.84,0,7670.72,0,6632.66,0,7959.6,0,5807.13,0,9452.52,0,8473.47,0,7586.96,0,7918.78,0,9757.63,0,9125.66,0,11958.56,0,99847.69,"2022"
"1","ASEAN","Articles of plastics",0,43079.17,0,40632.14,0,43842.79,0,42850.95,0,44761.14,0,44480.98,0,43212.47,0,40733.34,0,38892.91,0,38671.51,0,39745.99,0,39139.5,0,500043.12,"2022"
"1","ASEAN","Articles of rubber",0,13043.93,0,13517.86,0,16945.44,0,12473.25,0,15632.57,0,13989.75,0,13201.97,0,13463.25,0,13722.18,0,11391.03,0,11958.66,0,13837.2,0,163177.34,"2022"
"1","ASEAN","Other petroleum products",0,47682.44,0,49972.82,0,64557.39,0,43789.13,0,56938.1,0,57160.37,0,57773.6,0,54796.62,0,42212.15,0,43368.65,0,51624.94,0,111242.16,0,681118.58,"2022"
"1","ASEAN","Chemical products",0,87168.73,0,78770.78,0,109024.04,0,98254.3,0,103946.08,0,103201.53,0,114344.99,0,95974.77,0,84786.37,0,89399.74,0,84848.33,0,82060.99,0,1131780.91,"2022"
"1","ASEAN","Dairy products",0,11341.94,0,13735.68,0,15993.28,0,14550.7,0,13515.28,0,15056.87,0,13214.9,0,13250.95,0,13587.47,0,13909.36,0,12095.6,0,12054.89,0,162307.08,"2022"
"1","ASEAN","Ores and other minerals",256293,13467.21,284025,13650.02,376884,18429.99,336072,16961.63,336607,12838.32,323585,12678.3,306214,12864.57,217123,10443.7,227357,10162.71,198804,9449.03,240036,8431.1,188768,7796.83,3291768,147173.6,"2022"
"1","ASEAN","Waste iron and steel",19925,10767.99,26867,14075.05,41695,18656.1,51226,29842.78,66902,39015.89,26353,15165.94,4470,1894.6,23697,11576.05,32001,12649.03,32121,13301.99,32671,14158.32,22031,8403.01,379959,189506.83,"2022"
"1","ASEAN","Other means of transort and equipments",0,32.47,0,58.75,0,79.68,0,55.09,0,90.85,0,559.63,0,484.76,0,353.89,0,228.75,0,43.39,0,105.16,0,373.88,0,2466.37,"2022"
"1","ASEAN","Fertilizers",14432,8830.15,16291,10919.98,35931,20528.63,51026,31675.01,15909,10403.36,15442,10425.87,8611,5492.04,22180,14390.19,25948,16109,27437,15628.48,10685,5093.98,16547,8496.87,260439,157993.72,"2022"
"1","ASEAN","Auxiliary materials for cigarettes",0,1782.32,0,609.67,0,8473.04,0,20218.1,0,10263.94,0,20675.83,0,8438.26,0,10710.41,0,1968.6,0,4375.14,0,10724.3,0,23001.98,0,121241.77,"2022"
"1","ASEAN","Auxiliary materials for textile, garment, leather, footwear",0,29542.35,0,40787.47,0,37257.4,0,37354.03,0,39834.8,0,39246.62,0,41392.27,0,35657.53,0,34452.37,0,35249.25,0,27995.71,0,30233.75,0,429003.72,"2022"
"1","ASEAN","Auxiliary materials for medicaments",0,81.74,0,226.56,0,234.89,0,261.57,0,316.47,0,442.48,0,261.68,0,284.76,0,360.26,0,629.43,0,333.09,0,191.57,0,3624.56,"2022"
"1","ASEAN","Maize",479,1128.79,382,1307.9,6873,3597.41,6428,4151.31,3437,4134.3,410,1496.95,158,384.47,3239,3345.23,12871,9027.09,29676,11767.45,9815,3680.41,8986,3554.02,82754,47575.39,"2022"
"1","ASEAN","Computers, electronical products and parts",0,526613,0,443176,0,543887.57,0,517858.54,0,531946.31,0,561894,0,556565.36,0,602004.18,0,563448.21,0,612900.34,0,503209.39,0,539881.11,0,6503384.29,"2022"
"1","ASEAN","Other Machinery, instrument, accessory",0,211597.03,0,235835.28,0,279864.63,0,241780.92,0,239265.83,0,231863.19,0,276749.2,0,261966.69,0,242478.54,0,225524.24,0,207118.96,0,219116.45,0,2873161.24,"2022"
"1","ASEAN","Cameras and their parts",0,2448.3,0,1364.2,0,1581.13,0,1065.69,0,2324.97,0,2054.4,0,3663.11,0,3717.34,0,3732.44,0,2764.18,0,2625.56,0,3643.74,0,30985.11,"2022"
"1","ASEAN","Parts and accessories for motor",0,80183.18,0,89609.38,0,107950.61,0,102494.83,0,95266.63,0,100081.84,0,103986.07,0,118513.26,0,115333.1,0,134000.55,0,137424.67,0,149609.31,0,1334453.61,"2022"
"1","ASEAN","Other base metals",28435,147906.96,27596,148989.79,32166,188568.39,32253,172088.07,30404,187613.73,29761,163567.77,26981,139312.02,33871,163869.82,26554,116324.15,30379,130907.59,27628,123797.46,31665,155316,357693,1838262.05,"2022"
"1","ASEAN","Liquefied Petroleum Gas",16176,13150.93,12851,10720,20067,20305.88,20706,21610.15,3101,2858.93,11306,9822.48,7968,6207.12,9677,6817.35,10196,7116.41,13147,8296.92,25226,16165.36,12319,8989.75,162740,132061.42,"2022"
"1","ASEAN","Chemicals",0,149428.29,0,151992.84,0,190291.08,0,185083.22,0,166374.59,0,162603.03,0,122003.74,0,140973.08,0,112158.04,0,115951.6,0,102521.08,0,103882.26,0,1703263.05,"2022"
"1","ASEAN","Cashew nut",5280,8349.1,39115,66966.24,289237,445577.72,222843,327020.25,68822,98795.94,36476,57406.83,27664,46789.59,10354,17371.49,11881,19153.22,10214,15170.16,11293,15615.84,5766,7566.62,738945,1125783.08,"2022"
"1","ASEAN","Fishery products",0,22470.2,0,20633.42,0,27636.19,0,26937.13,0,34913.86,0,42779.76,0,37060.12,0,45544.35,0,27140.01,0,42711.27,0,35385.23,0,33679.21,0,396891.01,"2022"
"1","ASEAN","Fresh and pocessed vegetables and fruit",0,17863.85,0,19513.19,0,24233.48,0,18030.65,0,20014.69,0,22802.16,0,20275.36,0,16800.36,0,12800.95,0,17096.31,0,16452.2,0,20222.79,0,226106.23,"2022"
"1","ASEAN","Domestic electrical appliances and parts",0,95971.28,0,107567.27,0,148651.59,0,135718.11,0,119457.04,0,105820.74,0,82851.18,0,76578.18,0,73723.95,0,83930.42,0,77267.86,0,73808.98,0,1181346.74,"2022"
"1","ASEAN","Paper",47757,44663.2,56382,54180.57,57043,54837.48,50296,49770.5,52866,52775.39,62421,62805.1,46880,46222.47,55367,51365.95,41226,43024.95,37309,39735.1,44654,44321.52,46190,45797.43,598391,589499.9,"2022"
"1","ASEAN","Wood and wooden products",0,33654.06,0,23350.33,0,33376.65,0,37999.91,0,35313.82,0,26939.24,0,29441.87,0,24409.03,0,26320.68,0,32114.22,0,34250.83,0,28400.49,0,365571.41,"2022"
"1","ASEAN","Pharmaceutical products",0,11336.53,0,12003.25,0,9518.96,0,12263.1,0,9509.42,0,13278.71,0,12213.13,0,13914.2,0,12183.91,0,16865.14,0,20585.43,0,39147.66,0,182819.69,"2022"
"1","ASEAN","Vegetable oil and fat",0,123761,0,56021.01,0,104228.88,0,136249.02,0,77405.81,0,157837.91,0,137742.8,0,158734.15,0,151972.16,0,138289.3,0,135604.16,0,133377.1,0,1511223.51,"2022"
"1","ASEAN","Crude oil",0,0,0,0,39000,37814.21,0,0,78819,77963.47,0,0,0,0,0,0,0,0,0,0,0,0,0,0,117819,115777.69,"2022"
"1","ASEAN","Electrical wire and cable",0,21275.62,0,17688.26,0,18547.29,0,16336.29,0,18168.94,0,18941.77,0,19312.33,0,24660.38,0,21156.67,0,22342.65,0,24567.72,0,26416.48,0,249414.67,"2022"
"1","ASEAN","Other preparations for foodstuff",0,32097.1,0,40651.77,0,34827.75,0,40430.23,0,49276.71,0,44358.32,0,53370.98,0,53295.97,0,46094.35,0,48736.32,0,35589.02,0,37017.36,0,515746.13,"2022"
"1","ASEAN","Plastic materials",96559,155650.8,117064,189979.45,114451,193486.2,93918,161250.46,99389,176378.67,105424,185329.78,101947,170052.56,93876,151362.59,97688,143951.93,104931,148936.32,86327,129379.75,82720,117743.18,1194294,1923501.97,"2022"
"1","ASEAN","Aromatic substance, cosmetic and cleaning preparations",0,47076.96,0,38296.62,0,50353.31,0,42212.9,0,54583.35,0,49244.87,0,49437.34,0,58168.52,0,62104.89,0,57311.25,0,53056.23,0,51026.34,0,612872.84,"2022"
"1","ASEAN","Rubber",226133,262871.31,154026,189988.79,106254,144929.07,98787,128306.81,129648,156748.38,138497,171390.74,131283,163343.09,145250,173374.15,121339,133981.47,124292,143504.72,173629,151606.37,172701,172457.4,1721839,1992502.52,"2022"
"1","ASEAN","Cotton",945,1252.59,1120,1547.19,278,399.3,251,299.26,115,169.56,114,150.62,317,628.26,586,1094,262,498.78,423,711.77,361,654.31,535,882.87,5307,8288.57,"2022"
"1","ASEAN","Sweets, cookies and cereal preparations",0,22765.63,0,20287.03,0,20310.48,0,19692.41,0,18635.41,0,22246.23,0,22181.75,0,26157.62,0,26476.52,0,35451.32,0,36174.07,0,33926.93,0,304305.63,"2022"
"1","ASEAN","Soybeans",2540,1750,1033,808.4,505,410,150,120,1410,1128,510,408,100,83.6,40,34,0,0,5825,4713.88,10040,8121.83,564,455.64,22717,18033.36,"2022"
"1","ASEAN","Precious stones, precious metals and their products",0,2927.99,0,4962.87,0,6325.79,0,3855.85,0,5393.74,0,3977.01,0,2822.34,0,2791.49,0,3855.58,0,4461.39,0,2113.76,0,1789.29,0,45277.15,"2022"
"1","ASEAN","Motor vehicles, assembled",3069,61610.58,7301,129102.86,8614,155585.17,8784,151873.65,9854,174353.44,10089,165916.91,12196,197609.42,16310,269294.84,16416,267454.16,12054,212899.66,20401,356652.67,19615,340943.21,144703,2483296.66,"2022"
"1","United States",NA,0,1057628.75,0,1107065.4,0,1273024.41,0,1163462.13,0,1506984.58,0,1438226.62,0,1144170.35,0,1230287.43,0,1227441.96,0,1176792.87,0,1139234.56,0,1006241.98,0,14470561.08,"2022"
"1","United States","Textile fibrics",0,2795.94,0,2233.39,0,2660.1,0,3647.96,0,4362.64,0,3312.2,0,3890.98,0,4248.93,0,4498.86,0,3045.46,0,2607.39,0,3358.69,0,40662.59,"2022"
"1","United States","Insecticides and materials",0,1076.54,0,1327.92,0,623.81,0,1001.89,0,953.81,0,843.83,0,1180.63,0,1249,0,622.02,0,1101.68,0,494.31,0,1206.95,0,11682.44,"2022"
"1","United States","Animal fodder and materials",0,44075.33,0,40164.92,0,62158.05,0,35782.67,0,95827.95,0,45181.28,0,64069.99,0,64130.97,0,53870.39,0,75535.85,0,63055.88,0,129022.36,0,772875.68,"2022"
"1","United States","Glass and glassware",0,4404.86,0,3604.94,0,5077.06,0,4811.69,0,4833.39,0,2920.98,0,4316.43,0,3580.95,0,3154.8,0,2655.93,0,3390.1,0,4112.02,0,46863.2,"2022"
"1","United States","Iron, Steel",241,633.82,170,673.79,362,735.41,209,524.7,237,1228.85,458,1315.47,608,2266.57,727,2888.95,944,2564.94,781,2688.05,193,1528.64,523,2140.81,5453,19190.05,"2022"
"1","United States","Articles of iron and steel",0,6235.57,0,5255.19,0,5254.37,0,7740.87,0,5979.97,0,5469.15,0,5779.11,0,6153.76,0,6094.5,0,6502.51,0,5588.17,0,8282.83,0,74336.07,"2022"
"1","United States","Other base metal products",0,2185.12,0,3170.06,0,2613.2,0,2495.35,0,2639.58,0,2542.9,0,2405.95,0,2921.42,0,2113.44,0,2577.41,0,2400.54,0,2679.29,0,30744.32,"2022"
"1","United States","Paper products",0,1330.54,0,1986.3,0,2077.33,0,2033.17,0,1106.07,0,1099.29,0,1342.22,0,452.43,0,677.18,0,740.63,0,855.45,0,557.75,0,14258.43,"2022"
"1","United States","Articles of plastics",0,12892.23,0,11998.24,0,13704.73,0,15535.69,0,19071.17,0,15671.43,0,15252.06,0,16694.26,0,13895.28,0,12738.76,0,12755.87,0,13885.42,0,174095.19,"2022"
"1","United States","Articles of rubber",0,1648.79,0,1591.71,0,1598.39,0,2052.78,0,1726.53,0,2317.36,0,2121.42,0,2061.27,0,2048.62,0,1780.43,0,2091.33,0,1372.37,0,22411.06,"2022"
"1","United States","Other petroleum products",0,1643.63,0,2069.12,0,1359.86,0,1109.3,0,1300.28,0,1501.73,0,1545.55,0,1504.99,0,1294.31,0,1230.21,0,1056.76,0,1221.15,0,16836.93,"2022"
"1","United States","Chemical products",0,32319.66,0,29649.39,0,38309.18,0,36706.2,0,34061.2,0,37894.02,0,36243.86,0,42698.75,0,35783.75,0,40958.69,0,37198.77,0,34304.2,0,436127.72,"2022"
"1","United States","Dairy products",0,23573.24,0,13147.45,0,17848.28,0,26287.76,0,18070.99,0,31333.76,0,15941.24,0,19189.43,0,12075.71,0,8293.92,0,16582.72,0,17568.59,0,219913.15,"2022"
"1","United States","Ores and other minerals",1481,2223.26,7462,4349.3,2986,5938.64,1082,1677.87,1539,2356.18,938,1319.34,1400,1484.14,2128,3176.91,2215,2887.89,2833,2178.04,2450,3258.34,1637,1609.91,28151,32459.85,"2022"
"1","United States","Waste iron and steel",45994,24850.81,76520,28650.54,58603,29821.07,84042,46410.03,144847,81077.95,172684,101291.75,35902,18865.04,69880,32446.97,67120,14112.26,22297,8105.62,83294,33722.79,30247,11134.76,891430,430489.65,"2022"
"1","United States","Other means of transort and equipments",0,48154.53,0,41701.97,0,18259,0,13446.55,0,39627.09,0,90205.24,0,38120.3,0,56529.55,0,44652.53,0,42596,0,40995.06,0,19728.94,0,494016.81,"2022"
"1","United States","Fertilizers",635,756.78,268,642.16,610,733.41,176,268.83,541,1193.91,730,910.66,547,829.25,664,743.01,487,624.87,358,554.21,572,538.38,386,691.28,5974,8486.79,"2022"
"1","United States","Auxiliary materials for cigarettes",0,113.05,0,227.42,0,204.5,0,6179.25,0,4642.95,0,3224.44,0,5286.85,0,2745.7,0,3958.68,0,10903.08,0,1550.37,0,6135.82,0,45172.16,"2022"
"1","United States","Auxiliary materials for textile, garment, leather, footwear",0,31706.03,0,33712.99,0,39454.55,0,36816.63,0,39439.38,0,40214.31,0,35934.36,0,37640.2,0,36506.99,0,30882.12,0,35748.49,0,26092.02,0,424148.13,"2022"
"1","United States","Computers, electronical products and parts",0,257708.53,0,377696.32,0,357582.56,0,286736.11,0,383919.74,0,350789.71,0,196455.62,0,257684.93,0,239233.55,0,266042.22,0,220358.11,0,188850.29,0,3383057.73,"2022"
"1","United States","Other Machinery, instrument, accessory",0,79830.63,0,65509.07,0,75968.73,0,70971.35,0,88840.26,0,70441.22,0,77092.01,0,83869.12,0,71684.54,0,95750.28,0,86099.26,0,102044.73,0,968101.25,"2022"
"1","United States","Cameras and their parts",0,201.14,0,888.13,0,1058.33,0,5224.14,0,2882.81,0,4311.13,0,192.36,0,1254.27,0,447.07,0,7945.16,0,2937.09,0,785.56,0,28127.23,"2022"
"1","United States","Wheat",2869,1030.88,72972,33173.6,1728,652.97,26822,12099.55,1892,781,390,182.83,20430,10135.11,2143,943.25,69820,35813.02,65949,28266.92,6187,2636,5726,2471.55,276928,128186.71,"2022"
"1","United States","Parts and accessories for motor",0,3901.99,0,2392.46,0,2669.03,0,2666.37,0,4850.97,0,2915.53,0,6081.23,0,4059.62,0,3909.91,0,3361.43,0,6138.94,0,6910.31,0,49857.84,"2022"
"1","United States","Other base metals",221,2003.76,369,2252.63,459,2868.33,590,4698.5,709,7392.21,299,3707.98,379,4231.45,496,4652.55,398,3505.64,130,2363.74,257,2270.2,557,1620.4,4864,41567.44,"2022"
"1","United States","Chemicals",0,39718.62,0,24369.98,0,43300.27,0,81343.69,0,47249.94,0,76892.27,0,77537.61,0,47029.9,0,43965.37,0,77470.83,0,64620.26,0,54814,0,678312.79,"2022"
"1","United States","Fishery products",0,4729.05,0,2353.37,0,2490.81,0,3615.96,0,2962.14,0,5878.79,0,9666.72,0,12918.92,0,5287.63,0,9429.4,0,11641.47,0,5126.65,0,76100.96,"2022"
"1","United States","Fresh and pocessed vegetables and fruit",0,24385.23,0,19570.11,0,32764.84,0,20667.28,0,23008.63,0,24237.49,0,33825.8,0,35053.71,0,31718.58,0,34801.8,0,40299.13,0,35971.03,0,356303.68,"2022"
"1","United States","Paper",1031,1350.52,469,707.73,1165,1505.84,1542,1849.4,1029,1696.08,934,1542.76,892,1628.97,1348,1880.19,740,1293.21,669,1097.02,1070,1448.98,548,789.39,11437,16790.14,"2022"
"1","United States","Wood and wooden products",0,18795.26,0,15962.4,0,20691.11,0,23407.8,0,30603.22,0,40572.94,0,43535.38,0,41266.23,0,39834.56,0,31103.74,0,26151.43,0,20714.09,0,352638.21,"2022"
"1","United States","Pharmaceutical products",0,21325.97,0,52361.27,0,88476.05,0,27878.16,0,12168.9,0,18993.81,0,21404.39,0,22986.23,0,18753.61,0,22799.62,0,22262.82,0,46760.77,0,376171.65,"2022"
"1","United States","Vegetable oil and fat",0,224.07,0,442.55,0,685.29,0,222.47,0,398.09,0,410.63,0,533.24,0,407.57,0,270.76,0,380.17,0,367.91,0,537.63,0,4880.44,"2022"
"1","United States","Electrical wire and cable",0,1262.94,0,1707.65,0,2214.12,0,2411.44,0,2793.15,0,2790.19,0,2949.21,0,2572.82,0,2832.47,0,1957.65,0,2788.23,0,2398.26,0,28678.18,"2022"
"1","United States","Other preparations for foodstuff",0,29278.64,0,27108.86,0,38017.85,0,21317.22,0,27258.14,0,23847.13,0,20708.67,0,24519.1,0,19926.02,0,18790.77,0,8011.34,0,11354.68,0,270138.49,"2022"
"1","United States","Plastic materials",21871,47505.23,25280,51975.96,27514,61062.3,25216,52068.97,31464,73898.78,21906,49467.06,22861,53228.81,20648,50021.06,30412,58458.49,28418,45836.44,38452,83156.84,34241,66106.24,328283,692786.23,"2022"
"1","United States","Aromatic substance, cosmetic and cleaning preparations",0,4826.45,0,6123.42,0,6350.1,0,6018.7,0,10826.78,0,5841.17,0,7482.76,0,7159.2,0,6969.13,0,5915.41,0,6994.8,0,6308.25,0,80816.24,"2022"
"1","United States","Rubber",532,1700.07,841,2537.47,1533,4454.38,475,1813.55,721,2540.95,652,2448.43,346,1415.77,476,1943.77,488,1914.17,687,2352.74,1137,3350.99,893,2478.77,8781,28951.11,"2022"
"1","United States","Cotton",19445,54589,27463,78507.8,46766,139133.55,42213,121999.43,57720,163038.79,53681,158763.46,56448,171061.61,52282,160428.08,46777,140276.63,28518,81765.61,10035,26112.83,6460,16120.78,447808,1311797.63,"2022"
"1","United States","Sweets, cookies and cereal preparations",0,997.74,0,1541.01,0,1603.06,0,1328.99,0,901.12,0,939.95,0,1201.57,0,2066.04,0,1685.86,0,1124.97,0,1327.8,0,956.16,0,15674.31,"2022"
"1","United States","Telephones and their parts",0,70.92,0,20.02,0,564.22,0,80.36,0,73.71,0,143.65,0,124.84,0,0,0,78.6,0,24.93,0,96.25,0,67.37,0,1344.9,"2022"
"1","United States","Soybeans",93606,55994.28,39093,24094.68,74379,49801.61,31969,21505.73,93086,67538.18,32214,23896.82,18920,14041.67,22289,16683.89,38504,28733.98,28317,20933.88,24724,17600.92,97690,67303.5,594791,408129.17,"2022"
"1","United States","Precious stones, precious metals and their products",0,1100.4,0,1758.57,0,1983.66,0,3154.84,0,1532.37,0,2450.67,0,1650.53,0,3260.05,0,1070.88,0,2475.58,0,1639.59,0,4988.38,0,27065.56,"2022"
"1","United States","Motor vehicles, assembled",14,1002.89,415,12945.95,163,5662.19,53,2018.29,190,12336.15,48,2080.91,295,14107.75,225,10481.49,70,5424.66,482,24676.83,405,18809.73,102,3183.33,2462,112730.22,"2022"
"1","Korea",NA,0,5095335.71,0,5006427.36,0,6664322.17,0,5598660.76,0,5415542.07,0,4758332.06,0,5620491.98,0,5258477.23,0,4700527.49,0,4885957.99,0,4646877.09,0,4437675.35,0,62088627.32,"2022"
"1","Korea","Fibres, not spun",4546,12042.1,4516,11015.09,6075,13608.31,5696,13474.54,4759,12852.03,5189,13075.98,7004,15654.27,5735,12477.16,3512,9409.66,3678,10270.61,4683,11187.86,3303,8617.7,58696,143685.36,"2022"
"1","Korea","Petroleum oil, refined",122995,90613.09,225824,191090.58,711026,734078.27,325014,368729.16,355776,417522.41,205511,267466.32,223305,267040.23,193420,198464.52,192412,210342.18,191304,193555.97,132308,131245.62,343767,314842.31,3222662,3384990.71,"2022"
"1","Korea","Textile fibrics",0,141316.67,0,131762.2,0,163126.32,0,159194.3,0,181456.16,0,156397,0,148226.94,0,122226.79,0,115970.93,0,139412.16,0,170648.28,0,144236.66,0,1773974.47,"2022"
"1","Korea","Insecticides and materials",0,2744.28,0,8120.8,0,2804.23,0,5560.57,0,3057.38,0,1236.41,0,6449.86,0,4579.81,0,881.45,0,10775.42,0,3662.41,0,514.28,0,50386.93,"2022"
"1","Korea","Animal fodder and materials",0,3425.94,0,4496.37,0,5549.77,0,5926.02,0,7595.7,0,6552.42,0,6404.37,0,6135.93,0,5596.76,0,5166.6,0,5900.93,0,5707.68,0,68458.53,"2022"
"1","Korea","Glass and glassware",0,5334.25,0,4428.14,0,4600.08,0,4284.3,0,3794.28,0,3219.71,0,4108.68,0,2662.89,0,4693.95,0,4338.13,0,5408.54,0,6891.18,0,53764.16,"2022"
"1","Korea","Iron, Steel",136472,156032.05,90428,110975.77,112340,158541.79,119186,142745.5,103183,131720.11,116871,148553.04,114921,148738.6,117365,137124.92,111029,113347.66,62777,65674.23,90366,92003.9,56781,57459.78,1231719,1462917.4,"2022"
"1","Korea","Articles of iron and steel",0,56979.77,0,47866.26,0,51417.48,0,51554.86,0,52026.18,0,53274.23,0,69535.52,0,63568.79,0,51811.21,0,53899.15,0,66145.66,0,53378.32,0,671457.46,"2022"
"1","Korea","Other base metal products",0,15357.68,0,18620.85,0,20967.11,0,20396.66,0,18987.21,0,16654.7,0,18990.9,0,17586.05,0,16814.89,0,19058.15,0,19032.6,0,15928.46,0,218395.32,"2022"
"1","Korea","Paper products",0,5037.24,0,4164.78,0,5012.86,0,5784.44,0,6015.1,0,4761.57,0,4680.91,0,3933.58,0,3570.12,0,4518.38,0,6148.38,0,5030.39,0,58657.8,"2022"
"1","Korea","Articles of plastics",0,125529.16,0,125053.16,0,129562.21,0,137994.49,0,128364.01,0,121571.97,0,140150.93,0,128403.93,0,105908.1,0,114942.22,0,119371.68,0,101472.51,0,1478324.42,"2022"
"1","Korea","Articles of rubber",0,7252.32,0,6815.97,0,8282.84,0,8581.13,0,9188.28,0,8299.37,0,9789.51,0,7599.11,0,7651.37,0,7555.05,0,10247,0,8722.41,0,99984.4,"2022"
"1","Korea","Other petroleum products",0,22791.39,0,26100.94,0,32315.47,0,29215.29,0,34550.04,0,23867.53,0,27562.36,0,18259.9,0,26317.45,0,18330.2,0,27539.11,0,24771.03,0,311620.76,"2022"
"1","Korea","Chemical products",0,114963.87,0,108611.66,0,136310.12,0,97574.58,0,80685.31,0,72466.4,0,83948.88,0,79274.39,0,66402.8,0,71666.24,0,70881.85,0,62691,0,1045477.16,"2022"
"1","Korea","Dairy products",0,2077.33,0,2037.46,0,1246.41,0,2198.03,0,2010.33,0,1898.04,0,1978.81,0,2120.88,0,1572.95,0,1861.33,0,1105.85,0,2261.8,0,22369.26,"2022"
"1","Korea","Ores and other minerals",4879,2181.1,4056,2307.85,5159,2395.22,5095,3150.64,5102,4342.48,4330,4120.43,4221,3639.23,8849,3735.51,3993,1728.93,7853,3280.68,3436,2429.96,2749,743.37,59722,34055.43,"2022"
"1","Korea","Other means of transort and equipments",0,5653.91,0,313.67,0,5800.61,0,29605.35,0,2891.84,0,5849.37,0,15677.55,0,264.76,0,7344.14,0,28118.73,0,10243.25,0,1320.03,0,113083.26,"2022"
"1","Korea","Fertilizers",14873,6840.87,21206,14388.88,3239,1341.31,17021,11095.27,30444,18754.59,3319,1199.52,3008,1350.52,2365,1002.11,2149,1337.72,10049,5655.91,3860,1835.81,2207,1199.58,113740,66002.14,"2022"
"1","Korea","Auxiliary materials for textile, garment, leather, footwear",0,42596.02,0,41895.16,0,48479.99,0,55882.29,0,71579.22,0,60854.6,0,58116.02,0,44500.22,0,40181.97,0,45875.45,0,52988.59,0,42911.38,0,605860.97,"2022"
"1","Korea","Auxiliary materials for medicaments",0,190.98,0,98.75,0,303.5,0,227.44,0,92.09,0,661.89,0,56.77,0,606.38,0,123.41,0,334.95,0,467.74,0,381.73,0,3545.69,"2022"
"1","Korea","Computers, electronical products and parts",0,1960863.63,0,1880264.86,0,2585340.62,0,2112254.24,0,1988221.01,0,1787160.82,0,2020777.76,0,2225539.55,0,1713285,0,1736345.23,0,1430409.45,0,1750403.55,0,23190865.79,"2022"
"1","Korea","Other Machinery, instrument, accessory",0,512863.98,0,520817.13,0,639150.19,0,628240.64,0,564405.78,0,512329,0,576341,0,434020.01,0,440957.12,0,438012.06,0,491207.85,0,485062.08,0,6243406.87,"2022"
"1","Korea","Cameras and their parts",0,8387.83,0,9708.52,0,11435.09,0,9751.35,0,9335.53,0,7954.8,0,7488.59,0,8299.87,0,8953.82,0,8273.77,0,10089.44,0,8995.72,0,108674.4,"2022"
"1","Korea","Parts and accessories for motor",0,107847.19,0,118938.2,0,121541.38,0,118111.2,0,181172.6,0,110674.46,0,120380.93,0,123014.76,0,121296.74,0,129678.78,0,137364.07,0,113641.28,0,1503661.65,"2022"
"1","Korea","Other base metals",32995,146519.55,34943,155223.53,42006,171722.17,38153,167328.66,40303,182043.3,28457,128693.08,33534,140154.57,35146,125829.14,26320,100644.85,28838,107633.17,28400,101242.99,24913,80231.85,394008,1607266.91,"2022"
"1","Korea","Liquefied Petroleum Gas",175,238.25,201,204.17,199,281.38,423,613.11,120,197.44,88,90.25,316,486.52,143,250.88,111,177.42,597,384.88,105,202.89,390,270.69,2868,3397.92,"2022"
"1","Korea","Chemicals",0,39146.22,0,64998.3,0,58064.68,0,61686.84,0,70513.28,0,51887.31,0,57119.79,0,43045.33,0,33925.81,0,41772.68,0,41822.17,0,31775.05,0,595757.52,"2022"
"1","Korea","Fishery products",0,9909.59,0,6118.74,0,15560.19,0,12993.56,0,7085.95,0,12463.29,0,7568.12,0,5243.23,0,3366.97,0,9679.04,0,5943.35,0,8558.66,0,104490.73,"2022"
"1","Korea","Fresh and pocessed vegetables and fruit",0,7131.72,0,3558.06,0,6519.02,0,5494.57,0,3539.31,0,2136.27,0,3849.3,0,4251.82,0,4263.35,0,6087.46,0,7290.91,0,8137.71,0,62259.54,"2022"
"1","Korea","Domestic electrical appliances and parts",0,4543.18,0,4706.48,0,5600.29,0,6903.88,0,7549.55,0,4968.59,0,5156.02,0,4882.29,0,5687.99,0,4122.07,0,4651.41,0,4320.09,0,63091.9,"2022"
"1","Korea","Paper",22775,22845.18,24351,25234.09,28111,29774.69,19325,20894.61,28663,28266.3,20877,21850,24278,25533.76,23755,25423.11,17632,17469.6,21185,19808.65,23256,20336.31,21040,17704.6,275248,275140.95,"2022"
"1","Korea","Wood and wooden products",0,433.22,0,2415.17,0,2437.59,0,1558.03,0,3749.54,0,1488.6,0,2921.54,0,1573.36,0,969.35,0,788.78,0,2617.56,0,820.21,0,21772.99,"2022"
"1","Korea","Pharmaceutical products",0,14711.55,0,10780.99,0,15299.01,0,45068.3,0,21587.68,0,12818.16,0,14855.95,0,11336.95,0,14545.75,0,19004.57,0,17857.79,0,26835.6,0,224702.36,"2022"
"1","Korea","Vegetable oil and fat",0,566.9,0,408.57,0,452.36,0,414.71,0,580.94,0,504.63,0,671.46,0,763.17,0,951.08,0,715.88,0,661.59,0,739.23,0,7430.56,"2022"
"1","Korea","Electrical wire and cable",0,20477.59,0,19460.02,0,21554.1,0,22088.43,0,25582.74,0,20675.84,0,25074.39,0,22368.33,0,23012.72,0,26220.12,0,27871.14,0,27254.69,0,281640.17,"2022"
"1","Korea","Other preparations for foodstuff",0,5411.49,0,4306.79,0,6420.54,0,6436.98,0,7582.26,0,7023.97,0,6157.36,0,6229.72,0,5556.04,0,5973.18,0,6271.87,0,7819.84,0,75190.1,"2022"
"1","Korea","Plastic materials",137349,227815.49,182125,288825.16,169019,286234.08,144661,267555.43,124577,235585.18,122477,216344.91,145911,252912.65,142457,229088.92,118351,180383.04,127270,196071.24,119505,189582.75,79719,128441.23,1613421,2698840.13,"2022"
"1","Korea","Aromatic substance, cosmetic and cleaning preparations",0,9101.65,0,7186.4,0,11143.21,0,8398.29,0,8553.96,0,10654.91,0,8445.7,0,10160.68,0,11011.72,0,12923.59,0,13893,0,12539.78,0,124012.94,"2022"
"1","Korea","Rubber",14706,29874.95,15417,29845.88,18495,35800.24,17227,36350.77,17905,36993.05,12394,27120.88,9073,22658.58,10346,23198.92,8500,18271.8,9337,20203.46,9437,19843.04,9327,16454.82,152164,316616.46,"2022"
"1","Korea","Cotton",481,705.85,146,297.01,269,427.43,193,405.86,232,535.83,124,303.57,253,488.25,178,392.37,56,239.02,98,174.25,178,361.67,121,293.63,2329,4624.78,"2022"
"1","Korea","Sweets, cookies and cereal preparations",0,3655.35,0,2741.5,0,3890.23,0,3665.33,0,3842.28,0,3977.23,0,4523.44,0,4198.41,0,4593.34,0,4748.34,0,4981.83,0,5060.19,0,49877.52,"2022"
"1","Korea","Telephones and their parts",0,1034075.78,0,883850.11,0,969078.3,0,769097.5,0,704112.83,0,743923.88,0,1151206.82,0,990838.65,0,1108791.91,0,1203297.22,0,1188472.6,0,747173.96,0,11493919.61,"2022"
"1","Korea","Precious stones, precious metals and their products",0,8422.44,0,3538.08,0,7432.25,0,10283,0,10510.43,0,6515.39,0,9215.61,0,6954.96,0,6752.92,0,5773.08,0,6158.8,0,6299.89,0,87856.89,"2022"
"1","Korea","Motor vehicles, assembled",11,352.23,0,0,141,8386.41,9,639.23,5,1100.36,1,219,54,4733.04,8,1150.7,37,2944.99,22,1913.07,13,2061.81,48,3617.46,349,27118.35,"2022"
"1","Japan",NA,0,1674109.22,0,1889117.26,0,2255263.34,0,2097428.78,0,1942314.6,0,2179881,0,1840002.07,0,2107671.15,0,1864489.61,0,1915488.95,0,1731092.01,0,1876964.57,0,23373822.6,"2022"
"1","Japan","Fibres, not spun",297,2238.19,650,4508.35,549,4214.35,649,2760.1,496,4589.79,979,6924.42,981,6607.3,954,6814.71,380,4137.51,350,3498.35,350,4845.4,753,5481.63,7388,56620.14,"2022"
"1","Japan","Petroleum oil, refined",0,0,31336,29836.29,31521,34912.93,27616,34040.72,0,0,0,0,0,0.03,0,0,0,0,0,0,0,0,0,0.18,90473,98790.17,"2022"
"1","Japan","Textile fibrics",0,52504.99,0,53933.53,0,56287.85,0,55312.59,0,58148,0,62315.15,0,59235.23,0,50248.5,0,52448.08,0,60603.13,0,58911.14,0,62977.59,0,682925.84,"2022"
"1","Japan","Insecticides and materials",0,2120.52,0,3184.81,0,1645.24,0,1849.04,0,4361.61,0,3214.03,0,2067.51,0,2438.59,0,2088.31,0,2539.12,0,1331.78,0,2038.39,0,28879.02,"2022"
"1","Japan","Animal fodder and materials",0,45.43,0,267.04,0,320.28,0,0,0,124.77,0,345.2,0,657.84,0,537.66,0,151.14,0,301.27,0,237.97,0,141.39,0,3130.04,"2022"
"1","Japan","Glass and glassware",0,9563.7,0,7780.02,0,9309.43,0,11737.47,0,11509.58,0,15473.09,0,16942.76,0,18935.94,0,18084.29,0,20937.69,0,13046.92,0,20209.11,0,173530.05,"2022"
"1","Japan","Coal",53076,26117,29149,16656.79,20916,10063.23,0,0,62690,39671.66,0,0,0,0,32995,11604.24,26899,9811.31,0,0,33036,11871.17,50918,18892.91,309679,144688.33,"2022"
"1","Japan","Iron, Steel",156103,154038.87,124118,130563.28,189731,178018.61,208931,206001.71,191739,192916.63,154178,167883.98,124140,132501.41,134453,131011.07,97484,93082.95,146556,123116.91,180621,135688.03,207107,150464.36,1915161,1795287.84,"2022"
"1","Japan","Articles of iron and steel",0,38070.73,0,43763.69,0,47148.65,0,41186.13,0,38885.04,0,45112.66,0,41905.76,0,41118.52,0,36726.51,0,41439.3,0,44233.69,0,42836.74,0,502427.48,"2022"
"1","Japan","Other base metal products",0,8063.33,0,8950.67,0,9824.48,0,11164.67,0,8278.58,0,9787.03,0,9142.47,0,9885.57,0,9241.96,0,10568.19,0,10731.98,0,11805.42,0,117444.38,"2022"
"1","Japan","Paper products",0,3468.22,0,3941.76,0,4102.4,0,4074.17,0,3779.76,0,4490.74,0,4621.51,0,3964.9,0,3613.26,0,4635.92,0,3866.66,0,4505.79,0,49065.14,"2022"
"1","Japan","Articles of plastics",0,57199.31,0,66167.73,0,67657.45,0,63601.3,0,59326.62,0,69880.49,0,67454.15,0,70089.6,0,64809.41,0,76122.54,0,69436.2,0,70868.45,0,802613.31,"2022"
"1","Japan","Articles of rubber",0,12119.32,0,13172.91,0,12879.7,0,11534.26,0,12614.65,0,14242.06,0,12399.82,0,13982.27,0,12780.18,0,12787.06,0,12837.17,0,12733.42,0,154082.86,"2022"
"1","Japan","Other petroleum products",0,1769.32,0,2363.43,0,2887.55,0,2785.13,0,1829.3,0,3019.2,0,2656.22,0,2737.98,0,2216.21,0,2086.68,0,2474,0,3119.14,0,29944.22,"2022"
"1","Japan","Chemical products",0,43335.58,0,55281.88,0,57946.5,0,47528.29,0,51319.59,0,63832.97,0,56505.13,0,63253.68,0,57242.61,0,56314.95,0,52476.78,0,56225.64,0,661263.65,"2022"
"1","Japan","Dairy products",0,4421.72,0,6359.7,0,5279.8,0,4530.89,0,5173.88,0,7227.15,0,4404.3,0,5782.08,0,5033.09,0,4865.22,0,4582.93,0,6821.49,0,64482.31,"2022"
"1","Japan","Ores and other minerals",1256,562.77,1150,1036.69,1345,1702.62,748,1186.78,1028,555.49,1196,828.72,822,577.89,1158,1180.51,846,886.17,1279,1103.92,834,401.71,767,697.45,12429,10720.77,"2022"
"1","Japan","Waste iron and steel",27284,14855.93,126950,65220.01,95967,53065.87,162445,96688.38,151270,92819.19,146847,86308.23,59043,30733.54,121172,49601.82,123476,49284.73,166552,68289.88,56915,22828.19,70298,28034.21,1308219,657730.03,"2022"
"1","Japan","Other means of transort and equipments",0,1955.07,0,1770.48,0,68901.16,0,18120.1,0,37914.58,0,47905.39,0,2497.81,0,2774.32,0,4332.8,0,31936.2,0,32880.92,0,8810.98,0,259799.86,"2022"
"1","Japan","Fertilizers",24878,4381.02,36987,7713.87,59140,13123.69,23833,3871.36,19343,1516.26,25676,2240.8,25115,2508.32,46351,6864.18,29490,4042.69,28004,3816.22,29801,3910.51,29375,3961.04,377993,57950.03,"2022"
"1","Japan","Auxiliary materials for tobacco",0,0,0,0,0,0,0,0,0,0,0,0,0,0,0,0,0,0,0,0,0,107.71,0,0,0,107.71,"2022"
"1","Japan","Auxiliary materials for textile, garment, leather, footwear",0,18343.61,0,19331.16,0,21007.46,0,27164.91,0,26019.77,0,24632.45,0,21205.89,0,21109.84,0,20841.08,0,27941.39,0,21950.08,0,19241.99,0,268789.68,"2022"
"1","Japan","Computers, electronical products and parts",0,497271.09,0,541514.43,0,712465.01,0,615735.48,0,525133.6,0,622161.53,0,537746.7,0,750683.19,0,682827.88,0,541730.93,0,422049.3,0,527445.11,0,6976764.31,"2022"
"1","Japan","Other Machinery, instrument, accessory",0,311824.19,0,332585.7,0,374669.96,0,372677.97,0,330438.78,0,422528.27,0,356620.79,0,361143.23,0,333683.47,0,350577.02,0,360314.63,0,381365.22,0,4288429.28,"2022"
"1","Japan","Cameras and their parts",0,12535.02,0,14294.95,0,18522.02,0,18521.94,0,8532.94,0,11258,0,18117.26,0,19760.98,0,20797.16,0,23440.98,0,10866.99,0,14666.93,0,191315.23,"2022"
"1","Japan","Parts and accessories for motor",0,55638.48,0,63304.64,0,87559.29,0,86043.42,0,64340.18,0,57351.77,0,77976.82,0,83713.17,0,62799.67,0,75392.89,0,81174.13,0,65007.53,0,860302.03,"2022"
"1","Japan","Other base metals",8788,54253.9,7617,49612.53,13398,44002.09,6315,37893.3,6531,54060.19,8634,66309.73,6546,60068.83,6678,48202.17,5629,42498.24,5401,43129.96,14542,66382.53,6506,39361.78,96585,605775.31,"2022"
"1","Japan","Chemicals",0,46505.69,0,68110.99,0,62193.48,0,52827.93,0,49800.81,0,57301.47,0,44206.67,0,48215.86,0,38555.83,0,35478.39,0,38824.89,0,57365.32,0,599387.38,"2022"
"1","Japan","Fishery products",0,16103.53,0,13280.01,0,18685.52,0,13718.45,0,12879.63,0,16303.91,0,16783.31,0,14530.88,0,9070.67,0,9878.38,0,11259.62,0,15937.27,0,168431.22,"2022"
"1","Japan","Domestic electrical appliances and parts",0,1605.57,0,2186.12,0,1557.28,0,2421.04,0,1831.55,0,2220.21,0,1959.15,0,2160.4,0,1981.12,0,3190.41,0,2292.65,0,2993.58,0,26399.13,"2022"
"1","Japan","Paper",24821,19988.13,25676,20766.52,28697,22111.58,31338,25527.72,30260,24695.98,27014,23870.44,27634,23730.62,23070,20476.94,20098,17674.04,20912,19760.3,20493,19829.71,17072,17365.12,297085,255797.16,"2022"
"1","Japan","Wood and wooden products",0,563.24,0,491.27,0,456.01,0,888.27,0,722.26,0,534.74,0,836.41,0,748.26,0,460.56,0,502.43,0,505.16,0,693.55,0,7402.21,"2022"
"1","Japan","Pharmaceutical products",0,12892.2,0,3774.04,0,13306.02,0,10115.29,0,1947.56,0,2642.04,0,5078.86,0,1734.77,0,3261.3,0,1821.14,0,4419.17,0,7594.98,0,68587.42,"2022"
"1","Japan","Electrical wire and cable",0,13060.89,0,16179.29,0,13386.35,0,13050.33,0,11098.29,0,12968.39,0,12777.23,0,14117.66,0,12794.42,0,15262.6,0,13559.57,0,13234.97,0,161490.03,"2022"
"1","Japan","Other preparations for foodstuff",0,2995.62,0,3509.39,0,3828.31,0,3768.4,0,4449.22,0,4366.21,0,3599.19,0,3495.47,0,3906.88,0,4118.54,0,4689.97,0,4900.45,0,47627.7,"2022"
"1","Japan","Plastic materials",24114,51572.54,27220,69215.54,22544,60511.01,23617,53048.78,21862,51740.86,27331,67642.61,26635,57852.79,23986,57198.73,22217,47419.41,20435,48309.6,21534,52198.48,17222,42523.06,278717,659233.45,"2022"
"1","Japan","Aromatic substance, cosmetic and cleaning preparations",0,4092.59,0,4667.45,0,5559.54,0,5033.32,0,4881.88,0,5796.83,0,6771.29,0,5528.7,0,4449.31,0,6697.59,0,4690.81,0,6693.48,0,64862.83,"2022"
"1","Japan","Rubber",5157,14496.87,6361,15876.62,6902,17850.96,4137,12633.1,3502,12249.66,5059,15945.34,3838,11970.75,4035,13979.86,5099,17049.39,4416,14752.93,4039,13660.86,3548,12567.26,56093,173033.64,"2022"
"1","Japan","Telephones and their parts",0,5927.86,0,2470.92,0,5241.95,0,5553.42,0,6376.4,0,9070.89,0,7304.69,0,5884.53,0,4544.72,0,1864.41,0,3622.25,0,1810.48,0,59672.57,"2022"
"1","Japan","Precious stones, precious metals and their products",0,4070.44,0,4718.62,0,5994.04,0,6170.33,0,5185.33,0,5316.89,0,5999.89,0,5749.11,0,4309.45,0,4961.48,0,4786.87,0,4442.18,0,61704.69,"2022"
"1","Japan","Motor vehicles, assembled",284,13615.79,197,9811.47,344,15791.98,303,12809.86,117,11009.66,233,12845.77,181,10054.51,324,16101.51,64,4309.25,76,7900.14,119,9889.89,166,7155.48,2408,131295.35,"2022"
"1","Australia",NA,0,683546.07,0,558090.09,0,882449.44,0,818888.67,0,908109.72,0,1381011.81,0,997480.71,0,789593.88,0,754459.06,0,844593.95,0,833097.04,0,693361.59,0,10144682.08,"2022"
"1","Australia","Animal fodder and materials",0,4446,0,3213.45,0,5631.66,0,2994.07,0,3385.7,0,5174,0,4687.27,0,21241.37,0,2879.38,0,2317,0,2725.52,0,5360.35,0,64055.81,"2022"
"1","Australia","Coal",1040450,241810.39,1180555,263636.94,1274225,370079.9,1038894,387833.28,1409664,398109.5,2752042,820420.83,1808489,507650.22,1227279,272712.76,839083,149524.7,1659823,319040.69,1364540,277960.91,1423110,287492.28,17018154,4296272.45,"2022"
"1","Australia","Iron, Steel",5934,4270.86,13,36.94,143,169.41,610,375.84,23888,19893.26,1479,1484.87,1453,1062.26,6649,4508.49,24938,18525.05,1625,968.72,31636,17909.37,1363,699.53,99731,69904.64,"2022"
"1","Australia","Articles of iron and steel",0,443.97,0,326.9,0,80.96,0,182.06,0,309.04,0,185.39,0,720.54,0,198.17,0,377.2,0,534.33,0,1280.67,0,1016.78,0,5656.04,"2022"
"1","Australia","Other petroleum products",0,696.73,0,1308.5,0,1872.88,0,1151.09,0,1175.44,0,1547.99,0,1429.44,0,1465.1,0,1968.53,0,922.57,0,1345.96,0,1145.03,0,16029.33,"2022"
"1","Australia","Chemical products",0,2701.92,0,4546.06,0,6326.93,0,4990.37,0,5317.13,0,6719.84,0,7291.1,0,4137.66,0,4644.06,0,5480.98,0,2519.69,0,1839.17,0,56514.95,"2022"
"1","Australia","Dairy products",0,9920.54,0,7839.4,0,10015.52,0,6730.65,0,7082.8,0,15871.3,0,6534.12,0,8137.67,0,7870.63,0,6413.38,0,4992.81,0,5966.93,0,97375.8,"2022"
"1","Australia","Ores and other minerals",1147572,113012.65,534542,84685.53,1346293,180905.92,730500,118373.33,895064,127626.7,1275921,159213.85,535108,70586.05,543615,42018.5,729881,71837.27,484956,50247.79,493421,43797.74,506297,50524.04,9223170,1112829.42,"2022"
"1","Australia","Waste iron and steel",5884,2914.8,30892,16354.34,3584,1723.55,44989,24807.39,74082,43071.3,57025,35063.26,6497,3493.65,5104,2048.69,22089,8538.49,29794,11403.68,1852,689.35,32106,12480.5,313898,162589.04,"2022"
"1","Australia","Auxiliary materials for textile, garment, leather, footwear",0,906.61,0,991.15,0,1189.08,0,993.43,0,2293.15,0,2476.27,0,2665.41,0,1153.89,0,2780.93,0,1223.33,0,2290.56,0,2294.55,0,21258.41,"2022"
"1","Australia","Other Machinery, instrument, accessory",0,2281.59,0,2276.03,0,2813.38,0,3058.91,0,2122.48,0,3164.12,0,1778.15,0,3625.43,0,2682.08,0,2033.16,0,3469.88,0,5396.4,0,34701.65,"2022"
"1","Australia","Wheat",220598,79441.77,110827,39611.84,365570,135510.89,249511,98178.32,291196,109279.38,269623,100800.54,302984,124532.93,288538,115031.28,297543,119977.01,90934,38778.96,173428,69897.04,137327,53090.41,2798079,1084130.42,"2022"
"1","Australia","Other base metals",16006,66704.34,12263,46924.43,16494,61797.36,13547,66461.05,18802,88758.51,14731,57813.18,14622,59828.92,11431,37628.55,11040,35987.87,12687,45716.61,13681,48337.48,13328,43721.88,168632,659680.22,"2022"
"1","Australia","Liquefied Petroleum Gas",0,0,0,0,0,0,0,0,0,0,0,0,0,0,0,0,0,0,0,0,305,231.6,0,0,305,231.6,"2022"
"1","Australia","Chemicals",0,249.97,0,172.04,0,523.85,0,193.74,0,262.42,0,125.52,0,141.7,0,281.59,0,274.96,0,193.52,0,280.24,0,409.86,0,3109.46,"2022"
"1","Australia","Fresh and pocessed vegetables and fruit",0,17082.33,0,5724.87,0,14685.54,0,11791.26,0,21705.95,0,11252.3,0,7897.77,0,14538.79,0,20540.98,0,15006.92,0,10614.19,0,7374.29,0,158215.26,"2022"
"1","Australia","Wood and wooden products",0,654.93,0,737.57,0,780.45,0,1826.64,0,1210.06,0,867.97,0,896.03,0,402.28,0,465.65,0,3904.94,0,378.26,0,557.41,0,12682.24,"2022"
"1","Australia","Pharmaceutical products",0,3234.23,0,2159.53,0,5993.76,0,4916.56,0,1570.42,0,2931.58,0,2018.86,0,10666.03,0,3842.7,0,2427.88,0,2278.33,0,6694.12,0,48734.04,"2022"
"1","Australia","Vegetable oil and fat",0,1018.75,0,112.9,0,657.19,0,901.54,0,873.92,0,884.25,0,796.42,0,2131.27,0,1499.88,0,738.39,0,1535.79,0,1587.35,0,12737.72,"2022"
"1","Australia","Other preparations for foodstuff",0,1491.2,0,1472.37,0,2014.54,0,1732.36,0,1250.14,0,2931.86,0,1865.7,0,1807.4,0,2025.45,0,1213.13,0,1541.46,0,2240.12,0,21585.78,"2022"
"1","Australia","Plastic materials",216,695.68,125,328.53,301,797.51,10,56.9,101,328.02,152,385.07,374,846.18,49,280.99,293,601.17,377,503.87,623,741.87,458,590.02,3079,6155.86,"2022"
"1","Australia","Cotton",26382,67465.15,10697,27562.84,6699,16874.11,1856,5674.18,2149,6397.51,9257,28189.93,26026,80712.64,56594,181084.97,76758,238213.65,82702,256816.29,81334,248386.65,41991,117189.05,422445,1274567.01,"2022"
"1","Australia","Precious stones, precious metals and their products",0,859.81,0,1480.65,0,1813,0,2060.56,0,1452.87,0,1452.17,0,1547.96,0,2080.85,0,1954.05,0,1993.69,0,1993.85,0,2318.5,0,21008.01,"2022"
"1","China, PR",NA,0,10758837.4,0,7581914.48,0,9088433.18,0,10652341.18,0,11523887.45,0,11518710.83,0,10393860.86,0,10229192.41,0,9411102.74,0,8847610.2,0,9456676.27,0,8404059.76,0,117866626.81,"2022"
"1","China, PR","Fibres, not spun",54771,135111.06,44450,111142.88,59320,141941.67,49586,132633.16,62766,156427.84,59858,161868.59,55678,141268.43,55046,123795.84,45788,103887.33,43795,92763.67,54615,108951.97,52739,99850.28,638412,1509642.77,"2022"
"1","China, PR","Petroleum oil, refined",39429,32451.82,60054,52422.99,69290,77720.35,70201,73614.98,74992,85448.2,77197,103304.11,61784,66226.77,99015,105561.22,75161,79268.79,40637,35137.79,161532,141548.52,191976,160896.79,1021268,1013602.4,"2022"
"1","China, PR","Textile fibrics",0,960806.49,0,528259.65,0,759864.3,0,942808.92,0,1050369.02,0,854056.37,0,697257.14,0,735637.1,0,668482.18,0,632161.77,0,724077.94,0,621038.97,0,9174819.91,"2022"
"1","China, PR","Insecticides and materials",0,44367.95,0,16325.97,0,38780.99,0,34813.48,0,52598.59,0,79716.02,0,54984.58,0,50264.05,0,33316.05,0,39239.65,0,43550.35,0,29441.33,0,517399.03,"2022"
"1","China, PR","Animal fodder and materials",0,19457.68,0,10511.64,0,22439.14,0,23865.66,0,28058.93,0,28209.01,0,20298.27,0,21733.47,0,16139.73,0,22790.39,0,22123.53,0,21681.62,0,257309.12,"2022"
"1","China, PR","Glass and glassware",0,92197.28,0,62603.14,0,71456.5,0,83816.35,0,90116.81,0,116529.6,0,114933.33,0,106928.61,0,67335.91,0,69958.96,0,72311.45,0,72531.46,0,1020719.44,"2022"
"1","China, PR","Coal",111229,52953.35,63617,31851.2,86978,45128.23,115126,60274.74,97194,60490.35,39601,21590.66,45201,23640.01,46047,20501.61,10817,4567.06,15277,5899,4891,2012.18,11721,4770.31,647699,333678.74,"2022"
"1","China, PR","Iron, Steel",331324,354562.69,307076,295629.97,340598,348652.81,437994,451590.73,755877,763059.58,782929,793454.74,459964,469639.18,351699,348050.96,223262,224655.65,315730,268211.95,383862,322451.82,406474,324279.93,5096789,4964240.06,"2022"
"1","China, PR","Articles of iron and steel",0,281249.04,0,194028.81,0,223400.06,0,241624.84,0,282428.8,0,324948.31,0,326232.32,0,333654.57,0,303713.37,0,294487.22,0,320753.81,0,254578.58,0,3381099.77,"2022"
"1","China, PR","Other base metal products",0,115809.52,0,73670.02,0,101632.93,0,127414.28,0,124958.24,0,145718.02,0,143898.3,0,130581.99,0,116334.09,0,110950.57,0,123402.98,0,110799.62,0,1425170.6,"2022"
"1","China, PR","Paper products",0,56019.19,0,30297.68,0,42792.31,0,58498.55,0,57917.35,0,54219.37,0,49496.21,0,49546.78,0,47503.22,0,42264.78,0,45721.01,0,37797.55,0,572074.07,"2022"
"1","China, PR","Articles of plastics",0,398883.76,0,255299.86,0,327931.68,0,401527.2,0,439252.37,0,468919.89,0,401798.03,0,367677.39,0,338282.76,0,331545.28,0,363321.21,0,333453.76,0,4427893.24,"2022"
"1","China, PR","Articles of rubber",0,41155.54,0,22596.49,0,29950.04,0,41296.63,0,43883.99,0,44516.61,0,39024.85,0,37472.35,0,36141.39,0,36600,0,38360.21,0,35065.07,0,446063.21,"2022"
"1","China, PR","Other petroleum products",0,19215,0,15700.22,0,19276.24,0,20676.5,0,23135.71,0,24162.24,0,16514.62,0,14332.51,0,14006.69,0,9392.35,0,15369.74,0,16612.69,0,208394.55,"2022"
"1","China, PR","Chemical products",0,319655.78,0,249303.33,0,320588.04,0,296862.49,0,330911.21,0,311082.61,0,323764.39,0,319079.87,0,300361.55,0,309568.19,0,289355.33,0,274449.08,0,3644981.9,"2022"
"1","China, PR","Ores and other minerals",33720,9805.85,18977,4807.55,24667,5884.11,30400,8336.91,38186,9341.82,199021,51054,37051,8838.05,178339,37376.62,24567,5373.63,161930,31673.26,46838,7301.03,33191,5646.94,826887,185439.82,"2022"
"1","China, PR","Other means of transort and equipments",0,17773.89,0,6902.61,0,6054.16,0,20523.88,0,11301.8,0,17487,0,10983.65,0,15917.81,0,32526.8,0,8370.42,0,12950.56,0,29736.04,0,190528.68,"2022"
"1","China, PR","Fertilizers",137430,57568.34,88761,35770.41,136237,52064.74,155874,62422.84,182155,78689.64,137701,58226.88,107651,42131.77,110198,47398.8,151541,66937.17,192751,84120.43,182376,80631.49,125486,63790.8,1708161,729753.35,"2022"
"1","China, PR","Auxiliary materials for cigarettes",0,5521.58,0,544.14,0,2301.21,0,2407.73,0,2978.72,0,9483.35,0,9306.39,0,4823.34,0,2250.8,0,3997.84,0,5561.52,0,8856.69,0,58033.35,"2022"
"1","China, PR","Auxiliary materials for textile, garment, leather, footwear",0,318330.85,0,194374.29,0,283125.29,0,372873.21,0,347411.39,0,304531.98,0,275476.62,0,292407.9,0,279034.62,0,230282.61,0,245323.54,0,230593.18,0,3373765.52,"2022"
"1","China, PR","Auxiliary materials for medicaments",0,22156.76,0,13965.12,0,26664.55,0,26709.77,0,33738.53,0,40281.45,0,29142.29,0,27167.58,0,22897.21,0,28954.88,0,31742.68,0,31868.55,0,335289.42,"2022"
"1","China, PR","Computers, electronical products and parts",0,2293668.81,0,1848374.66,0,1958429.2,0,2100825.41,0,2160600.46,0,2138104.21,0,2139455.07,0,2019183.41,0,2086134.49,0,1856051.86,0,1871126.77,0,1593505.47,0,24065459.87,"2022"
"1","China, PR","Other Machinery, instrument, accessory",0,2204957.46,0,1451297.32,0,1647815.35,0,1981681.07,0,2271292.07,0,2358520.68,0,2316547.79,0,2394185.81,0,2104654.5,0,1766741.68,0,2079018.18,0,1714732.27,0,24291444.24,"2022"
"1","China, PR","Cameras and their parts",0,88294.7,0,66294.7,0,73523.43,0,85452.64,0,83422.52,0,94188.97,0,97839.76,0,115687.05,0,119873.96,0,100149.56,0,92117.94,0,102477.59,0,1119322.87,"2022"
"1","China, PR","Parts and accessories for motor",0,94969.85,0,78786.91,0,90166.73,0,101539.12,0,136610.93,0,135077.93,0,111753,0,118172.76,0,96694.25,0,107223.8,0,106600.59,0,73721.9,0,1251317.83,"2022"
"1","China, PR","Other base metals",40643,191221.26,34560,192993.21,42993,194778.11,43964,233044.87,44966,232494.27,53109,282230.73,51419,261743.04,45040,218505.1,37072,185587.53,38255,177086.5,44766,217847.98,44016,190992.77,520803,2578525.42,"2022"
"1","China, PR","Liquefied Petroleum Gas",25328,20850.59,24539,21109.7,27368,27601.71,26030,26971.37,26079,24885.22,24456,21007.63,25214,20459.46,29942,22962.25,28486,20599.84,27430,18467.97,31007,21925.56,33917,24845.75,329796,271687.1,"2022"
"1","China, PR","Chemicals",0,299627.52,0,214783.26,0,308708.78,0,306267.38,0,349495.57,0,366350.82,0,304458.45,0,253926.95,0,225617.34,0,230568.89,0,249111.09,0,225375.88,0,3334291.99,"2022"
"1","China, PR","Fishery products",0,16725.03,0,11502.13,0,15251.26,0,17525.72,0,25707.38,0,23349.68,0,23476.02,0,17198.45,0,15951.54,0,13460.65,0,17714.13,0,15540.53,0,213402.57,"2022"
"1","China, PR","Fresh and pocessed vegetables and fruit",0,72869.75,0,23445.31,0,43965.18,0,60463.91,0,55143.34,0,59121.88,0,72929.56,0,84895.71,0,89102.9,0,103167.35,0,100089.37,0,93034.67,0,858228.98,"2022"
"1","China, PR","Domestic electrical appliances and parts",0,106741.47,0,64702.34,0,86524.02,0,113945.76,0,96762.66,0,87606.05,0,66708.06,0,70538.46,0,66639.48,0,67000.94,0,76813.18,0,63389.79,0,967372.25,"2022"
"1","China, PR","Paper",50186,55714.12,40864,44646.1,52992,57386.07,57489,64199.32,66927,75782.9,63644,75343.51,49152,59735.88,45479,54352.59,47376,51890.13,50229,53251.08,56784,58210.48,58841,58096.88,639963,708609.11,"2022"
"1","China, PR","Wood and wooden products",0,97416.79,0,64061.39,0,81900.44,0,106794.2,0,115287.54,0,108333.29,0,71823.06,0,60382.26,0,47012.7,0,45876.54,0,53768.57,0,51990.91,0,904647.73,"2022"
"1","China, PR","Pharmaceutical products",0,9444.68,0,4196.64,0,7332.81,0,4579.89,0,5548.77,0,6214.76,0,3902.23,0,2397.18,0,5439.94,0,2123.08,0,7107.37,0,8168.24,0,66455.65,"2022"
"1","China, PR","Vegetable oil and fat",0,1855.74,0,1177.31,0,1400.7,0,1902.95,0,2047.42,0,2467.29,0,1636.73,0,1933.42,0,868.05,0,1622.72,0,1563.34,0,1691.06,0,20166.77,"2022"
"1","China, PR","Electrical wire and cable",0,135566.89,0,99111.96,0,105210.23,0,145693.9,0,147688.04,0,131966.88,0,126812.11,0,124314.52,0,115665.07,0,108900.28,0,125665.34,0,127081.46,0,1493676.74,"2022"
"1","China, PR","Other preparations for foodstuff",0,7602.5,0,3702.63,0,5897.2,0,8645.36,0,9373.09,0,11462.12,0,10611.9,0,9395.52,0,8333.34,0,6599.2,0,7957.77,0,8183.17,0,97763.86,"2022"
"1","China, PR","Plastic materials",118544,238270.18,83288,172486.7,103914,218928.55,109028,226862.33,127498,256799.89,136499,272304.32,104939,216665.35,84467,174699.33,75524,153616.75,84649,155130.1,101024,179271.98,76537,140740.24,1205911,2405775.77,"2022"
"1","China, PR","Aromatic substance, cosmetic and cleaning preparations",0,8110.97,0,3976,0,8191.48,0,9273.71,0,8431.95,0,10027.97,0,5676.82,0,6135.89,0,6410.6,0,6713.39,0,8218.47,0,7012.72,0,88180.01,"2022"
"1","China, PR","Rubber",10657,26723.77,6503,15418.93,6267,15612.06,10320,25298.75,13302,31980.09,13429,33022.14,10547,26566.95,12358,31344.41,11048,24500.41,9190,20627.42,11510,22627.99,10909,21763.77,126040,295486.75,"2022"
"1","China, PR","Cotton",57,95.69,0,0,0,0,129,254.44,0,0,17,40.9,26,62.3,115,341.57,0,0,19,31.77,11,30.56,4,30.45,378,887.71,"2022"
"1","China, PR","Sweets, cookies and cereal preparations",0,9679.39,0,4052.22,0,4148.43,0,8050.07,0,11985.21,0,9094.61,0,7721.37,0,9460.41,0,10898.03,0,12554.05,0,13615.97,0,13621.04,0,114880.85,"2022"
"1","China, PR","Telephones and their parts",0,868906.93,0,631949.69,0,741242.27,0,883701.78,0,571852.55,0,546395.32,0,547916.68,0,685149,0,669760.09,0,703485.91,0,650030.02,0,560816.91,0,8061207.2,"2022"
"1","China, PR","Precious stones, precious metals and their products",0,4158.51,0,2044.36,0,4124.07,0,5569.3,0,4110.88,0,2537.74,0,3095.85,0,2635.41,0,1938.83,0,1959.29,0,4282.87,0,2443.29,0,38900.44,"2022"
"1","China, PR","Motor vehicles, assembled",584,16802.62,1028,41138.58,595,24993.8,3231,128884.96,3260,138496.13,2194,93099.04,1212,44782.62,1094,47668.52,1317,66795.13,1229,47146.42,496,20756.41,1100,43963.01,17340,714527.29,"2022"
"1","India",NA,0,674545.16,0,625239.96,0,775376.22,0,546709.57,0,623873.32,0,463669.56,0,561121.66,0,521929.34,0,507251.35,0,533381.05,0,532303.6,0,721365.11,0,7086765.94,"2022"
"1","India","Fibres, not spun",4605,14412.98,4287,15062.78,5150,17391.68,2852,9138.91,3167,10753.49,1936,7183.13,2132,9803.21,1343,6112.61,807,3553.13,656,3087.33,663,2182.36,1315,4513.13,28913,103194.79,"2022"
"1","India","Textile fibrics",0,5058.73,0,7922.05,0,6866.54,0,4525.5,0,6644.82,0,6062.5,0,5419.96,0,4214.35,0,6661.24,0,6015.86,0,5746.64,0,4799.95,0,69938.18,"2022"
"1","India","Insecticides and materials",0,17336.17,0,8833.85,0,7497.02,0,4465.58,0,8988.78,0,3647.88,0,7508.11,0,5527.32,0,5210.14,0,6525.7,0,9333.73,0,5344.26,0,90218.59,"2022"
"1","India","Animal fodder and materials",0,17304.96,0,17510.55,0,26209.66,0,21087.75,0,26186.42,0,20972.78,0,21707.66,0,18463.57,0,52177.9,0,21881.63,0,47767.51,0,86648.92,0,377919.34,"2022"
"1","India","Iron, Steel",61831,52861.02,94293,75212.73,232721,178382.27,46120,41158.28,17622,20102.36,19697,21670.7,51710,43048.4,67228,50618.58,116658,72912.9,126327,77228.91,106847,65413.62,120797,76076.23,1061851,774686.04,"2022"
"1","India","Articles of iron and steel",0,2071.33,0,1643.18,0,2134.11,0,2011.5,0,3177.5,0,2387.71,0,2132.5,0,2594.46,0,3344.4,0,1883.21,0,2650.31,0,3677.13,0,29707.39,"2022"
"1","India","Articles of plastics",0,2203.06,0,2169.02,0,2438.22,0,1122.66,0,1932.14,0,1823.75,0,3103.66,0,2432.8,0,2388.31,0,3179.73,0,2119.83,0,1727.55,0,26640.76,"2022"
"1","India","Articles of rubber",0,1786.03,0,1044.78,0,1034.62,0,1215.13,0,1432.31,0,1326.22,0,1613.46,0,1663.06,0,1401.86,0,1391.51,0,2425.19,0,1708.86,0,18043.08,"2022"
"1","India","Other petroleum products",0,2394.97,0,2384.68,0,941.23,0,1220.62,0,2017.72,0,1585.07,0,2345.84,0,1638.73,0,1110.86,0,1345.67,0,1400.95,0,1205.68,0,19592.06,"2022"
"1","India","Chemical products",0,13498.78,0,16132.96,0,19843.51,0,13453.11,0,17263.05,0,16382.87,0,16048.84,0,12762.32,0,12170.57,0,11134.39,0,10481.99,0,13115.26,0,172287.71,"2022"
"1","India","Ores and other minerals",18960,2619.87,26895,3818.05,26831,3780.82,18646,2648.58,27993,3822.89,23581,3179.5,26157,3342.23,22894,3025.69,19695,2636.31,17569,2376.14,18890,2327.73,14125,2012.49,262236,35590.34,"2022"
"1","India","Fertilizers",129,280.93,157,456.86,259,619.16,234,645.13,257,653.5,270,372.11,295,667.55,0,0,80,151.38,45,57.65,647,861.25,60,113.51,2433,4879.06,"2022"
"1","India","Auxiliary materials for cigarettes",0,290.07,0,0,0,116.07,0,190.44,0,0,0,203.44,0,94.56,0,121.49,0,63.72,0,132.6,0,31.84,0,865.37,0,2109.65,"2022"
"1","India","Auxiliary materials for textile, garment, leather, footwear",0,6120.73,0,6432.66,0,7978.6,0,8029.01,0,7990.27,0,6841.73,0,6691.72,0,6753.11,0,6947.77,0,5031.01,0,6920.49,0,5729.94,0,81467.08,"2022"
"1","India","Auxiliary materials for medicaments",0,3537.39,0,3886.46,0,4650.18,0,5254.18,0,3337.66,0,6894.09,0,4245.37,0,4497.25,0,5739.77,0,8001.98,0,5041.63,0,13392.26,0,68478.28,"2022"
"1","India","Maize",256733,79072.02,103840,32077.56,145019,44698.14,369,515.9,120500,47830.91,5634,2250.55,3637,1379.38,41555,15748.46,832,232.38,143,110.61,3214,1013.38,190867,62228.02,872343,287157.39,"2022"
"1","India","Computers, electronical products and parts",0,1322.69,0,1375.32,0,4898.7,0,2966.18,0,5010.49,0,1882.94,0,2286.34,0,1643.59,0,3459.92,0,7954.07,0,2581.05,0,1931.4,0,37312.73,"2022"
"1","India","Other Machinery, instrument, accessory",0,53643.88,0,31184.54,0,58218.26,0,39398.92,0,55028.92,0,42440.41,0,53636.72,0,36053.09,0,48800.2,0,32637.89,0,50541.47,0,47728.51,0,549312.87,"2022"
"1","India","Wheat",2201,763.64,0,0,0,0,70400,26243.8,367,134.07,177,71.32,0,0,0,0,0,0.24,0,0,0,0,0,0,73145,27213.08,"2022"
"1","India","Parts and accessories for motor",0,23470.82,0,22093.86,0,26538.22,0,38712.9,0,26884.74,0,19887.91,0,28303.58,0,33213.49,0,38191.28,0,31821.01,0,37101.45,0,39505.25,0,365724.54,"2022"
"1","India","Other base metals",15512,46080.43,12973,41020.04,16856,59431.92,13905,50241.83,19139,62138.32,14151,44462.28,14602,42155.48,15792,43900.94,9534,25464.88,12372,31397.04,13897,33958.29,14547,35025.03,173280,515276.53,"2022"
"1","India","Chemicals",0,31150.07,0,24258.01,0,30396.35,0,31227.06,0,31438.74,0,20514.99,0,22739.33,0,26919.96,0,23331.66,0,19165.34,0,21148.23,0,21789.21,0,304078.99,"2022"
"1","India","Fishery products",0,21782.16,0,14006.51,0,20150.06,0,29557.35,0,36818.35,0,29015.58,0,48122.91,0,50574.07,0,29178.81,0,35646.31,0,31067.51,0,32030.06,0,377949.73,"2022"
"1","India","Fresh and pocessed vegetables and fruit",0,2119.69,0,1334.99,0,1068.12,0,2221.43,0,4776.9,0,4021.01,0,8093.19,0,4826.82,0,5019.9,0,6971.08,0,5761.38,0,7238.04,0,53452.59,"2022"
"1","India","Paper",6843,6062.49,10850,8792.46,6737,5607.73,7501,6906.02,5236,4950.47,3472,3380.68,3363,3890.96,4165,4231.34,1567,2071.51,1689,2052.77,2159,2441.53,1139,1116.55,54721,51504.57,"2022"
"1","India","Pharmaceutical products",0,25583.93,0,22964.05,0,19787.01,0,17380.01,0,17275.98,0,20112.62,0,24166.92,0,21430.34,0,25831.12,0,25965.68,0,25165.56,0,55134.91,0,300798.17,"2022"
"1","India","Vegetable oil and fat",0,828.1,0,893.04,0,717.39,0,534.46,0,774.52,0,469.23,0,1139,0,1623.12,0,991.72,0,1898.5,0,152,0,828.45,0,10849.58,"2022"
"1","India","Plastic materials",7569,11435.59,12325,17223.75,16065,21597.53,9391,14808.49,8414,14272.31,3772,7087.41,10421,15746.61,8400,12884.03,7272,10164.41,5848,8149.93,2868,4521.78,7233,9074.96,99578,146966.86,"2022"
"1","India","Cotton",30520,72630.04,22264,52382.53,12515,27236.34,7081,14770.12,10030,23186.08,2201,4279.78,3574,5294.91,4994,7192.66,1542,2439.61,2653,3616.37,2890,4205.08,3786,6188.44,104050,223422.02,"2022"
"1","India","Precious stones, precious metals and their products",0,28781.61,0,35568.27,0,32169.05,0,38490.2,0,37590.77,0,30929.77,0,42109.75,0,36554.17,0,41493.31,0,36379.1,0,27824.98,0,16283.61,0,404174.64,"2022"
"1","India","Motor vehicles, assembled",0,0,10,5000,0,0,35,12903.36,4,65.31,21,7106.14,11,5500,5,3650,27,431.52,4,53.44,0,0,19,319.05,136,35028.85,"2022"
"1","Ukraine",NA,0,5415.19,0,48928.19,0,50552.87,0,5578.48,0,966.31,0,2291.26,0,3607.06,0,3732.84,0,3571.17,0,3995.14,0,46716.87,0,3224.71,0,178580.15,"2022"
"1","Ukraine","Articles of iron and steel",0,93.13,0,0,0,0,0,0,0,0.11,0,0,0,0,0,0.2,0,0,0,0,0,0.21,0,46.81,0,140.16,"2022"
"1","Ukraine","Other Machinery, instrument, accessory",0,1119.99,0,273.44,0,450.76,0,88.33,0,134.77,0,83.92,0,159.58,0,107.35,0,59.26,0,123.94,0,145.94,0,21.4,0,2768.74,"2022"
"1","Ukraine","Wheat",0,0,0,0,0,0,0,0,0,0,0,0,0,0,0,0,0,0,0,0,123017,42575.51,0,0,123017,42575.51,"2022"
"2","EU",NA,0,1018118.17,0,1027332.38,0,1290407.34,0,1155201.6,0,1259378.97,0,1392674.28,0,1313177.12,0,1280347.56,0,1356977.81,0,1242065.82,0,1308890.34,0,1286483.51,0,14931056.32,"2023"
"2","EU","Fibres, not spun",232,1026.06,299,1187.05,608,2170.56,394,1222.45,756,1915.95,777,2252.82,320,1167.79,321,1256.35,384,1123.13,100,505.05,805,2524.17,1080,2879.3,6076,19230.74,"2023"
"2","EU","Textile fibrics",0,8984.51,0,16192.38,0,14509.04,0,14126.11,0,19003.41,0,13754.76,0,15218.4,0,18105.98,0,11356.87,0,12370.14,0,18906.49,0,15516.49,0,178044.79,"2023"
"2","EU","Insecticides and materials",0,3432.93,0,5728.25,0,6069.15,0,7455.87,0,8341.11,0,3526.7,0,3838.73,0,5138.24,0,3386.77,0,3673.99,0,3789.45,0,3894.69,0,58276.05,"2023"
"2","EU","Animal fodder and materials",0,35698.17,0,24861.69,0,32352.04,0,29357.3,0,37787.44,0,17253.37,0,14338.8,0,15863.35,0,7319.56,0,7606.63,0,8439.77,0,10275.44,0,241153.93,"2023"
"2","EU","Glass and glassware",0,608.46,0,1743.18,0,2787.28,0,1832.98,0,1763.15,0,2001.6,0,1006.88,0,1723.77,0,969.26,0,1265.73,0,959.11,0,2479.47,0,19140.95,"2023"
"2","EU","Iron, Steel",1377,5033.52,936,4615.54,1599,7387.37,3550,10025,1466,7847.44,1229,7463.32,800,4997.25,2232,8486.13,1392,7465.49,2664,8258.21,4766,9968.06,1629,7627.04,23640,89174.8,"2023"
"2","EU","Articles of iron and steel",0,11319.86,0,13510.53,0,15732.07,0,14248.1,0,16122.05,0,15224.41,0,13218.86,0,16007.11,0,14723.61,0,13797.96,0,14531.4,0,16723.09,0,175159.57,"2023"
"2","EU","Other base metal products",0,509.41,0,1656.78,0,1376.21,0,1238.63,0,1168.64,0,1150.34,0,1223.31,0,1345.46,0,1038.5,0,940.47,0,1332.1,0,1152.76,0,14132.65,"2023"
"2","EU","Paper products",0,254.2,0,412.89,0,509.41,0,345.42,0,268.58,0,702.73,0,479.05,0,272.46,0,104.1,0,345.73,0,312.87,0,282,0,4289.48,"2023"
"2","EU","Articles of plastics",0,11352.27,0,12720.72,0,14509.77,0,14508.45,0,16512.75,0,14316.13,0,15729.28,0,14667.09,0,11807.97,0,12587.42,0,12333.23,0,15101.89,0,166147.3,"2023"
"2","EU","Articles of rubber",0,2577.07,0,3612.74,0,4224.82,0,3101.87,0,4407.17,0,4262.6,0,3934.64,0,4554.55,0,3250.29,0,3236.35,0,3509.47,0,3840.91,0,44512.65,"2023"
"2","EU","Other petroleum products",0,1817.09,0,1573.71,0,1862.36,0,1274.07,0,1090.17,0,1731.98,0,1495.99,0,1963.97,0,1932.92,0,1544.64,0,1095.41,0,1825.86,0,19208.32,"2023"
"2","EU","Chemical products",0,39062.05,0,44787.04,0,55597.59,0,49204.59,0,56215.86,0,50607.95,0,53753.83,0,51791.26,0,48484.7,0,52075.08,0,53927.5,0,55798.71,0,611306.62,"2023"
"2","EU","Dairy products",0,16441.31,0,21289.27,0,21937.39,0,16911.15,0,31379.45,0,22935.28,0,18200.4,0,19509.82,0,13166.44,0,25159.69,0,24547.69,0,17121.97,0,248600.29,"2023"
"2","EU","Ores and other minerals",231,413.39,499,1184.26,426,1293.75,407,1136.42,221,995.48,274,555.54,479,1186.41,246,650.63,338,776.7,113,47.95,698,1359.17,7,6.92,3939,9606.7,"2023"
"2","EU","Waste iron and steel",0,0,0,0,1487,614.09,2520,1055.21,0,0,0,0,227,105.31,0,0,0,0,0,0,0,0,0,0,4234,1774.62,"2023"
"2","EU","Other means of transort and equipments",0,22419.7,0,8848.2,0,12364.6,0,13278.66,0,16301.69,0,25074.69,0,9179.06,0,12660.52,0,9389.77,0,9616.19,0,18925.91,0,11337.79,0,169396.94,"2023"
"2","EU","Fertilizers",3411,1781.93,4199,2311.56,8858,4364.4,4672,1839.9,5924,2740.17,9714,3537.17,7124,3351.94,9162,3352.96,7875,2761.17,11579,3594.09,11538,3874.13,7828,2656.85,91884,36166.36,"2023"
"2","EU","Auxiliary materials for cigarettes",0,153.95,0,60.7,0,65.77,0,155.1,0,115.13,0,1022.11,0,65.4,0,1295.92,0,825.67,0,1199.71,0,849.22,0,320.51,0,6129.25,"2023"
"2","EU","Auxiliary materials for textile, garment, leather, footwear",0,13438.91,0,16576.03,0,16460.77,0,20486.63,0,22608.81,0,18534.46,0,23470.07,0,23634.93,0,20203.32,0,16530.92,0,22195.42,0,21689.57,0,235830.23,"2023"
"2","EU","Auxiliary materials for medicaments",0,2120.03,0,2791.71,0,2337.39,0,2343.66,0,1606.97,0,3869.05,0,3235.48,0,4134.16,0,2162.98,0,3201.95,0,2616.35,0,1985.49,0,32405.43,"2023"
"2","EU","Computers, electronical products and parts",0,214458.53,0,156301.18,0,240210.75,0,194818.61,0,166185.29,0,375616.66,0,292476.11,0,255452.62,0,405225.11,0,229174.5,0,279610.15,0,292681.25,0,3102211.34,"2023"
"2","EU","Other Machinery, instrument, accessory",0,176355.22,0,213529.32,0,263682.42,0,231045.72,0,263252.07,0,212869.01,0,258696.14,0,243241.54,0,218547.43,0,318105.08,0,224876.79,0,250807.24,0,2875008.67,"2023"
"2","EU","Wheat",0,0,0,0,609,199.81,0,0,11298,3912.17,0,0,0,0,0,0,0,0,0,0,0,0,0,0,11907,4111.99,"2023"
"2","EU","Parts and accessories for motor",0,6232.88,0,11530.22,0,16043.85,0,9607.44,0,13474.88,0,21967.65,0,12849.94,0,29379.91,0,14274.83,0,12805.4,0,13347.72,0,14275.86,0,175790.81,"2023"
"2","EU","Other base metals",862,5641.69,476,2709.46,444,2770.41,340,2962.74,475,3754.24,521,4139.55,448,3273.12,431,3958.39,336,1947.86,406,3257.19,319,2990.61,378,2427.29,5436,39832.92,"2023"
"2","EU","Chemicals",0,16610.35,0,10225.98,0,42945.21,0,41916.32,0,67308.96,0,46115.29,0,67471.19,0,38915.98,0,75155.21,0,15285.4,0,61001.59,0,69974.91,0,552926.78,"2023"
"2","EU","Fishery products",0,2477.76,0,3409.66,0,5473.37,0,3096.7,0,2241.08,0,1819.17,0,1270.21,0,1625.21,0,1537.49,0,1809.31,0,2660.74,0,807.34,0,28228.23,"2023"
"2","EU","Domestic electrical appliances and parts",0,878.19,0,1188.77,0,837.57,0,1739.94,0,2581.89,0,1545.97,0,1706.41,0,1321.82,0,1042.71,0,770.14,0,1222.71,0,1749.97,0,16586.19,"2023"
"2","EU","Paper",3535,4673.67,3879,5184.49,4114,5587.75,3828,5231.17,6817,7794.66,9598,9777.6,10657,9755.9,7042,7262.33,8442,8441.6,6827,6950.42,6297,7027.27,4643,5199.76,75679,82886.87,"2023"
"2","EU","Wood and wooden products",0,10354.64,0,12988.7,0,14004.96,0,14037.57,0,18903.37,0,26040.39,0,26078.46,0,23897.58,0,13296.39,0,10909.06,0,12916.21,0,13494.86,0,196922.52,"2023"
"2","EU","Pharmaceutical products",0,117278.87,0,140226.67,0,158199.3,0,153438.24,0,127173.33,0,147424.83,0,143158.74,0,124939.96,0,142308.37,0,137241.58,0,172382.48,0,126269.04,0,1690041.98,"2023"
"2","EU","Electrical wire and cable",0,2726.58,0,2023.3,0,2752.05,0,2590.18,0,2596.61,0,2287.65,0,1288.53,0,1860.77,0,2974.87,0,2185.34,0,1891.97,0,2174.02,0,27352.09,"2023"
"2","EU","Other preparations for foodstuff",0,10731.36,0,11729.83,0,9596.22,0,6124.93,0,8158.35,0,6038.97,0,7854.23,0,6513.08,0,5063.89,0,7899.93,0,6803.81,0,7303,0,93817.93,"2023"
"2","EU","Plastic materials",4346,17591.79,3563,14727.84,3949,16280.97,2577,11659.34,4782,19496.85,6027,26365.76,4638,19008.69,7447,22399.37,7764,18531.8,5600,16018.34,6659,22045.88,3398,14505.19,60750,218632.14,"2023"
"2","EU","Aromatic substance, cosmetic and cleaning preparations",0,7669.65,0,10170.34,0,13893.88,0,10405.89,0,11429.33,0,9965.91,0,8718.54,0,10072.57,0,9734.66,0,10289.56,0,10427.8,0,9407.44,0,122185.83,"2023"
"2","EU","Rubber",148,751.04,581,2299.48,786,2271.64,699,2034,960,2709.32,185,959.59,351,1516.97,618,2037.18,345,1570.55,666,1721.92,363,1523.51,424,1293.6,6126,20688.96,"2023"
"2","EU","Sweets, cookies and cereal preparations",0,596.67,0,768.42,0,684.15,0,653.22,0,546.65,0,942.84,0,1012.22,0,1217.33,0,1002.39,0,1861.72,0,2084.1,0,1681.11,0,13050.99,"2023"
"2","EU","Telephones and their parts",0,0,0,0,0,55.91,0,0,0,0,0,0,0,0,0,0,0,0,0,0,0,0,0,10.11,0,66.03,"2023"
"2","EU","Precious stones, precious metals and their products",0,3709.14,0,18165.96,0,9505.2,0,8177.29,0,8323.97,0,10307.17,0,8229.84,0,6601.11,0,9603.63,0,7249.1,0,5796.24,0,3492.4,0,99161.15,"2023"
"2","EU","Motor vehicles, assembled",175,16120.77,123,8579.69,138,11387.35,76,3712.38,117,9545.58,244,15182.02,40,3523.87,32,2385.48,22,1650.62,183,11074.14,55,3919.88,63,5661.86,1268,92743.72,"2023"
"2","ASEAN",NA,0,3021965.99,0,3386031.68,0,3710980.37,0,3241136.17,0,3335479.27,0,3366128.05,0,3328220.7,0,3513726.59,0,3194688.89,0,3666777.48,0,3511800.79,0,3625908.71,0,40902845.12,"2023"
"2","ASEAN","Fibres, not spun",8571,13802.66,13642,20606.25,13414,21762.02,13202,20580.41,14567,24897.44,11632,18483.16,10957,17265.47,8933,15295.03,13147,22782.44,13183,23091.28,11857,19110.83,13352,21258.3,146457,238935.46,"2023"
"2","ASEAN","Petroleum oil, refined",545795,479043.86,366399,318994.13,314193,250830.96,390242,316105.69,442054,314363.24,597097,428883.62,456660,372895.79,484143,450848.38,333795,319820.39,436985,381865.08,368820,312786.71,387395,307047.36,5123578,4253485.37,"2023"
"2","ASEAN","Textile fibrics",0,29119.9,0,42277.7,0,47658.54,0,34762.01,0,42298.35,0,41374.06,0,35278.43,0,42183.99,0,45738.13,0,49250.93,0,41038.79,0,41626.48,0,492607.58,"2023"
"2","ASEAN","Insecticides and materials",0,4105.08,0,11978.64,0,12561.83,0,8575.05,0,13622.75,0,13430.99,0,9261.06,0,12181.76,0,12381.47,0,18932.3,0,12608.08,0,7724.71,0,137363.93,"2023"
"2","ASEAN","Animal fodder and materials",0,19248.78,0,29607.78,0,30334.84,0,19545.63,0,28937.17,0,27683.56,0,27291.02,0,22459.6,0,25356.46,0,30572.63,0,26099.33,0,28077.36,0,315214.41,"2023"
"2","ASEAN","Glass and glassware",0,8892.31,0,15068.9,0,12906.12,0,9763.38,0,11987.73,0,11779.16,0,12571.13,0,14113.87,0,21171.74,0,17186.74,0,17986.99,0,18423.36,0,171851.58,"2023"
"2","ASEAN","Coal",579917,63634.78,883171,107439.31,1016155,117481.24,1204406,124385.52,2193853,270204.31,3034464,362499.39,2482409,260577.32,1337667,129088.17,1270725,132756.16,1408427,143101.73,1893527,180378.11,1953302,177778.29,19258023,2069324.39,"2023"
"2","ASEAN","Iron, Steel",85633,118322.47,28261,62264.54,63646,121525.48,50869,109222.4,60986,120733.05,65066,121731.65,71197,97074.9,60192,86046.43,60207,80973.26,46205,87171.02,72385,90182.83,59234,98988.82,723881,1194237.07,"2023"
"2","ASEAN","Articles of iron and steel",0,11230.37,0,21327.46,0,20812.65,0,13386.35,0,19506.94,0,18143.92,0,16371.55,0,17723.18,0,17816.94,0,30301.9,0,20351.33,0,19070.45,0,226043.3,"2023"
"2","ASEAN","Other base metal products",0,6861.5,0,7243.04,0,8796.18,0,7263.54,0,9001.85,0,11983.81,0,7417.36,0,7120.53,0,6974.07,0,7046.09,0,8040.96,0,6425.11,0,94174.26,"2023"
"2","ASEAN","Paper products",0,4979.1,0,10923.47,0,10652.61,0,7448.92,0,8938.15,0,7884.39,0,9240.06,0,8198.03,0,10115.95,0,8334.12,0,9999.38,0,11968.38,0,108682.78,"2023"
"2","ASEAN","Articles of plastics",0,24140.79,0,35069.68,0,39418.44,0,35732.33,0,42942.75,0,37253.03,0,37563.27,0,38572.41,0,36062.51,0,42832.87,0,40396.21,0,38683.23,0,448667.77,"2023"
"2","ASEAN","Articles of rubber",0,7537.46,0,9780.89,0,13993.68,0,9859.26,0,10730.79,0,12533.13,0,9609.46,0,11189.2,0,11471.37,0,11057.26,0,11852.75,0,12968.1,0,132583.59,"2023"
"2","ASEAN","Other petroleum products",0,46466.27,0,38525.06,0,56098.11,0,76222.59,0,43959.06,0,37082.92,0,73694.61,0,55942.04,0,44149.55,0,42084,0,57210.16,0,81280.77,0,652715.35,"2023"
"2","ASEAN","Chemical products",0,56890.41,0,80290.52,0,85255.58,0,76823.04,0,82620.55,0,73584.86,0,77191.81,0,80557.97,0,76019.08,0,81997.66,0,86484.03,0,86662.66,0,944378.41,"2023"
"2","ASEAN","Dairy products",0,8288.04,0,10790.89,0,16323.77,0,13604.19,0,15085.05,0,13470.36,0,16193.72,0,15687.8,0,11425.31,0,14806.55,0,12091.5,0,9094.62,0,156861.99,"2023"
"2","ASEAN","Ores and other minerals",130827,6638.63,206696,8430.84,313561,13049.73,304056,13173.01,218135,9181.76,263351,11060.18,239557,11238.55,176676,8013.78,115816,4657.89,208354,9897.09,182833,8851.79,342818,13379.11,2702680,117572.57,"2023"
"2","ASEAN","Waste iron and steel",27716,11279.72,34510,14556.65,35530,15816.87,22939,10131.92,23514,9988.24,10736,4093.62,23707,9080.35,17252,6643.55,29792,11563.94,18379,7022.39,23156,8856.06,16083,6227.08,283314,115260.5,"2023"
"2","ASEAN","Other means of transort and equipments",0,377.75,0,98.81,0,117.88,0,328.13,0,599.95,0,100.69,0,192.4,0,104.09,0,644.3,0,967.77,0,2468.54,0,103.81,0,6104.18,"2023"
"2","ASEAN","Fertilizers",19679,9405.48,15441,6700.48,51542,20785.28,32961,13364.22,62802,21462.6,48218,18355.76,38058,12187.15,48927,14805.62,39759,12560.46,45142,16497.66,32502,9447.04,35724,12683.07,470755,168254.96,"2023"
"2","ASEAN","Auxiliary materials for cigarettes",0,550.75,0,1080.63,0,1618.56,0,2578.53,0,6837.82,0,15164.01,0,10222.54,0,31691.84,0,7234,0,2442.05,0,32179.28,0,10690.03,0,122290.18,"2023"
"2","ASEAN","Auxiliary materials for textile, garment, leather, footwear",0,20385.75,0,35604.98,0,31806.65,0,26456.08,0,30358.94,0,28275.59,0,29432.55,0,30018.33,0,33895.89,0,33208.05,0,32098.4,0,34374.59,0,365916.03,"2023"
"2","ASEAN","Auxiliary materials for medicaments",0,43.41,0,345.74,0,248.31,0,482.21,0,640.08,0,445.43,0,358.66,0,72.1,0,270.91,0,153.33,0,131.9,0,189.61,0,3381.76,"2023"
"2","ASEAN","Maize",20765,8766.42,25060,11861.5,16236,8907.14,1851,3213.56,542,1880.12,64,732.98,670,2036.59,177,1112.27,781,1499.55,13123,4784.03,11583,4406.71,20814,6045.26,111666,55246.19,"2023"
"2","ASEAN","Computers, electronical products and parts",0,557939.84,0,411996.23,0,439925.37,0,450822.19,0,416212.62,0,407187.47,0,494373.32,0,588538.65,0,512165.99,0,554117.71,0,518249.95,0,530789.73,0,5882319.32,"2023"
"2","ASEAN","Other Machinery, instrument, accessory",0,137696.93,0,195760.93,0,202890.01,0,173211.78,0,187363.99,0,199300.26,0,197649.05,0,204865.42,0,198727.69,0,217437.97,0,192852.63,0,194729.28,0,2302486.19,"2023"
"2","ASEAN","Cameras and their parts",0,2134.17,0,1153.84,0,1028.21,0,1447.64,0,1731.55,0,2455.74,0,1626.93,0,1524.68,0,2742.88,0,1971.51,0,3304.38,0,3234.47,0,24356.05,"2023"
"2","ASEAN","Parts and accessories for motor",0,73121.6,0,88838.84,0,80531.2,0,57456.1,0,84296.98,0,79155.85,0,63485.82,0,81279.96,0,92866.64,0,114086.22,0,120509.88,0,86503.63,0,1022132.93,"2023"
"2","ASEAN","Other base metals",19273,86712.89,27916,153243.16,29114,149809.51,26246,139894.73,27793,130032.63,24352,108822.01,24153,110642.73,31013,142489.19,37820,171154.24,32532,164766.28,32322,143949.58,37552,180670.42,350086,1682187.72,"2023"
"2","ASEAN","Liquefied Petroleum Gas",12874,8818.37,10867,9564.25,9148,7467.25,24162,15821.38,20404,12520.14,13362,6321.48,77306,37166.42,14531,8133.66,4715,3075.39,51991,33849.91,29281,20632.68,20903,14758.33,289544,178129.38,"2023"
"2","ASEAN","Chemicals",0,78119.5,0,120586.51,0,130831.44,0,93626.67,0,102188.77,0,95811.22,0,77030.69,0,93945.96,0,81035.23,0,141225.05,0,100720.63,0,127581.11,0,1242702.99,"2023"
"2","ASEAN","Cashew nut",4862,7091.05,84259,125768.32,232153,319388.12,170023,228242.39,59051,77371.18,24758,29878.67,15935,19275.39,18802,23294.8,5864,7621.18,7898,9908.97,8955,11132.14,8929,10827.18,641489,869799.47,"2023"
"2","ASEAN","Fishery products",0,30234.2,0,26325.02,0,27366.77,0,24228.57,0,24535.71,0,26144.67,0,26390,0,28176,0,21697.13,0,28234.92,0,26239.76,0,31506.33,0,321079.36,"2023"
"2","ASEAN","Fresh and pocessed vegetables and fruit",0,16973.88,0,21454.01,0,20957.18,0,18755.24,0,15958.64,0,15342.72,0,18129.48,0,15255.55,0,15073.93,0,16720.57,0,14843.13,0,14691.17,0,204155.8,"2023"
"2","ASEAN","Domestic electrical appliances and parts",0,44553.12,0,118537.32,0,133504.71,0,82057.69,0,121057.27,0,110038.21,0,67181,0,56610.31,0,46433.7,0,51919.05,0,53297.81,0,56430.06,0,941620.42,"2023"
"2","ASEAN","Paper",34639,31523.44,56043,52878.1,59041,56604.91,51284,48667.55,58347,57441.3,47669,44654.1,47444,42979.47,46624,41884.4,54914,44983.98,55971,47777.94,63774,53502.87,58872,50352.66,634622,573250.95,"2023"
"2","ASEAN","Wood and wooden products",0,12611.08,0,24551.7,0,29796.35,0,26425.92,0,28467.27,0,24093.21,0,22916.73,0,19684.41,0,20443.21,0,23250.02,0,26866.82,0,26955.13,0,286062.11,"2023"
"2","ASEAN","Pharmaceutical products",0,5427.18,0,10066.51,0,11913.84,0,6028.17,0,12774.56,0,10080.25,0,7674.66,0,13329.64,0,9525.87,0,18516.69,0,12912.24,0,10520.89,0,128770.76,"2023"
"2","ASEAN","Vegetable oil and fat",0,61605.14,0,84378.39,0,101135.53,0,109635.58,0,63535.16,0,86876.6,0,94606.31,0,114585.55,0,139997.53,0,125810.63,0,108416.36,0,109587.15,0,1200170.1,"2023"
"2","ASEAN","Crude oil",0,0,0,0,0,0,0,0,0,0,0,0,0,0,48793,37829.73,0,0,0,0,0,0,28233,20171.08,77026,58000.82,"2023"
"2","ASEAN","Electrical wire and cable",0,16472.58,0,20026.62,0,20935.79,0,20512.22,0,23353.79,0,22997.26,0,25414.42,0,27897.24,0,24177.5,0,28731,0,32242.05,0,30657.96,0,293418.65,"2023"
"2","ASEAN","Other preparations for foodstuff",0,23620.4,0,35841.18,0,45617.25,0,34202.72,0,46011.37,0,30699.03,0,51486.36,0,34719.32,0,31993.23,0,48970.83,0,39703.44,0,41977.29,0,464842.66,"2023"
"2","ASEAN","Plastic materials",48413,69737.15,91676,122132.96,81429,117062.42,78308,111463.35,100968,133300.37,84273,111594.02,89348,114475.77,110207,132345.73,78136,105067.09,102095,130117.57,93969,122386.7,86682,111694.4,1045504,1381377.76,"2023"
"2","ASEAN","Aromatic substance, cosmetic and cleaning preparations",0,34267.93,0,51922.5,0,57461.94,0,51660.92,0,54676.15,0,51325.07,0,50449.24,0,53645.27,0,49300.21,0,55852.36,0,56815.62,0,53647.03,0,621024.52,"2023"
"2","ASEAN","Rubber",113414,107323.6,72259,86094.29,57169,72683.71,57583,63099.11,86971,88183.85,90944,93555.16,100208,100953.51,117617,114047.87,101861,103152.41,108743,111883.73,142862,143526.87,156500,164192.04,1206131,1248696.38,"2023"
"2","ASEAN","Cotton",581,983.4,986,1600.25,412,707.25,520,918.79,532,922.13,441,723.57,306,547.27,536,861.58,359,571.19,572,906.51,444,649.94,919,1341.22,6608,10733.14,"2023"
"2","ASEAN","Sweets, cookies and cereal preparations",0,12890.17,0,21915.56,0,21354.81,0,16925.06,0,19988.27,0,16224.06,0,19824.89,0,21826.58,0,28177.67,0,36735.04,0,32869.34,0,28194.98,0,276926.68,"2023"
"2","ASEAN","Soybeans",50,40,170,131.3,50,40,50,40,0,0,0,0,55,41.25,0,0,78,58.5,3111,2362.59,9693,7240.72,1335,929.55,14592,10883.92,"2023"
"2","ASEAN","Precious stones, precious metals and their products",0,1356.9,0,2415.06,0,2018.11,0,2530.52,0,2068.84,0,1383.45,0,1340.14,0,1061.91,0,1307.81,0,2039.51,0,1578.73,0,3154.34,0,22255.35,"2023"
"2","ASEAN","Motor vehicles, assembled",12872,215172.21,10863,188822.33,12440,224715.38,10022,176580.72,5839,105607.69,6316,119136.28,7233,131821.21,5794,103136.94,5920,100605.75,7771,165974.3,5548,116963.65,6000,104487,96618,1753023.58,"2023"
"2","United States",NA,0,923515.37,0,948188.35,0,1151440.75,0,1301450.49,0,1327244.96,0,1218245.96,0,1182237.26,0,1097304.74,0,1115925.92,0,1075356.99,0,1221538.65,0,1259944.98,0,13822394.48,"2023"
"2","United States","Textile fibrics",0,4950.22,0,2477.94,0,3981.9,0,2221.42,0,3987.8,0,2488.32,0,2325.22,0,3058.13,0,3679.08,0,2619.56,0,2765.43,0,2503.43,0,37058.51,"2023"
"2","United States","Insecticides and materials",0,698.82,0,350.62,0,1131.32,0,796.65,0,1250.23,0,1117.96,0,775.75,0,1149.31,0,1853.27,0,775.84,0,1729.81,0,943.71,0,12573.35,"2023"
"2","United States","Animal fodder and materials",0,59352.55,0,65774.59,0,45670.18,0,63036.86,0,47062.59,0,62937.51,0,74049.46,0,59408.43,0,57678.69,0,68726.13,0,63299.03,0,94940.46,0,761936.53,"2023"
"2","United States","Glass and glassware",0,840.87,0,2902.91,0,2133.78,0,521.94,0,711.19,0,760.36,0,514.77,0,793.98,0,630.45,0,748.36,0,472.51,0,831.49,0,11862.69,"2023"
"2","United States","Iron, Steel",309,1886,229,1211.6,803,3467.94,720,1667.44,1735,3814.6,805,2617.7,635,1960.03,713,1434.6,307,575.53,178,925.27,426,1943.87,326,1188.51,7186,22693.13,"2023"
"2","United States","Articles of iron and steel",0,5362.92,0,5470.89,0,7761.55,0,6997.38,0,6173.76,0,8160.66,0,6514.34,0,11363.38,0,5773.13,0,6055.91,0,6404.66,0,5793.01,0,81831.63,"2023"
"2","United States","Other base metal products",0,2691.69,0,1872.94,0,1927.62,0,1912.72,0,2177.97,0,2417.22,0,2280.86,0,1860.65,0,1888.77,0,2620.4,0,2432.39,0,2673.33,0,26756.61,"2023"
"2","United States","Paper products",0,465.6,0,2651.54,0,1668.05,0,1630.43,0,1243.09,0,474.59,0,516.5,0,674.81,0,1258.64,0,498.91,0,494.06,0,576.17,0,12152.44,"2023"
"2","United States","Articles of plastics",0,8929.41,0,12571.32,0,11954.28,0,15523.47,0,16656.27,0,16803.39,0,16910.79,0,16071.66,0,14219.1,0,16735.33,0,14418.87,0,12847.87,0,173641.81,"2023"
"2","United States","Articles of rubber",0,1867.9,0,1200.82,0,2250.85,0,2077.44,0,1841.2,0,1623.66,0,2780.9,0,2144.36,0,1967.89,0,2297.45,0,2419.72,0,1621.44,0,24093.69,"2023"
"2","United States","Other petroleum products",0,1073.86,0,1477.22,0,642.99,0,1351.01,0,2089.31,0,2181.13,0,999.42,0,1813.12,0,1459.67,0,1222.3,0,2058.8,0,768.08,0,17136.96,"2023"
"2","United States","Chemical products",0,23147.7,0,24307.17,0,39221.95,0,24169.49,0,35003.5,0,26323.27,0,27258.31,0,27945.83,0,29077.74,0,31517.12,0,29682.99,0,34416.87,0,352072,"2023"
"2","United States","Dairy products",0,10780.31,0,5132.1,0,8258.07,0,8642.58,0,13565.82,0,18733.04,0,11215.5,0,18370.27,0,11321.07,0,7376.39,0,12951.72,0,8807.31,0,135154.24,"2023"
"2","United States","Ores and other minerals",1962,2220.26,1458,1707.68,1767,2500.1,1882,3177.53,1374,2401.2,1530,3458.4,1711,3160.64,1204,2589.1,3072,5403.39,2711,1509.16,3441,4378.75,4559,2793.15,26671,35299.42,"2023"
"2","United States","Waste iron and steel",47007,17887.28,152961,62477.46,195369,85110.47,182187,81840.35,97594,44297.64,17908,7246.28,21059,7855.47,29377,10890.41,57056,21951.46,25660,9604.54,60945,23420.27,23598,8787.17,910721,381368.83,"2023"
"2","United States","Other means of transort and equipments",0,19858.69,0,57543.53,0,58315.32,0,45370.51,0,39515.79,0,28706.26,0,28093.24,0,52626.97,0,30191.54,0,17237.18,0,21824.58,0,32675.81,0,431959.46,"2023"
"2","United States","Fertilizers",368,560.71,524,835.57,541,1271.24,960,1324.87,533,1064.15,352,695.38,312,537.99,484,1163.15,1252,1062,497,1013.8,415,844.29,206,614.24,6444,10987.44,"2023"
"2","United States","Auxiliary materials for cigarettes",0,0,0,235.63,0,737.92,0,403.78,0,343.15,0,2437.06,0,6535.55,0,1213,0,2964.55,0,2928.77,0,3578.53,0,5898.33,0,27276.31,"2023"
"2","United States","Auxiliary materials for textile, garment, leather, footwear",0,22871.67,0,29341.16,0,34684.62,0,20388.07,0,38703.02,0,28844.7,0,28725.62,0,34819.13,0,30098.73,0,28580.61,0,32984.78,0,34199.27,0,364241.44,"2023"
"2","United States","Computers, electronical products and parts",0,229880.9,0,160062.5,0,208759.95,0,246811.5,0,253524.52,0,398149.54,0,404728.71,0,293271.94,0,432477.46,0,344424.13,0,443201.73,0,408463.99,0,3823756.92,"2023"
"2","United States","Other Machinery, instrument, accessory",0,54301.36,0,56352.28,0,76199.11,0,82618.92,0,76635.02,0,78124.5,0,90965.86,0,86426.78,0,75949.01,0,77993.55,0,73290.71,0,90061.52,0,918918.66,"2023"
"2","United States","Cameras and their parts",0,9418.98,0,748.94,0,2763.85,0,3080.82,0,938.93,0,3348.34,0,2237.55,0,444.2,0,761.09,0,1165.1,0,878.11,0,1768.57,0,27554.51,"2023"
"2","United States","Wheat",7282,3191.48,749,333.06,64288,27882.87,56531,22279.98,17826,7224.06,24940,9365.47,629,237.53,87046,31726.45,3501,1187.11,101193,35467.96,8294,3061.63,1222,363.93,373501,142321.57,"2023"
"2","United States","Parts and accessories for motor",0,2286.61,0,5798.7,0,2601.9,0,5060.57,0,5190.39,0,3309.33,0,3761.3,0,3393.52,0,1718.6,0,5394.94,0,4109.3,0,2597.66,0,45222.86,"2023"
"2","United States","Other base metals",228,2565.4,545,2945.15,534,3858.09,378,4618.21,246,4182.31,920,3205.91,372,2670.28,430,4821.97,234,3670.51,505,3487.75,433,6251.31,777,5956.61,5602,48233.54,"2023"
"2","United States","Chemicals",0,44238.93,0,51195.35,0,68165.54,0,58045.29,0,71688.25,0,50888.39,0,51501.88,0,56094.32,0,61240.68,0,79023.97,0,57638.82,0,33588.78,0,683310.25,"2023"
"2","United States","Fishery products",0,5272.26,0,4738.78,0,4095.55,0,4479.63,0,5131.55,0,9588.6,0,8024.06,0,8336.03,0,6697.44,0,9637.99,0,7154.74,0,5831.77,0,78988.45,"2023"
"2","United States","Fresh and pocessed vegetables and fruit",0,19642.22,0,19234.29,0,19071.33,0,27182.93,0,27051.87,0,34077.9,0,45538.24,0,28647.53,0,18502.09,0,19122.23,0,28725.02,0,44744.32,0,331540.01,"2023"
"2","United States","Paper",547,886.52,189,391.22,929,1257.83,544,795.34,650,1032.42,514,944.23,502,637.89,993,1372.16,530,855.3,556,1085.44,656,873.08,377,1036.31,6987,11167.79,"2023"
"2","United States","Wood and wooden products",0,12469.88,0,13585.5,0,23239.91,0,20844.59,0,29829.23,0,21874.56,0,19134.91,0,19095.53,0,18833.6,0,18794.84,0,22309.85,0,18459.63,0,238472.08,"2023"
"2","United States","Pharmaceutical products",0,23025.32,0,35428.78,0,24602.6,0,16321.61,0,32276.92,0,24957.79,0,34587.21,0,58403.7,0,49591.31,0,23841.76,0,33629.09,0,36374.85,0,393040.99,"2023"
"2","United States","Vegetable oil and fat",0,440.68,0,137.3,0,151.07,0,211.58,0,436.44,0,376.12,0,273.19,0,295.51,0,343.09,0,252.07,0,193.01,0,467.45,0,3577.55,"2023"
"2","United States","Electrical wire and cable",0,1434.23,0,2400.47,0,1892.83,0,1605,0,2246.81,0,1671.55,0,2291.9,0,1853.37,0,1408.48,0,2162.89,0,1381.45,0,3201.92,0,23550.96,"2023"
"2","United States","Other preparations for foodstuff",0,20815.01,0,23843.38,0,31606.48,0,34212.02,0,26074.04,0,34100.39,0,21518.13,0,20935.29,0,14937.49,0,23907.9,0,18692.81,0,14117.94,0,284760.93,"2023"
"2","United States","Plastic materials",33742,52042.52,39870,66214.2,48494,66533.34,35248,49839.41,46220,71120.5,37193,59025.37,36384,45881.97,43516,59010.5,43817,56771.5,48472,63918.35,55950,77611.64,41899,49104.34,510805,717073.67,"2023"
"2","United States","Aromatic substance, cosmetic and cleaning preparations",0,4313.4,0,6673.63,0,10349.72,0,7194.02,0,11176.64,0,8660.43,0,7007.04,0,8526.37,0,6936.03,0,7578.73,0,6132.47,0,6224.64,0,90773.16,"2023"
"2","United States","Rubber",771,2488.48,1009,2838.23,1172,2866.51,568,1534.77,1364,3216.43,606,1913.38,897,2344.94,904,2302.46,1803,3895.49,2505,5020.26,1955,4012.03,2309,4449.55,15863,36882.57,"2023"
"2","United States","Cotton",6411,15287.86,13937,34232.86,33766,77627.65,71161,162223.71,92277,202944.35,70163,148453.54,50682,106347.66,27816,55159.94,12760,29794.66,10854,24752.67,12725,26058.78,13953,29394.73,416505,912278.47,"2023"
"2","United States","Sweets, cookies and cereal preparations",0,1230.11,0,966.6,0,329.28,0,1276.61,0,1920.56,0,532.4,0,317.67,0,2522.12,0,630.42,0,1056.72,0,887.78,0,659.39,0,12329.72,"2023"
"2","United States","Telephones and their parts",0,0,0,929.37,0,39.99,0,36.45,0,0,0,1975.49,0,6307.99,0,382.4,0,0,0,31.67,0,91.58,0,45.88,0,9840.85,"2023"
"2","United States","Soybeans",56564,37494.31,154190,112133.03,119120,80806.05,58473,39215.98,55684,35812.59,23466,15087.15,14435,9336.37,16415,10843.54,23013,15068.57,30924,20161.95,25554,15964.13,99911,58800.02,677749,450723.74,"2023"
"2","United States","Precious stones, precious metals and their products",0,2573.76,0,2615,0,2603.15,0,1976.51,0,2331.46,0,2179.69,0,2413.41,0,2382.74,0,2339.67,0,2981.73,0,1692.73,0,2123.17,0,28213.06,"2023"
"2","United States","Motor vehicles, assembled",432,28456.85,80,2926.39,237,17141.18,432,24298.78,164,8739.63,333,17851.65,308,15809.8,61,3022.84,133,5860.16,35,2628.62,69,4617.96,145,4514.71,2429,135868.62,"2023"
"2","Korea",NA,0,3908638.26,0,3815356.49,0,4569989.24,0,3760875.7,0,4064147.15,0,4126408.5,0,4179742.47,0,4936770.98,0,4863994.69,0,4775420.86,0,4701320.45,0,4808665.92,0,52511330.76,"2023"
"2","Korea","Fibres, not spun",3088,8843.12,3150,8649.27,4013,10548.16,3045,8759.16,3589,11990.39,8079,20209.52,3531,8804.54,3202,7146.7,2915,8586.15,3826,9304.54,3565,8875.19,3470,9012.07,45473,120728.87,"2023"
"2","Korea","Petroleum oil, refined",368786,328343.86,341844,305259.79,334237,267638.86,214278,167009.9,415859,289484.42,396450,280908.47,390729,292837.94,482652,437861.97,355309,331749.61,229691,210663.81,164468,133430.52,225784,174730.36,3920087,3219919.55,"2023"
"2","Korea","Textile fibrics",0,117847.34,0,120121.65,0,132116.91,0,122935.16,0,145928.05,0,144932.8,0,119475.73,0,103358.44,0,111312.28,0,133013.92,0,129758.22,0,149188.4,0,1529988.95,"2023"
"2","Korea","Insecticides and materials",0,2483.32,0,1168.14,0,4573.91,0,3763.73,0,1085.73,0,7951.77,0,5285.29,0,4968.92,0,3479.26,0,859.91,0,1442.22,0,518.08,0,37580.34,"2023"
"2","Korea","Animal fodder and materials",0,4195.22,0,5377.79,0,4616.79,0,5283.81,0,6443.64,0,6478.01,0,6498.92,0,5296.89,0,6787.75,0,6756.61,0,8130.92,0,4982.48,0,70848.87,"2023"
"2","Korea","Glass and glassware",0,9253.13,0,8417.3,0,8294.25,0,9633.41,0,8131.53,0,4889.66,0,6892.53,0,7248.13,0,9505.92,0,8271.65,0,8783.38,0,8817.32,0,98138.26,"2023"
"2","Korea","Iron, Steel",50520,54106.9,80500,73944.64,115354,117245.67,94716,102666.52,67640,78400.69,101156,109943.49,89307,86380.01,103847,101205.93,98805,92105.54,112055,102344.82,97071,94250.57,96983,91261.95,1107954,1103856.78,"2023"
"2","Korea","Articles of iron and steel",0,55496.45,0,49727.89,0,64294.46,0,52117.76,0,54283.07,0,62071.99,0,57468.14,0,57879.54,0,59638.75,0,56066.62,0,59226.61,0,54145.98,0,682417.31,"2023"
"2","Korea","Other base metal products",0,16685.58,0,22581.74,0,15542.9,0,13733.83,0,15071.37,0,16492.92,0,16510.81,0,14161.84,0,17065.48,0,13407.36,0,17380.84,0,18216.49,0,196851.22,"2023"
"2","Korea","Paper products",0,4114.45,0,3488.07,0,4308.18,0,4031.02,0,5439.63,0,5024.82,0,6163.08,0,4549.52,0,4324.21,0,4141.86,0,5514.9,0,5982.4,0,57082.2,"2023"
"2","Korea","Articles of plastics",0,106734.03,0,96755.3,0,115221.55,0,102860.82,0,121138.64,0,126087.47,0,123087.13,0,126489.56,0,121967.57,0,114509.65,0,123512.76,0,111664.85,0,1390029.38,"2023"
"2","Korea","Articles of rubber",0,7727.22,0,7637.32,0,9099.99,0,8385.97,0,8845.87,0,8781.02,0,7743.37,0,8039.78,0,8041.91,0,7537.47,0,9292.48,0,9280.55,0,100413,"2023"
"2","Korea","Other petroleum products",0,19087.67,0,21752.85,0,27212.99,0,28871.07,0,24590.55,0,23061.49,0,21364.67,0,24801.01,0,13816.61,0,33602.74,0,21562.94,0,21503,0,281227.63,"2023"
"2","Korea","Chemical products",0,57446.09,0,59209.78,0,71929.52,0,59762.83,0,66848.18,0,77770.78,0,67572.44,0,73013.14,0,69501.68,0,74730.36,0,76793.46,0,75413.65,0,829991.96,"2023"
"2","Korea","Dairy products",0,1380.44,0,427.54,0,2514.16,0,1486.9,0,1742.12,0,1456.29,0,1591.5,0,1631.12,0,1519.27,0,1666.18,0,2152.11,0,1978.71,0,19546.39,"2023"
"2","Korea","Ores and other minerals",3339,1192.91,5438,4458.56,4685,2967.75,5281,1784.1,2013,1817.19,6249,1970.86,10178,2527.12,7091,1845.2,8016,2254.94,11194,2380.97,13609,2248.52,9058,2015.47,86151,27463.64,"2023"
"2","Korea","Other means of transort and equipments",0,3029.01,0,422.15,0,3953.93,0,5198.11,0,3505.39,0,15416.39,0,24694.51,0,55439.47,0,5302.97,0,8161.1,0,8008.68,0,536.35,0,133668.12,"2023"
"2","Korea","Fertilizers",9218,3018.53,16061,12542.06,5678,3183.95,11151,5833.33,14031,7062.71,13504,6170.69,7180,2769.87,7415,2334.17,13091,4653.95,9049,3604.88,12588,5733.19,14367,8211.45,133333,65118.83,"2023"
"2","Korea","Auxiliary materials for textile, garment, leather, footwear",0,36477.08,0,32174.04,0,44474.29,0,50677.27,0,62143.17,0,50627.9,0,42913.45,0,34213.87,0,35883.74,0,39343.77,0,44980.67,0,47330.06,0,521239.37,"2023"
"2","Korea","Auxiliary materials for medicaments",0,110.04,0,614.93,0,141.92,0,72.25,0,0,0,106.54,0,248.18,0,376.91,0,177.69,0,419.23,0,173.41,0,276.24,0,2717.4,"2023"
"2","Korea","Computers, electronical products and parts",0,2111969.94,0,1839822.12,0,2332317.82,0,1983160.14,0,1991510.28,0,2063803.55,0,2327659.18,0,2793785.88,0,2722518.24,0,2872147.98,0,2898459.55,0,2810630.64,0,28747785.38,"2023"
"2","Korea","Other Machinery, instrument, accessory",0,395195.55,0,494249.63,0,509159.01,0,409784.91,0,512136.14,0,452847.25,0,401874.08,0,456029.09,0,546187.2,0,421899.49,0,369283.2,0,469204.96,0,5437850.55,"2023"
"2","Korea","Cameras and their parts",0,6925.61,0,7134.94,0,6619.62,0,7393.15,0,4176.32,0,5709.29,0,3085.63,0,2324.06,0,2323.02,0,2587.53,0,2451.59,0,2077.49,0,52808.29,"2023"
"2","Korea","Parts and accessories for motor",0,82703.82,0,80832.69,0,98983.51,0,77700.05,0,70227.44,0,57871.77,0,53724.43,0,61309.55,0,62544.87,0,68841.07,0,66346.79,0,65160.2,0,846246.26,"2023"
"2","Korea","Other base metals",22135,84163.75,25645,98130.31,34820,132431.62,25210,99400.47,28254,109166.15,27696,107473.76,28484,101435.2,29927,107810.59,28415,105495.09,29655,112997.4,32684,122925.3,30586,111515.59,343511,1292945.28,"2023"
"2","Korea","Liquefied Petroleum Gas",0,0,266,335.81,462,641.06,152,233.13,84,127.42,60,85.56,0,0,60,82.34,150,170.19,76,102.39,76,100.48,161,210.5,1547,2088.94,"2023"
"2","Korea","Chemicals",0,31160.69,0,41691.69,0,43193.6,0,39928.25,0,32735.63,0,38692.27,0,28437.36,0,45657.72,0,39437.56,0,46481.5,0,40942.94,0,37160.75,0,465520.02,"2023"
"2","Korea","Fishery products",0,6825.4,0,8817.03,0,6882.18,0,6666.08,0,9647.27,0,14280.68,0,6511.65,0,7345.47,0,8882.18,0,6970.88,0,13444.39,0,7798.86,0,104072.13,"2023"
"2","Korea","Fresh and pocessed vegetables and fruit",0,6101.1,0,5012.19,0,6809.34,0,5049.64,0,3685.4,0,3237.78,0,4099.27,0,5240.98,0,5085.05,0,5014.78,0,6804.54,0,7632.7,0,63772.83,"2023"
"2","Korea","Domestic electrical appliances and parts",0,2850.45,0,3931.64,0,6207.62,0,4955.46,0,6695.53,0,4717.34,0,6725.53,0,4800.36,0,3976.56,0,3794.03,0,5052.9,0,5740.75,0,59448.2,"2023"
"2","Korea","Paper",20652,18072.76,27208,21211.44,30093,23201.11,22376,18021.38,31658,21817.83,21808,19497.53,23783,21017.44,24584,20247.42,27811,21725.3,26212,20692.42,29638,21748.29,23123,19835.35,308946,247088.32,"2023"
"2","Korea","Wood and wooden products",0,851.26,0,1319.25,0,2977.01,0,2686.23,0,2625.71,0,2342.03,0,485.74,0,1302.31,0,1588.65,0,1393.93,0,762.21,0,888.48,0,19222.86,"2023"
"2","Korea","Pharmaceutical products",0,11290.84,0,6313.71,0,17611.45,0,11910.46,0,11753.68,0,14554.92,0,14662.58,0,12628.41,0,19283.58,0,13356.3,0,16024.43,0,15754.2,0,165144.62,"2023"
"2","Korea","Vegetable oil and fat",0,388.99,0,455.54,0,335.6,0,331.17,0,621.37,0,620.19,0,585.89,0,567.48,0,708.04,0,755.79,0,693.33,0,816.26,0,6879.69,"2023"
"2","Korea","Electrical wire and cable",0,26243.02,0,37933.68,0,33460.66,0,30512.93,0,29890.49,0,27809.67,0,27167.53,0,26049.68,0,30870.74,0,27205.66,0,31287.18,0,27939.2,0,356370.49,"2023"
"2","Korea","Other preparations for foodstuff",0,3896.17,0,4645.75,0,6005.5,0,5480.51,0,6253.17,0,6201.98,0,5513.23,0,5386.87,0,6143.81,0,5840.53,0,6239.68,0,6903.1,0,68510.36,"2023"
"2","Korea","Plastic materials",90026,133518.11,100729,149790.68,121943,189496.35,88367,142661.47,98291,158052.04,107177,156362.04,109202,154746.83,137400,182226.34,138537,191101.77,129557,179807.57,118337,166923.64,112813,158325.3,1352379,1963012.19,"2023"
"2","Korea","Aromatic substance, cosmetic and cleaning preparations",0,7524.15,0,13084.2,0,14726.8,0,12327.23,0,12873.69,0,11596.31,0,12063.63,0,13341.16,0,11789.32,0,12413.4,0,15275.29,0,14435.83,0,151451.06,"2023"
"2","Korea","Rubber",7209,14799.26,7834,14994.59,13320,23897.39,11296,18963.77,12011,21192.4,14237,22911.59,13118,20388.01,14923,22083.06,16138,24663.19,10985,17951.18,14137,22171.61,13519,22720.05,148727,246736.16,"2023"
"2","Korea","Cotton",258,461.14,48,207.24,228,468.96,249,528.92,385,788.07,476,820.29,164,431.88,364,569.96,283,520.99,209,408.43,150,256.16,178,382.44,2992,5844.51,"2023"
"2","Korea","Sweets, cookies and cereal preparations",0,2527.03,0,3407.22,0,3779.29,0,4248.11,0,4039.34,0,3414.67,0,3667.07,0,4567.36,0,5485.13,0,4719.03,0,5041.8,0,5310.65,0,50206.77,"2023"
"2","Korea","Telephones and their parts",0,43115.23,0,42097.65,0,44026.45,0,42572.48,0,44746.83,0,59712.37,0,49224.81,0,43055.39,0,54817.58,0,32285.57,0,34215.17,0,33997.78,0,523867.36,"2023"
"2","Korea","Precious stones, precious metals and their products",0,3793.12,0,9658.68,0,7672.75,0,7235.51,0,8679.12,0,7264.3,0,10259.36,0,10164.41,0,6819.35,0,7957.05,0,6841.77,0,5995,0,92340.48,"2023"
"2","Korea","Motor vehicles, assembled",0,0,1,27.53,23,2583.17,35,2360.51,4,126.77,8,301.96,23,1574.78,17,1635.07,21,2481.87,6,194.85,45,3411.98,30,1679.41,213,16377.96,"2023"
"2","Japan",NA,0,1675656.07,0,1867440.39,0,1739002.94,0,1676883.85,0,1391126.42,0,1846974.59,0,1666273.91,0,2047221.83,0,1803122.45,0,2029599.79,0,2012265.46,0,1882876.35,0,21638444.1,"2023"
"2","Japan","Fibres, not spun",435,3765.62,596,5518.22,522,3876.81,394,2726.66,400,2962.57,471,3805.4,576,4699.53,460,4503.59,576,4575.68,511,4565.45,531,4474.38,673,5261.56,6145,50735.51,"2023"
"2","Japan","Petroleum oil, refined",29539,27852.39,0,0,0,0.22,0,0,0,0,0,0,0,0,0,0,1,0.28,0,0,0,0.13,0,0.27,29540,27853.1,"2023"
"2","Japan","Textile fibrics",0,42903.58,0,60947.38,0,62496.2,0,54072.8,0,56148.57,0,60172.34,0,61024.64,0,52654.28,0,46927.44,0,60267.36,0,56693.09,0,55836.56,0,670144.29,"2023"
"2","Japan","Insecticides and materials",0,1578.77,0,3713.12,0,2165.98,0,2145.57,0,1537.08,0,1824.24,0,4610.91,0,3460.46,0,1671.33,0,3873.42,0,2427.81,0,3819.21,0,32827.96,"2023"
"2","Japan","Animal fodder and materials",0,284.35,0,109.14,0,223.17,0,150.46,0,66.31,0,100.32,0,432.71,0,77.98,0,343.06,0,143.43,0,348.24,0,138.16,0,2417.37,"2023"
"2","Japan","Glass and glassware",0,10304.95,0,11050.36,0,10835.98,0,13719.4,0,10746.87,0,15012,0,15703.38,0,19686.8,0,17627.11,0,20078.75,0,15327.6,0,17774.7,0,177867.95,"2023"
"2","Japan","Coal",0,0,33014,13476.3,46367,18297.61,16468,6992.14,0,0,0,0,10676,2536.67,32106,9263.58,0,0,21199,7318.2,30,33.4,6384,1993.82,166244,59911.74,"2023"
"2","Japan","Iron, Steel",105724,76665.06,158923,120779.6,173551,133007.83,171428,139909.46,127753,105359.49,165504,133201.63,201120,149798.21,169467,122871.85,188681,134427.64,161426,119784.95,164071,112807.8,127018,92538.53,1914666,1441152.08,"2023"
"2","Japan","Articles of iron and steel",0,30702.55,0,44130.13,0,35801.64,0,34024.79,0,32610.76,0,37420.97,0,35315.19,0,34289.02,0,29771.53,0,34906.52,0,32438.7,0,34316.87,0,415728.72,"2023"
"2","Japan","Other base metal products",0,7611.55,0,10131.84,0,10591.87,0,10030.95,0,10267.84,0,9999.37,0,9913.34,0,9491.42,0,9028.67,0,10095.43,0,9508.17,0,9781.08,0,116451.6,"2023"
"2","Japan","Paper products",0,2756.13,0,3957.84,0,4127.57,0,4722.78,0,4251.42,0,3818.67,0,2924.61,0,3580.84,0,3102.89,0,4546.44,0,3658.7,0,4003.94,0,45451.88,"2023"
"2","Japan","Articles of plastics",0,50287.51,0,63948.94,0,62787.37,0,63278.2,0,62592.57,0,67816.04,0,65729.33,0,69985,0,68812.21,0,76318.09,0,70562.35,0,67196.77,0,789314.44,"2023"
"2","Japan","Articles of rubber",0,9932.35,0,10751.8,0,10994.6,0,11479.27,0,10928.15,0,10654.6,0,12165.25,0,11107.23,0,10606.99,0,11217.54,0,11631.63,0,10086.87,0,131556.34,"2023"
"2","Japan","Other petroleum products",0,1469.99,0,2318.41,0,2654.2,0,2855.28,0,2450.5,0,1857.64,0,2135.51,0,2139.2,0,2198.21,0,2412.77,0,2778.86,0,2665.52,0,27936.15,"2023"
"2","Japan","Chemical products",0,33669.95,0,46546.26,0,47843.57,0,41721.26,0,42486.9,0,47575.87,0,46220.88,0,49889.08,0,51017.21,0,55641.8,0,58923.13,0,53947.19,0,575483.14,"2023"
"2","Japan","Dairy products",0,3504.75,0,3488.43,0,3561.09,0,6214.23,0,4529.57,0,3668.86,0,5336.27,0,5898.7,0,3608.29,0,4299.27,0,4179.94,0,4724.13,0,53013.57,"2023"
"2","Japan","Ores and other minerals",673,521.48,933,551.84,1087,1285.68,1195,1120.51,551,607.99,1073,766.43,987,969.88,707,310.81,751,310.55,802,540.16,1187,1334.87,1097,810.17,11043,9130.41,"2023"
"2","Japan","Waste iron and steel",90134,35926.73,148500,63702.07,144737,65808.34,198720,90452.79,84710,36322.39,97249,39427.67,85755,34012.07,134077,53586.59,102479,40594.75,137415,54497.02,212421,82743.7,211617,81931.11,1647814,679005.3,"2023"
"2","Japan","Other means of transort and equipments",0,54487.74,0,2763.4,0,5931.12,0,3189.3,0,4072.02,0,12551.99,0,5428.87,0,2679.92,0,2402.13,0,3565.37,0,6981.21,0,3231.77,0,107284.89,"2023"
"2","Japan","Fertilizers",10326,874.27,45115,5768.47,21954,1593.34,26565,2803.37,19659,1583.34,36666,3428.31,27375,1974.99,37624,3317.7,31341,2628.64,31525,2891.52,33964,3309.11,41985,4455.48,364099,34628.59,"2023"
"2","Japan","Auxiliary materials for tobaco",0,0,0,0,0,0,0,0,0,0,0,0,0,0,0,104.54,0,104.54,0,0,0,0,0,0,0,209.08,"2023"
"2","Japan","Auxiliary materials for textile, garment, leather, footwear",0,13820.06,0,21099.69,0,21733.36,0,26786.83,0,22285.42,0,21428.55,0,19838.51,0,20431.95,0,22549.83,0,27838.81,0,22575.22,0,19163.21,0,259551.49,"2023"
"2","Japan","Computers, electronical products and parts",0,708592.58,0,615490.65,0,424644.88,0,443135.23,0,346750.3,0,621927.39,0,494651.98,0,867483.84,0,627218.91,0,772420.12,0,731563.14,0,687253.09,0,7341132.17,"2023"
"2","Japan","Other Machinery, instrument, accessory",0,264281.28,0,385212.29,0,371173.47,0,305474.19,0,291044.36,0,352012.95,0,343437.99,0,324767.2,0,341104.77,0,335129.12,0,381880.62,0,320396.36,0,4015914.66,"2023"
"2","Japan","Cameras and their parts",0,11183.65,0,10373.11,0,16742.19,0,11083.4,0,7925.55,0,12059.88,0,16927.12,0,26715.94,0,23815.94,0,22820.92,0,26684.39,0,19979.22,0,206311.35,"2023"
"2","Japan","Parts and accessories for motor",0,37936.02,0,51503.1,0,51479.65,0,57117.76,0,36166,0,82503.57,0,31121.37,0,44558.39,0,35276.26,0,52313.45,0,52234.33,0,48684.83,0,580894.8,"2023"
"2","Japan","Other base metals",4281,32558.16,4121,33654.25,6050,44555.62,6379,51280.83,5287,38438.89,5549,37339.82,5754,36914.58,5461,38519.05,5381,38925.64,4298,31917.11,4555,33717.92,4593,34893.25,61709,452715.16,"2023"
"2","Japan","Chemicals",0,45108.19,0,49353.91,0,57589.5,0,53089.29,0,42337.66,0,33112.07,0,37554.49,0,39726.23,0,50983.88,0,42079.69,0,36068.39,0,51981.78,0,538985.13,"2023"
"2","Japan","Fishery products",0,9761.21,0,14343.55,0,14521.64,0,11377.56,0,11298.42,0,19848.45,0,17596.49,0,15296.61,0,11840.48,0,12876.73,0,15249.43,0,16962.96,0,170973.59,"2023"
"2","Japan","Domestic electrical appliances and parts",0,1491.72,0,1441.52,0,1804.96,0,1517.9,0,1512.04,0,1619.4,0,1986.74,0,2156.54,0,1613.09,0,2558.12,0,2246.86,0,1950.45,0,21899.38,"2023"
"2","Japan","Paper",8568,8946.94,16818,15821.98,25005,21640.56,20552,18573.97,18414,16765.93,23965,21682,13648,12838.9,15162,14092.7,16163,15339.33,21182,18089.26,18953,17415.47,16301,15105.58,214731,196312.68,"2023"
"2","Japan","Wood and wooden products",0,216.69,0,328.29,0,528.78,0,561.45,0,901.09,0,614.75,0,613.43,0,409.14,0,357.01,0,398.21,0,287.69,0,493.94,0,5710.52,"2023"
"2","Japan","Pharmaceutical products",0,3035.72,0,3288.76,0,4973.92,0,3689.67,0,5895.83,0,6482.88,0,6736.95,0,4779.74,0,11882.05,0,4520.34,0,10343.51,0,4367.08,0,69996.5,"2023"
"2","Japan","Electrical wire and cable",0,9246.22,0,13110.25,0,11006.75,0,11178.47,0,11266.1,0,11465.24,0,11820.63,0,10523.79,0,11176.41,0,14468.86,0,13385.62,0,11212.78,0,139861.17,"2023"
"2","Japan","Other preparations for foodstuff",0,2619.02,0,3450.87,0,4786.17,0,3722.34,0,3945.87,0,3880.39,0,3569.05,0,3348.29,0,4262.78,0,3915.44,0,3888.65,0,5076.55,0,46465.48,"2023"
"2","Japan","Plastic materials",10534,29156.84,18716,43816.16,24186,51303.06,18734,41605.08,16900,40199.71,16673,38396.69,15818,35410.76,16511,37202.43,19063,42508.59,19904,42132.16,20612,44333.94,17104,41026.95,214755,487092.42,"2023"
"2","Japan","Aromatic substance, cosmetic and cleaning preparations",0,2273.98,0,5415.67,0,5606.61,0,3435.57,0,5002.88,0,4447.54,0,3415.63,0,5072.4,0,3917.35,0,3010.95,0,3785.36,0,4879.55,0,50263.54,"2023"
"2","Japan","Rubber",3406,10836.88,4768,13205.85,5979,15958.96,4198,12869.39,3980,11854.78,3031,10834.44,4375,11866.05,5685,13910.32,4646,12690.21,4290,11932.74,4267,11778.36,4655,13590.82,53280,151328.86,"2023"
"2","Japan","Telephones and their parts",0,60.87,0,161.2,0,207.99,0,98.52,0,102.06,0,101.26,0,181.33,0,114.51,0,195.56,0,246.96,0,146.64,0,172.95,0,1789.9,"2023"
"2","Japan","Precious stones, precious metals and their products",0,2640.74,0,5046.2,0,4649.42,0,4773.64,0,3775.89,0,4608.87,0,5477.06,0,4983.53,0,2657.52,0,4579.11,0,4283.89,0,4274.66,0,51750.59,"2023"
"2","Japan","Motor vehicles, assembled",247,15796.52,242,15572.79,533,21992.19,199,17543.69,308,13783.45,307,16857.59,325,18367.57,303,19507.89,173,9433.66,522,35267.13,124,10168.13,153,14997.55,3436,209288.2,"2023"
"2","Australia",NA,0,498540.31,0,684322.85,0,948049.41,0,703978.94,0,626668.73,0,847522.57,0,718352.71,0,752113.52,0,624440.2,0,662221.81,0,730152.37,0,736808.51,0,8533171.97,"2023"
"2","Australia","Animal fodder and materials",0,5340.3,0,3992.1,0,3890.74,0,8055.29,0,4942.59,0,3900.59,0,3703.37,0,3839.03,0,4865.55,0,3991.78,0,6977.67,0,5230.08,0,58729.14,"2023"
"2","Australia","Coal",962236,170489.48,1867021,343820.93,2099933,419824.22,1451521,288176.17,1760943,239620.79,2697826,432822.09,1697777,235208.54,1588121,208085.24,1014217,159303.03,1459099,232567.6,1570201,293542.3,1720814,258254.54,19889709,3281714.98,"2023"
"2","Australia","Iron, Steel",958,458.81,634,295.3,24927,15004.13,578,305.49,389,275.95,6184,3359.76,1550,817.92,91,44.98,629,309.27,1763,1043.81,6896,3451.98,2930,1923.43,47529,27290.87,"2023"
"2","Australia","Articles of iron and steel",0,774.4,0,639.32,0,1444.73,0,271.09,0,565.65,0,152.22,0,366.08,0,351.15,0,156.19,0,238.73,0,375.21,0,199.58,0,5534.4,"2023"
"2","Australia","Other petroleum products",0,893.26,0,839.51,0,561.46,0,1798.02,0,1544.61,0,1461.87,0,777.09,0,815.1,0,1323.04,0,914.83,0,1118.02,0,1081.35,0,13128.23,"2023"
"2","Australia","Chemical products",0,1468.22,0,2018.26,0,4529.74,0,3499.73,0,1481.56,0,2159.19,0,2225.11,0,1082.79,0,1912.46,0,1551.34,0,1485.61,0,2069.15,0,25483.22,"2023"
"2","Australia","Dairy products",0,5225.37,0,3458.24,0,4193.25,0,4782.81,0,5050.95,0,5727.99,0,6877.86,0,3803.17,0,4619.89,0,5779.88,0,7154.44,0,11962.84,0,68636.74,"2023"
"2","Australia","Ores and other minerals",801296,83988.19,587472,78401.02,659782,82314.34,752380,93412,607467,70980.03,747884,64886.29,814738,86704.09,1215839,129025.07,676369,75373.97,671979,86408.73,828341,92041.91,773215,116232.14,9136762,1059767.82,"2023"
"2","Australia","Waste iron and steel",178,96.17,24529,9574.2,27764,12175.11,59541,26655.65,4022,1693.3,1259,630.38,2554,1051.65,64887,26357.82,10748,4246.88,31479,12684.03,9265,3637.01,47744,18493.65,283970,117295.92,"2023"
"2","Australia","Auxiliary materials for textile, garment, leather, footwear",0,1066.2,0,1241.39,0,853.89,0,2048.51,0,1736.52,0,1128,0,2074.97,0,1303.88,0,2024.58,0,1017.1,0,2147.43,0,1093.56,0,17736.08,"2023"
"2","Australia","Other Machinery, instrument, accessory",0,1450.29,0,1294.27,0,2349.39,0,1922.72,0,2526.57,0,4095.39,0,1666.38,0,3004.65,0,2076.84,0,1529.52,0,3337.85,0,4104,0,29357.93,"2023"
"2","Australia","Wheat",112875,41067.17,224189,80837.36,477224,168918.07,304021,106256.82,273192,107086.46,405093,124005.14,328674,108873.27,157840,49840.29,148042,47055.67,146726,47203.89,44891,14186.92,88231,29172.54,2710998,924503.64,"2023"
"2","Australia","Other base metals",10668,40013.71,8960,26353.88,13295,49144.23,9951,28505.19,12873,43254.31,14237,42196.04,17294,57471.56,16640,44815.9,18131,45841.18,17854,50286.37,21168,70004.78,20830,64512.45,181901,562399.65,"2023"
"2","Australia","Chemicals",0,85.59,0,55.33,0,94.4,0,0,0,110.55,0,67.39,0,246.08,0,114.46,0,83.41,0,210.81,0,25.3,0,18.91,0,1112.28,"2023"
"2","Australia","Fresh and pocessed vegetables and fruit",0,9183.15,0,3834.26,0,11728.22,0,16727.07,0,22028.1,0,11345.86,0,10920.27,0,14524.76,0,12718.83,0,13080.04,0,10717.37,0,5553.25,0,142361.23,"2023"
"2","Australia","Wood and wooden products",0,264.29,0,606.86,0,738.57,0,189.01,0,1039.8,0,1348.07,0,1242.73,0,626.72,0,648.94,0,985.15,0,1340.17,0,996.06,0,10026.42,"2023"
"2","Australia","Pharmaceutical products",0,3446.44,0,4165.24,0,4481.48,0,1035.78,0,1288.58,0,2410.18,0,1724.86,0,2387.79,0,4340.11,0,2525.75,0,4835.88,0,6912.69,0,39554.83,"2023"
"2","Australia","Vegetable oil and fat",0,1003.18,0,698.75,0,713.28,0,947.22,0,1284.74,0,677.32,0,1048.7,0,957.42,0,799.95,0,985.1,0,882.92,0,1606.51,0,11605.14,"2023"
"2","Australia","Other preparations for foodstuff",0,1162.09,0,1428.88,0,1221.86,0,1418.96,0,1769.72,0,938.29,0,1491.26,0,781.57,0,2134.04,0,1450.72,0,1426.89,0,1205.47,0,16429.79,"2023"
"2","Australia","Plastic materials",496,640.69,432,430.53,247,397.13,142,443.6,246,436.37,254,381.27,664,842.95,369,474.34,89,227.09,90,241.01,459,624.02,361,562.02,3849,5701.07,"2023"
"2","Australia","Cotton",29275,75801.8,25993,61236.87,23464,55631.79,16493,37652.87,12247,26955.63,17678,37626.17,47215,100948.98,62190,132648.58,66261,139607.63,54667,113199.34,54146,113648.01,58089,121288.9,467718,1016246.63,"2023"
"2","Australia","Precious stones, precious metals and their products",0,1248.84,0,1965.09,0,1126.48,0,1255.84,0,665.75,0,1363.54,0,1133.52,0,1310.77,0,1527.08,0,904.77,0,804.02,0,1544.11,0,14849.87,"2023"
"2","China, PR",NA,0,7228425.52,0,6698360.28,0,9708745.09,0,8727996.49,0,8830493.91,0,8454311.03,0,9007972.86,0,10180327.2,0,10342331.13,0,10159490.62,0,10961559,0,10344604.36,0,110644617.55,"2023"
"2","China, PR","Fibres, not spun",39441,86287.32,47802,90293.32,65801,130574.14,54518,108148.96,55072,118070.23,59546,106808.61,49295,99084.3,57286,116424.88,57916,117061.77,62763,117983.38,67523,121823.63,62452,117095.68,679415,1329656.28,"2023"
"2","China, PR","Petroleum oil, refined",81571,78477.41,114241,102288.19,95080,80722.55,62111,48426.01,43494,31251.98,50070,36964.58,73960,58340.25,108419,102914.88,124978,125060.55,76380,73024.55,87851,78533.63,42462,32462.26,960617,848466.88,"2023"
"2","China, PR","Textile fibrics",0,610244.36,0,375058.7,0,820902.78,0,792380.45,0,790578.88,0,677358.43,0,604789.96,0,695301.32,0,723517.23,0,720790.66,0,773303.28,0,740851.03,0,8325077.13,"2023"
"2","China, PR","Insecticides and materials",0,22226.59,0,33208.99,0,45416.13,0,28376.46,0,35768.19,0,35724.84,0,29118.66,0,31756.02,0,40210.16,0,34677.34,0,38694.23,0,49986.39,0,425164.04,"2023"
"2","China, PR","Animal fodder and materials",0,14693.94,0,11734.39,0,23836.79,0,25580.37,0,28037.14,0,27939.42,0,29864.76,0,23269.96,0,23427.97,0,20684.07,0,24341.95,0,28103.15,0,281513.95,"2023"
"2","China, PR","Glass and glassware",0,80442.71,0,70027.76,0,88919.32,0,77660.17,0,82999.57,0,98651,0,97066.88,0,111821.62,0,94947.47,0,109700.41,0,101352.57,0,92964.32,0,1106553.83,"2023"
"2","China, PR","Coal",16551,6157.96,8860,3900.21,25707,10048.54,45375,7932.28,11820,3985.13,35850,11250.88,24351,7233.07,52723,9458.2,23582,6909.9,36715,11261.64,49357,15305.48,10877,3487.15,341768,96930.5,"2023"
"2","China, PR","Iron, Steel",211270,183164.84,409197,303642.7,826041,599346.08,615492,454896.11,433520,342423.82,572022,415058.77,632575,426859.29,832708,534224.07,974123,622984.51,858182,561773.75,1074126,685101.82,850034,521753.1,8289290,5651228.91,"2023"
"2","China, PR","Articles of iron and steel",0,234575.05,0,176243.73,0,282635.54,0,250475.01,0,272539.77,0,273905.07,0,324355.31,0,322531.49,0,305498.72,0,326338.15,0,356698.02,0,319808.45,0,3445604.35,"2023"
"2","China, PR","Other base metal products",0,113739.06,0,95571.93,0,138040.89,0,129560.9,0,139260.43,0,121908.56,0,129227.65,0,153784.76,0,153663.17,0,173096.63,0,190391.37,0,160729.35,0,1698974.74,"2023"
"2","China, PR","Paper products",0,32334.44,0,30104.32,0,44260.39,0,39234.54,0,47745.85,0,39038.21,0,43170.56,0,58838.48,0,56899.31,0,47688.66,0,53924.23,0,45638.3,0,538877.33,"2023"
"2","China, PR","Articles of plastics",0,284371.36,0,242034.39,0,344651.18,0,315699.29,0,351872.32,0,326409.03,0,340401.99,0,377527.44,0,367373.71,0,343497.79,0,385852.17,0,362522.48,0,4042213.19,"2023"
"2","China, PR","Articles of rubber",0,26490.65,0,22472.75,0,34502.15,0,29544.96,0,33156.42,0,32829.08,0,33759.51,0,33495.07,0,34085.03,0,34444.29,0,37958.68,0,37301.57,0,390040.2,"2023"
"2","China, PR","Other petroleum products",0,10498.59,0,9246.07,0,19076.1,0,22790.48,0,20203.36,0,18006.63,0,16385.69,0,13009.98,0,12981.47,0,12828.37,0,16868.88,0,11625.22,0,183520.88,"2023"
"2","China, PR","Chemical products",0,240469.52,0,247679.14,0,318449.82,0,292405.93,0,306973.41,0,259740.93,0,263996.85,0,305326.61,0,301242.84,0,269658.11,0,303814.35,0,287046.01,0,3396803.55,"2023"
"2","China, PR","Ores and other minerals",39207,5855.05,26331,4975.43,41693,7954.5,166715,32246.15,34100,5027.93,172784,29024.3,34384,6260.03,41561,6303.01,102993,18446.97,32732,7201.54,36096,6519.69,37598,5845.99,766194,135660.64,"2023"
"2","China, PR","Other means of transort and equipments",0,5913.36,0,10951.05,0,14053.13,0,29306.51,0,11110.38,0,11904.25,0,18960.27,0,13234.7,0,11795.84,0,11386.62,0,15569.79,0,57332.74,0,211518.68,"2023"
"2","China, PR","Fertilizers",70265,25812.9,87827,31605.87,143877,50045.65,177094,58464.6,153259,43508.21,221460,64374.7,193356,50357.44,170238,50537.98,208880,70953.18,207853,75192.06,197454,79265.65,203575,62341.76,2035138,662460.04,"2023"
"2","China, PR","Auxiliary materials for cigarettes",0,741.56,0,897.9,0,480.29,0,281.06,0,2865.27,0,3257.14,0,4683.19,0,1544.99,0,5415.97,0,10594.4,0,4437.66,0,6263.75,0,41463.22,"2023"
"2","China, PR","Auxiliary materials for textile, garment, leather, footwear",0,206320.83,0,187363.85,0,322486.14,0,260111.46,0,259641.34,0,237423.78,0,240640.3,0,278883.49,0,285126.17,0,259950.84,0,283265.18,0,271456.39,0,3092669.81,"2023"
"2","China, PR","Auxiliary materials for medicaments",0,22124.29,0,22414.84,0,31025.98,0,25730.89,0,24037.11,0,29251.94,0,26070.44,0,21752.78,0,24594.33,0,20635.24,0,24569.28,0,23335.84,0,295543.02,"2023"
"2","China, PR","Computers, electronical products and parts",0,1502419.26,0,1557098.59,0,1930088.34,0,1656997.29,0,1707244.29,0,1665167.51,0,1888992.25,0,2265323.67,0,2434380.17,0,2247043.22,0,2316988.48,0,2240889.67,0,23412632.79,"2023"
"2","China, PR","Other Machinery, instrument, accessory",0,1410135.35,0,1245036.48,0,1882613.12,0,1813229.78,0,2000837.73,0,1826273.67,0,2008927.66,0,2096327.88,0,1920467.75,0,1886778.26,0,2177316.33,0,2242660.46,0,22510604.53,"2023"
"2","China, PR","Cameras and their parts",0,87404.77,0,60050.02,0,84990.96,0,75058.17,0,74351.53,0,75432.97,0,86069.83,0,96824.92,0,90965.8,0,88913.45,0,105311.56,0,103728.84,0,1029102.88,"2023"
"2","China, PR","Parts and accessories for motor",0,58031.42,0,56296.54,0,77666.38,0,84381.88,0,87382.65,0,75726.08,0,69534.28,0,78725.76,0,78930.13,0,93186.26,0,106290.83,0,105120.59,0,971272.85,"2023"
"2","China, PR","Other base metals",35053,154035.01,40450,197409.87,46019,227448.91,66150,206034.23,37978,174401.26,35740,161951.04,43474,201879.05,45823,199596.24,41701,189345.27,40660,182576.16,49546,231437.95,40056,182469.59,522650,2308584.64,"2023"
"2","China, PR","Liquefied Petroleum Gas",26948,19681.37,21260,18577.78,28244,22869.19,30541,20169.09,19465,12804.42,23811,13237.28,24833,12476.19,28019,16278.61,19718,13280.14,18558,13196.97,20749,14891.52,36411,25827.34,298557,203289.95,"2023"
"2","China, PR","Chemicals",0,174633.7,0,205962.3,0,300066.66,0,227241.63,0,293162.59,0,242834.18,0,200441.69,0,255829.16,0,239207.53,0,256505.59,0,271902.68,0,265077.05,0,2932864.8,"2023"
"2","China, PR","Fishery products",0,15069.33,0,16950.78,0,23492.61,0,17751.84,0,17000.66,0,16537.01,0,15426.62,0,20505.08,0,18300.31,0,15957.83,0,20042.77,0,26133.69,0,223168.57,"2023"
"2","China, PR","Fresh and pocessed vegetables and fruit",0,63340.79,0,49747.29,0,57814.9,0,41059.78,0,47355.56,0,52514.45,0,71294.65,0,91038.72,0,86914.04,0,78502.94,0,82818.31,0,72314.2,0,794715.69,"2023"
"2","China, PR","Domestic electrical appliances and parts",0,39560.9,0,38801.52,0,60755.46,0,60089.49,0,71335.19,0,64348.06,0,56423.36,0,60052.2,0,60388.97,0,64530.32,0,74676.12,0,84233.79,0,735195.41,"2023"
"2","China, PR","Paper",42657,42677.86,49363,47525.59,59152,58309.97,63329,59888.66,56998,57405.96,53303,53439.55,56037,52123.36,57619,56881.52,57465,53164.16,66997,58182.14,83322,70650.23,70628,67298.25,716870,677547.28,"2023"
"2","China, PR","Wood and wooden products",0,31949.46,0,35128.36,0,71949.79,0,61949,0,66167.67,0,62635.74,0,62308.54,0,74784.61,0,69673.57,0,69680.35,0,76562.32,0,73871.88,0,756661.34,"2023"
"2","China, PR","Pharmaceutical products",0,2026.96,0,3792.88,0,4299.1,0,3209.08,0,2548.15,0,3118.71,0,3251.76,0,4578.52,0,3032.29,0,3398.95,0,5856.21,0,4513.21,0,43625.88,"2023"
"2","China, PR","Vegetable oil and fat",0,1116.82,0,1345.51,0,1238.98,0,1214.96,0,1617.9,0,1760.46,0,1168.66,0,1506.33,0,1019.03,0,1126.94,0,1717.93,0,825.56,0,15659.14,"2023"
"2","China, PR","Electrical wire and cable",0,92737.7,0,82446.55,0,126382.02,0,131680.42,0,125117.19,0,119040.61,0,130692.86,0,144697.68,0,141010.93,0,127924.02,0,153016.65,0,143921.58,0,1518668.26,"2023"
"2","China, PR","Other preparations for foodstuff",0,7202.14,0,6354.08,0,11164.75,0,9187.84,0,11455.88,0,9937.21,0,12670.11,0,14026.69,0,10071.8,0,9758.56,0,9799.48,0,8457.7,0,120086.29,"2023"
"2","China, PR","Plastic materials",68818,126085.33,81114,141077.87,136105,220796.66,100329,169811.76,106682,179652.66,115969,182932.67,113704,177629.43,123442,197393.8,117898,189947.22,120639,193453.06,135760,219858.81,134372,210831.55,1354832,2209470.87,"2023"
"2","China, PR","Aromatic substance, cosmetic and cleaning preparations",0,5482.33,0,6651.94,0,10185.07,0,8572.82,0,7526.83,0,6293.58,0,10013.6,0,10906.83,0,10043.04,0,8741.02,0,11347.29,0,10158.73,0,105923.14,"2023"
"2","China, PR","Rubber",7447,13399.34,8674,15879.22,13537,25880.68,11004,22242.75,12375,22910.78,11807,22328.05,11376,21788.62,14715,27794.08,12616,22962.78,12912,23716.42,14043,25500,13127,23647.87,143633,268050.64,"2023"
"2","China, PR","Cotton",0,0,0,0,28,77.03,63,124.05,26,67.96,0,0,18,18.43,0,0,13,27.65,0,0,5,8.98,0,0,153,324.11,"2023"
"2","China, PR","Sweets, cookies and cereal preparations",0,5707.08,0,7850.38,0,9391.09,0,7215.48,0,6376.11,0,7462.91,0,10017.67,0,11858.79,0,12656.13,0,12061.05,0,11634.4,0,10655.92,0,112887.05,"2023"
"2","China, PR","Telephones and their parts",0,702427.71,0,436479.55,0,476829.27,0,517424.59,0,390326.58,0,439328.86,0,563576.94,0,670205.05,0,788489.24,0,939738.95,0,771358.37,0,598834.9,0,7295020.07,"2023"
"2","China, PR","Precious stones, precious metals and their products",0,4259.57,0,2167.71,0,1750.15,0,2776.89,0,2464.16,0,2717.42,0,2517.73,0,2128.57,0,2741.34,0,2476.56,0,2911.91,0,3040.43,0,31952.49,"2023"
"2","China, PR","Motor vehicles, assembled",328,11260.94,746,29689.12,1311,52196.56,1232,41926.11,936,37603.35,1296,52067.74,571,25688.13,565,22108.2,727,24559.04,783,21504.1,1348,41667.49,1159,33937.23,11002,394208.07,"2023"
"2","India",NA,0,422629.05,0,564515.13,0,644311.58,0,557016.5,0,513939.35,0,450012.17,0,481907.87,0,444155.51,0,432361.82,0,443364.97,0,459015.55,0,451430.15,0,5864659.71,"2023"
"2","India","Fibres, not spun",1210,3923.67,1712,5025.44,3833,10054.12,4054,11570.55,4110,11523.93,3624,10132.73,3895,11237.21,3157,8302.29,2952,7856.45,4017,11736.15,3966,10767.54,5111,15024.9,41641,117155.03,"2023"
"2","India","Textile fibrics",0,4145.86,0,6119.81,0,6983.25,0,6012.14,0,8050.05,0,4685.58,0,3033.21,0,4509.34,0,4328.25,0,6408.28,0,4568.92,0,3950.88,0,62795.62,"2023"
"2","India","Insecticides and materials",0,6169.11,0,7081.37,0,7703.96,0,6526.02,0,8360.68,0,7457.93,0,5661.97,0,6194.66,0,6821.82,0,8941.7,0,8708.36,0,6663.03,0,86290.66,"2023"
"2","India","Animal fodder and materials",0,54213.89,0,29066.42,0,112004.35,0,85968.69,0,55343.55,0,16253.07,0,21960.4,0,28761.84,0,24633.54,0,32937.6,0,20015.11,0,26644.77,0,507803.28,"2023"
"2","India","Iron, Steel",95974,54385.3,89294,53345.31,31555,21808.33,31700,22019.28,61934,43558.38,938,2741.27,22964,16656.34,23849,17945.6,21763,14195.56,30648,20804.4,1585,4848.01,1336,4125.21,413540,276433.03,"2023"
"2","India","Articles of iron and steel",0,1756.77,0,2086.54,0,2489.59,0,3427.37,0,3279.49,0,2016.21,0,3895.77,0,3066.93,0,2419.83,0,2476.88,0,4052.78,0,2867.28,0,33835.48,"2023"
"2","India","Articles of plastics",0,1649.4,0,1911.55,0,2021.26,0,2282.22,0,2595.86,0,2619.01,0,4285.38,0,2612.99,0,2910.03,0,3100.2,0,2510.94,0,1793.54,0,30292.44,"2023"
"2","India","Articles of rubber",0,999.9,0,923.59,0,1838.56,0,1128.66,0,1431.54,0,1219.87,0,1759.07,0,1348,0,884.26,0,1637.14,0,1240.57,0,1327.5,0,15738.71,"2023"
"2","India","Other petroleum products",0,850.62,0,789.62,0,994.46,0,1447.41,0,1425.2,0,1116.82,0,1163.64,0,1348.29,0,956.18,0,1486.5,0,1437.54,0,1138.4,0,14154.73,"2023"
"2","India","Chemical products",0,8368.51,0,9591.75,0,11796.36,0,10297.32,0,13172.57,0,9252.88,0,10752.44,0,12206.1,0,11215.01,0,11183.03,0,11903.25,0,11351.24,0,131090.51,"2023"
"2","India","Ores and other minerals",7115,977.7,18596,2097.72,13182,1690.71,21186,2400.64,23298,2735.67,18443,2125.68,18059,2100.12,13603,1565.47,16031,1795.88,16291,2331.73,17177,2304.55,15409,1798.02,198390,23923.95,"2023"
"2","India","Fertilizers",59,95.06,48,162.68,53,75.37,152,164.61,277,281.21,17,153.1,114,148.73,218,195.41,88,147.8,41,91.32,182,220.8,101,225.29,1350,1961.44,"2023"
"2","India","Auxiliary materials for cigarettes",0,31.21,0,179.07,0,0,0,134.3,0,89.8,0,448.11,0,1051.42,0,676.6,0,826.49,0,2724.21,0,223.26,0,0.18,0,6384.7,"2023"
"2","India","Auxiliary materials for textile, garment, leather, footwear",0,3915.14,0,6589.49,0,6484.71,0,6548.45,0,7652.78,0,6906.97,0,7030.93,0,7980.09,0,8190.55,0,8050.89,0,7168.58,0,7413.24,0,83931.88,"2023"
"2","India","Auxiliary materials for medicaments",0,4931.96,0,7093.26,0,9026.75,0,7743.75,0,8438.28,0,5586.86,0,9923.15,0,6029.34,0,5109.15,0,6698.51,0,6185.7,0,6623.32,0,83390.08,"2023"
"2","India","Maize",16394,5862.01,217395,70795.86,189052,63884.67,162006,51803.29,112762,35524.54,252753,71799.25,176380,50108.46,51591,15187.29,2529,908.64,500,228.3,516,146.32,408,1141.49,1182286,367390.18,"2023"
"2","India","Computers, electronical products and parts",0,987.32,0,2366.27,0,2871.54,0,2633.11,0,6953.77,0,4671.26,0,6576.8,0,3147.25,0,2920.31,0,1993.46,0,2170.22,0,3369.36,0,40660.7,"2023"
"2","India","Other Machinery, instrument, accessory",0,41559.23,0,40540.32,0,32874.75,0,35382.76,0,35874.35,0,30237.27,0,29091.12,0,35855.18,0,35636.43,0,33545.66,0,50790.49,0,38449.96,0,439837.56,"2023"
"2","India","Parts and accessories for motor",0,29541.94,0,21983.55,0,24408.91,0,24482.24,0,17563,0,19170.1,0,14972.73,0,21179.54,0,27780.56,0,33565.66,0,31930.15,0,38227.29,0,304805.71,"2023"
"2","India","Other base metals",7606,19768.76,10624,29009.33,11887,32024.09,12576,31250.89,8952,23011.13,10615,27070.9,11834,28838.9,9867,24358.88,10599,25687.84,12200,29935.42,10764,25825.1,9942,24483.63,127466,321264.91,"2023"
"2","India","Chemicals",0,16212.29,0,25524.49,0,29150.91,0,26088.27,0,27369.81,0,25513.71,0,22950.42,0,23153.7,0,14665.56,0,23357.96,0,23181.48,0,21570.49,0,278739.15,"2023"
"2","India","Fishery products",0,28687.99,0,42720.51,0,37079.1,0,22678.8,0,20735.6,0,24330.88,0,30518.11,0,24265.17,0,26620.48,0,25662.15,0,25743.56,0,24659.52,0,333701.93,"2023"
"2","India","Fresh and pocessed vegetables and fruit",0,4507.05,0,4592.74,0,8272.75,0,5834.37,0,6958.7,0,6654.5,0,7004.94,0,5971.05,0,4663.03,0,4616.47,0,5741.39,0,4853.75,0,69670.8,"2023"
"2","India","Paper",784,832.13,2265,2004.62,4409,2693.04,3155,2022.22,3843,2434.21,2122,1353.41,2567,1655.51,2196,1480.94,1460,930.57,1277,895.7,2702,1610.24,1864,1144.75,28644,19057.41,"2023"
"2","India","Pharmaceutical products",0,28119.01,0,14613.42,0,15811.12,0,18383.46,0,19705.23,0,17278.77,0,23238.65,0,24759.28,0,27331.7,0,27067.76,0,28388.53,0,28821.25,0,273518.23,"2023"
"2","India","Vegetable oil and fat",0,0,0,185.64,0,234.46,0,526.46,0,484.57,0,442.58,0,572.68,0,877.47,0,682.65,0,1775.01,0,770.47,0,1167.63,0,7719.66,"2023"
"2","India","Plastic materials",6390,7582.81,7110,8790.76,4658,6664.24,3536,5410.11,6138,8429.72,6574,8366.23,10447,12528,9499,10899.72,6394,7606.11,5470,6857.09,8672,10271.63,7149,8888.73,82037,102295.19,"2023"
"2","India","Cotton",2274,3534.67,4403,7746.12,6839,13131,4119,7681.59,5188,7532.02,3825,6167.78,6966,11211.46,6057,8680.78,6356,8798.01,3213,4192.39,7778,11477.06,4108,5860.06,61126,96012.99,"2023"
"2","India","Precious stones, precious metals and their products",0,9006.74,0,27797.44,0,24667.37,0,15901.62,0,14043.46,0,10248.61,0,7547.2,0,5256.41,0,4643.1,0,9275.09,0,9291.9,0,6706.94,0,144385.92,"2023"
"2","India","Motor vehicles, assembled",0,0,6,76.93,38,638.77,0,0,0,0,5,3650,0,0,6,3221.51,0,0,0,0,14,200.65,0,0,69,7787.87,"2023"
"2","Ukraine",NA,0,2163.89,0,2462.07,0,3119.35,0,11655.6,0,10796.4,0,2834.57,0,3165.86,0,17444.36,0,2336.75,0,17935.26,0,52070.32,0,93740.85,0,219725.34,"2023"
"2","Ukraine","Articles of iron and steel",0,0,0,0,0,0,0,32.92,0,58.71,0,0,0,0,0,0,0,0,0,0,0,0,0,0,0,91.64,"2023"
"2","Ukraine","Other Machinery, instrument, accessory",0,161.11,0,238.21,0,183.58,0,59.93,0,31.12,0,41.57,0,72.87,0,160.43,0,54.23,0,128.18,0,27.88,0,87.2,0,1246.36,"2023"
"2","Ukraine","Wheat",0,0,0,0,0,0,29400,8644.12,25000,7350.44,0,0,0,0,26701,7003.62,1303,370.45,57923,15668.59,176182,49118.86,298728,78576.61,615237,166732.72,"2023"
"2","Ukraine",NA,0,NA,NA,NA,NA,NA,NA,NA,NA,NA,NA,NA,NA,NA,NA,NA,NA,NA,NA,NA,NA,NA,NA,NA,NA,NA,"2023"
"3","EU",NA,0,1308691.69,NA,1128154.66,NA,1290842.4,NA,1289947.52,NA,1360539.7,NA,1310223.61,NA,1605212.25,NA,1557727.14,NA,1419784.04,NA,1662620.8,NA,1296599.48,NA,1494982.91,NA,16725327.52,"2024"
"3","EU","Fibres, not spun",610,1610.01,279,787.27,1159,3264.87,836,2701.53,680,1938.14,329,1257.47,639,2105.8,929,3152.18,849,2291.15,1104,3596.75,825,2554.34,476,1381.01,8715,26640.61,"2024"
"3","EU","Textile fibrics",0,11205.01,0,11907.05,0,16486.47,0,20565.87,NA,15746.37,NA,14226.04,NA,19139.67,0,16675.61,0,14374.42,0,16917.12,0,18132.01,NA,17196.81,NA,192572.68,"2024"
"3","EU","Insecticides and materials",0,1786.65,0,4289.92,0,3070.22,0,8217.99,NA,3176.05,NA,4758.69,NA,10093.57,0,7815.43,0,5322.04,0,5126.07,0,2492.85,NA,3209.41,NA,59359.04,"2024"
"3","EU","Animal fodder and materials",0,10362.08,0,11967.37,0,10500.61,0,13437.26,NA,14084.45,NA,11560.32,NA,13948.45,0,13741.34,0,12936.58,0,10915.13,0,10156.76,NA,11498.9,NA,145109.62,"2024"
"3","EU","Glass and glassware",0,1954.76,0,1110.13,0,2583.01,0,2134.02,NA,3069.82,NA,1989.38,NA,1948.96,0,2640.23,0,1455.2,0,2237.12,0,2183.09,NA,2187.85,NA,25493.66,"2024"
"3","EU","Iron, Steel",1657,6476.89,1437,6820.41,1650,6015.43,1207,5392.66,1699,6573.34,1439,5103.87,900,6149.18,1957,6318.95,1206,4281.56,1220,5260.22,1242,6442.72,1882,7198.46,17496,72034.17,"2024"
"3","EU","Articles of iron and steel",0,14066.58,0,11662.81,0,14387.39,0,14787.37,NA,14787.24,NA,14193.39,NA,17740.45,0,16001.85,0,14913.72,0,17651.34,0,15054.73,NA,14570.32,NA,179817.77,"2024"
"3","EU","Other base metal products",0,1051.19,0,1017.77,0,856,0,1171.44,NA,962.66,NA,1318.52,NA,1421.53,0,1690.12,0,1044.78,0,3363.74,0,2154.91,NA,1704.96,NA,17757.67,"2024"
"3","EU","Paper products",0,123.88,0,215.64,0,301.26,0,242,NA,291.29,NA,124.38,NA,351.69,0,370.25,0,169.66,0,384.02,0,203.01,NA,289.59,NA,3066.71,"2024"
"3","EU","Articles of plastics",0,12545.6,0,11704.32,0,13728.81,0,15292.67,NA,14116.97,NA,13974.5,NA,17570.03,0,19391.04,0,17795.45,0,15644.01,0,16323.94,NA,17199.27,NA,185286.96,"2024"
"3","EU","Articles of rubber",0,3463.64,0,2216.84,0,3649.93,0,3638.32,NA,3783.25,NA,3741.2,NA,4765.9,0,3769.42,0,3742.03,0,4269.1,0,4190.16,NA,4010.34,NA,45240.26,"2024"
"3","EU","Other petroleum products",0,1346.8,0,1760.57,0,1410.71,0,1624.77,NA,1965.1,NA,1882.2,NA,2201.69,0,1947.92,0,1420.83,0,1448.09,0,1402.61,NA,1743.37,NA,20154.82,"2024"
"3","EU","Chemical products",0,40702.87,0,36938.7,0,50226.33,0,61810.2,NA,59808.21,NA,62003.45,NA,74844,0,75184.64,0,58755.31,0,62243.15,0,56776.6,NA,57810.85,NA,697104.8,"2024"
"3","EU","Dairy products",0,10923.57,0,9168.43,0,24722.4,0,17566.84,NA,19091.5,NA,24215.58,NA,24569.1,0,23566.93,0,22105.61,0,23024.65,0,25209.86,NA,15128.16,NA,239293.07,"2024"
"3","EU","Ores and other minerals",420,758.49,163,415.89,84,43.18,237,601.67,272,488.33,139,592.21,176,967.05,220,664.28,275,919.34,240,185.28,140,456.33,653,1884.4,3019,7976.54,"2024"
"3","EU","Other means of transort and equipments",0,42517.94,0,12809.53,0,12939.32,0,23620.79,NA,10876.34,NA,16648.7,NA,16501.48,0,22503,0,8683.89,0,122765.84,0,21388.66,NA,84693.64,NA,395949.29,"2024"
"3","EU","Fertilizers",5235,2193.79,10453,3699.93,6540,2571.34,15678,7011.49,9666,3899.78,9318,3886.86,14200,6470.48,12590,5559.19,14768,5929.39,15409,5949.5,12362,5160.66,7018,2812.17,133237,55144.68,"2024"
"3","EU","Auxiliary materials for cigarettes",0,84.8,0,53.76,0,85.89,0,266.25,NA,232.18,NA,155.05,NA,873.87,0,2039.65,0,6.4,0,414.2,0,856.74,NA,1711.68,NA,6780.51,"2024"
"3","EU","Auxiliary materials for textile, garment, leather, footwear",0,15981.06,0,16325.96,0,21384.64,0,30613.21,NA,29851.19,NA,19678.93,NA,27731.55,0,23752.34,0,29069.37,0,26019.08,0,18305.28,NA,21282.72,NA,279995.69,"2024"
"3","EU","Auxiliary materials for medicaments",0,1239.74,0,1428.53,0,2619.55,0,3337.91,NA,3193.88,NA,3099.04,NA,3967.78,0,2552.91,0,1875.27,0,3250.75,0,1517.73,NA,1922.76,NA,30006.08,"2024"
"3","EU","Computers, electronical products and parts",0,429582.7,0,275769.7,0,325185.78,0,235107.06,NA,219739.78,NA,265817.96,NA,370758.13,0,338701.72,0,296311.75,0,372921.36,0,244241.82,NA,248280.51,NA,3622418.93,"2024"
"3","EU","Other Machinery, instrument, accessory",0,190184.76,0,214442.6,0,253382.61,0,222180.9,NA,243323.77,NA,251845.18,NA,285623.32,0,282803.2,0,272272.89,0,295595.79,0,271376.21,NA,307150.12,NA,3090182.15,"2024"
"3","EU","Parts and accessories for motor",0,12945.17,0,7998.9,0,4853.44,0,7204.32,NA,6537.72,NA,8166.08,NA,13218.5,0,10695.75,0,9776.74,0,8599.29,0,8082.26,NA,6857.57,NA,104935.95,"2024"
"3","EU","Other base metals",456,2974.52,666,4622.37,1079,5659.87,334,2540.18,871,5349.82,291,2860.44,724,6299.86,605,4147.16,1189,6048.37,491,4080.11,719,4258.08,761,5189.14,8186,54030.2,"2024"
"3","EU","Chemicals",0,35445.19,0,75201.58,0,18573.07,0,17831.86,NA,81071.11,NA,35397.37,NA,57415.26,0,35247.64,0,37799.85,0,14963.22,0,27444.92,NA,44479.57,NA,480871.06,"2024"
"3","EU","Fishery products",0,2562.44,0,1269.19,0,1672.31,0,1212.9,NA,2228.48,NA,1706.77,NA,1536.87,0,2135.91,0,1258.81,0,1903.14,0,1421.99,NA,1865.85,NA,20774.81,"2024"
"3","EU","Domestic electrical appliances and parts",0,1000.4,0,587.51,0,920.56,0,1560.79,NA,1410.9,NA,710.77,NA,521.56,0,1411.02,0,2470.39,0,1516.31,0,1559.41,NA,1024.27,NA,14693.98,"2024"
"3","EU","Paper",4822,5338.3,6351,6997.5,4446,5234.4,3860,4560.79,5101,6725.97,6631,6960.33,8680,9418.16,4643,7869.89,4116,7105.64,6631,7585.53,4726,6178.23,7073,8990.36,67080,82965.37,"2024"
"3","EU","Wood and wooden products",0,12143.63,0,9980.32,0,11757.92,0,20503.55,NA,16816.57,NA,20109.24,NA,32080.07,0,30552.08,0,24770.72,0,14997.4,0,12836.05,NA,16048.7,NA,222596.59,"2024"
"3","EU","Pharmaceutical products",0,154192.63,0,116155.47,0,169113.75,0,226629.08,NA,206328.38,NA,192547.24,NA,201223.45,0,197885.99,0,196433.6,0,232860.77,0,176012.39,NA,222190.14,NA,2291573.58,"2024"
"3","EU","Electrical wire and cable",0,1965.34,0,1823.9,0,2158.6,0,2225.04,NA,2306.24,NA,1535.16,NA,2430.24,0,2610.53,0,2206.74,0,2647.79,0,2427.45,NA,1679.34,NA,26016.51,"2024"
"3","EU","Other preparations for foodstuff",0,6986.75,0,5693.08,0,7716.69,0,11311.72,NA,7165.42,NA,9494.93,NA,10513.29,0,8451.86,0,11821,0,8181.08,0,8615.96,NA,10870.95,NA,106823.11,"2024"
"3","EU","Plastic materials",3522,13142.53,4125,15034.24,4471,18222.4,6010,23015.66,6797,25022.53,6114,20362.17,7052,24240.52,4989,19478.95,5574,20562.62,6408,20844.5,4826,18608.37,5223,17675.72,65111,236210.51,"2024"
"3","EU","Aromatic substance, cosmetic and cleaning preparations",0,7875.47,0,7850.7,0,11805.38,0,14084.99,NA,10518.68,NA,13502.18,NA,12124.42,0,11842.06,0,12531.93,0,11097.9,0,12826.27,NA,12974.67,NA,139034.9,"2024"
"3","EU","Rubber",474,1577.59,536,1410.46,608,1730.61,257,1029.54,320,1192.77,816,2337.87,856,2045.28,961,2436.24,838,2342.58,1038,2675.8,648,1938.88,740,1872.13,8092,22589.93,"2024"
"3","EU","Sweets, cookies and cereal preparations",0,804.1,0,568.52,0,652.82,0,469.86,NA,1130.75,NA,1094.29,NA,1043.73,0,1163.7,0,1643.85,0,2196.81,0,2260.72,NA,1549.63,NA,14578.91,"2024"
"3","EU","Phones all of kinds and their parts",0,0,0,0,0,0,0,14.85,NA,0,NA,0,NA,45.81,0,0,0,0.04,0,2.21,0,0.33,NA,0,NA,63.26,"2024"
"3","EU","Precious stones, precious metals and their products",0,9464.45,0,5824.12,0,4778.61,0,9299.61,NA,12975.08,NA,8126.48,NA,9486.77,0,5321.07,0,9764.78,0,8604.02,0,10804.59,NA,6356.23,NA,100805.94,"2024"
"3","EU","Motor vehicles, assembled",66,4413.92,15,1017.12,25,1836.04,14,575.41,14,809.8,15,816.21,35,3523.98,8,543.85,1,41.29,41,2813.92,25,2280.81,8,620,267,19292.4,"2024"
"3","ASEAN",NA,0,3623275.73,NA,3165474.53,NA,4441357.51,NA,3886789.5,NA,3875685.28,NA,3506133.35,NA,3896428.58,NA,3885365.66,NA,3730962.18,NA,4282201.74,NA,4180916.68,NA,4581711.14,NA,47056302.3,"2024"
"3","ASEAN","Fibres, not spun",14385,22003.15,8852,14374.98,12140,17997.41,13536,21191.48,13659,22593,12005,21117.48,15411,25661.07,15446,26310.62,13603,21896.53,15133,24100.56,14036,22059.98,12313,19691.1,160519,258997.52,"2024"
"3","ASEAN","Petroleum oil, refined",508072,401362.63,453482,376470.8,607576,523183.69,622872,542493.75,459469,362764.18,355661,275565.42,429822,346107.83,266891,201184.76,304728,210266,613155,435643.54,476511,342985.25,751092,558242.74,5849331,4576270.76,"2024"
"3","ASEAN","Textile fibrics",0,38591.3,0,31539.08,0,44555.16,0,42694.02,NA,43273.47,NA,39578.33,NA,46648.68,0,46532.27,0,43854.03,0,48566.09,0,40934.16,NA,43065.55,NA,509832.38,"2024"
"3","ASEAN","Insecticides and materials",0,9602.56,0,9184.07,0,12539.03,0,9840.43,NA,22644.33,NA,15657.02,NA,15512.67,0,19415.14,0,11183.88,0,21740.78,0,16524.21,NA,14445.67,NA,178289.96,"2024"
"3","ASEAN","Animal fodder and materials",0,30704.71,0,21306.58,0,32808.39,0,25162.21,NA,28463.42,NA,23765.82,NA,36867.65,0,30824.16,0,32271.21,0,26066.14,0,24318.44,NA,29491.81,NA,342050.81,"2024"
"3","ASEAN","Glass and glassware",0,17958.38,0,10806.06,0,14647.66,0,12544.81,NA,19822.7,NA,19368.36,NA,20643.91,0,18144.37,0,15392.75,0,12985.73,0,16145.1,NA,24840.27,NA,203300.23,"2024"
"3","ASEAN","Coal",1653467,143932.41,1584179,157083.05,2134104,203332.18,3285773,297894.08,3706749,335557.43,3118126,296637.78,2176522,194797.54,1659982,144734.81,1950287,159690.54,2594484,215083.33,2558470,230740.47,2933980,250678.54,29356123,2630162.25,"2024"
"3","ASEAN","Iron, Steel",76130,112234.76,54550,72933.22,64256,94594.21,57615,94967.4,77450,125903.66,49187,88768.52,70551,123918.11,66232,115923.27,71596,117015.5,126120,155770.58,106407,138765.69,102165,122864.65,922259,1363659.81,"2024"
"3","ASEAN","Articles of iron and steel",0,31652.55,0,13137.55,0,15548.61,0,16800.46,NA,21256.92,NA,19296.22,NA,22213.56,0,21012.72,0,17583.13,0,22569.93,0,23184.29,NA,21601.18,NA,245857.35,"2024"
"3","ASEAN","Other base metal products",0,7009.39,0,7628.94,0,9867.19,0,8192.7,NA,13024.76,NA,10159.72,NA,8424.87,0,9328.69,0,8702.87,0,8761.42,0,7916.75,NA,9071.34,NA,108088.86,"2024"
"3","ASEAN","Paper products",0,8693.13,0,7942.5,0,8281.07,0,10137.01,NA,9909.05,NA,10342.82,NA,15158.38,0,12576.8,0,13088.51,0,13556.72,0,11797.94,NA,12247.87,NA,133732.01,"2024"
"3","ASEAN","Articles of plastics",0,36529.16,0,31239.49,0,37331.82,0,33993.73,NA,38060.17,NA,32453.71,NA,40756.54,0,37205.96,0,37155.72,0,39465.46,0,37911.54,NA,37163.93,NA,439267.53,"2024"
"3","ASEAN","Articles of rubber",0,11661.15,0,10053.42,0,11155.03,0,12902.81,NA,10939.8,NA,12611.5,NA,13735.8,0,14531.06,0,11390.72,0,14031.5,0,15724.53,NA,16036.27,NA,154773.85,"2024"
"3","ASEAN","Other petroleum products",0,54869.69,0,30872.49,0,38622.89,0,46097.45,NA,38683.02,NA,34043.96,NA,40514.6,0,45350.59,0,39336.04,0,45473.02,0,35083.78,NA,63411.08,NA,512358.82,"2024"
"3","ASEAN","Chemical products",0,91082.88,0,56288.8,0,73669.64,0,75003.25,NA,89912.16,NA,82364.38,NA,96416.47,0,90193.62,0,83542.63,0,97223.62,0,88323.69,NA,89651.28,NA,1013672.67,"2024"
"3","ASEAN","Dairy products",0,9675.87,0,12008.63,0,9282.37,0,15679.02,NA,18270.9,NA,12110.4,NA,14944.13,0,18214.6,0,15440.48,0,14442.81,0,15097.16,NA,14574.38,NA,169740.91,"2024"
"3","ASEAN","Ores and other minerals",322140,14746.91,193388,12283.28,301972,17544.41,585391,47931.48,335553,21425.93,369688,19413.12,347073,22567.01,260272,17686.61,226212,9980.55,209963,13183.96,366070,24856.92,301241,25072.72,3818963,246693.14,"2024"
"3","ASEAN","Waste iron and steel",15381,6187.44,24076,10236.61,21592,8789.67,14140,5781.96,8044,3241.95,11836,4566.17,5800,2220.72,6315,2501.25,4470,1685.97,17209,6326.17,17263,6357.1,19690,7400.76,165816,65295.85,"2024"
"3","ASEAN","Other means of transort and equipments",0,100.13,0,756.09,0,640.53,0,161.43,NA,138.99,NA,37.92,NA,60.51,0,73.73,0,249.83,0,527.32,0,68.88,NA,85,NA,2900.42,"2024"
"3","ASEAN","Fertilizers",42284.92,13575.34,33602.48,10471.7,52093.29,16567.14,35520.3,11321.13,54947.1,15569.38,86753.13,26081.28,61588.56,18085.57,35455.18,9795.18,55405,15672.65,61974,17248.45,37184,11954.69,45610,12355.88,602418,178698.57,"2024"
"3","ASEAN","Auxiliary materials for cigarettes",0,459.53,0,728.94,0,1078.88,0,2152.52,NA,16215.3,NA,22619.18,NA,24543.78,0,17119.84,0,3882.69,0,1525.67,0,2493.05,NA,20249.94,NA,113069.52,"2024"
"3","ASEAN","Auxiliary materials for textile, garment, leather, footwear",0,30991.16,0,28627.9,0,36194.02,0,49093.46,NA,44680.59,NA,37171.48,NA,41956.89,0,38714.24,0,38367.8,0,39019.02,0,44893.99,NA,46501.37,NA,476212.15,"2024"
"3","ASEAN","Auxiliary materials for medicaments",0,367.84,0,99.52,0,721.71,0,361.24,NA,198.67,NA,409.09,NA,161.36,0,439.76,0,722.65,0,201.14,0,671.01,NA,319.46,NA,4673.51,"2024"
"3","ASEAN","Maize",32785,9445.94,16079,4884.52,18376,6428.22,6721,4768.95,3693,3533.18,303,1308.39,43,374.29,51,292.73,113,229.9,4323,1329.98,7503,2912.9,16659,4432.46,106649,39941.54,"2024"
"3","ASEAN","Computers, electronical products and parts",0,503931.9,0,401706.37,0,487928.92,0,429106.48,NA,473405.73,NA,384260.23,NA,499727.89,0,573593.14,0,504307.83,0,579139.15,0,547267.18,NA,590535.82,NA,5974910.95,"2024"
"3","ASEAN","Other Machinery, instrument, accessory",0,181050.47,0,150443.8,0,189684.44,0,185522.46,NA,193928.08,NA,194145.14,NA,262290.96,0,233884.58,0,232706.72,0,233031.39,0,214057.92,NA,243247.72,NA,2513994.02,"2024"
"3","ASEAN","Cameras and their parts",0,1179.52,0,1216.64,0,1565.97,0,2032.93,NA,1892.35,NA,2842.64,NA,3012.68,0,4963.67,0,8288.12,0,7298.78,0,6517.79,NA,6644.45,NA,47455.58,"2024"
"3","ASEAN","Parts and accessories for motor",0,75280.7,0,69034.91,0,77750.12,0,81945.22,NA,76521.07,NA,81077.21,NA,95910.85,0,95100.12,0,99071.3,0,120657.17,0,93851.55,NA,109002.16,NA,1075202.59,"2024"
"3","ASEAN","Other base metals",40425,192246.09,27880,138929.59,41957,180977.46,43092,188243.52,38806,211714.73,35501,198959.64,35172,191625.48,32441,160572.47,32264,145392.84,37053,201605.85,33371,181870.77,37991,200718.94,435953,2192857.68,"2024"
"3","ASEAN","Liquefied Petroleum Gas",29591,21907.6,68872,46428.75,37778,29605.9,88906,48632.34,76645,42515.99,19455,13759.75,14511,10333.27,16588,11746.77,11822,8849.21,19410,14571.79,14452,10949.46,20960,15823.75,418990,275124.69,"2024"
"3","ASEAN","Chemicals",0,119313.35,0,83457.39,0,119821.14,0,127492.38,NA,109552.97,NA,122682.49,NA,116652.85,0,131089.44,0,128775.14,0,122449.38,0,92273.27,NA,105208.85,NA,1378768.9,"2024"
"3","ASEAN","Cashew nut",10378,12648.25,75375,102580.29,390069,493314.95,231374,291652.36,63260,83274.87,23379,34300.36,8112,13039.23,11367,18271.84,12286,20484.23,10119,17551.28,14390,25884.97,16420,28874.98,866529,1141877.71,"2024"
"3","ASEAN","Fishery products",0,49733,0,23303.74,0,29927.09,0,19717.53,NA,28960.38,NA,24272.33,NA,35731.44,0,36052.42,0,38030.15,0,36338.56,0,41575.01,NA,57092.42,NA,420734.35,"2024"
"3","ASEAN","Fresh and pocessed vegetables and fruit",0,22565.8,0,17808.06,0,22819.73,0,21373.26,NA,21692.89,NA,18378.78,NA,23596.11,0,22142.62,0,18053.6,0,20110.54,0,17141.23,NA,23517.12,NA,249199.97,"2024"
"3","ASEAN","Domestic electrical appliances and parts",0,95804.49,0,123053.53,0,149346.04,0,138274.89,NA,134488.2,NA,101659.94,NA,74102.1,0,57268.94,0,57875.31,0,62479.12,0,60732.23,NA,88855.88,NA,1143940.82,"2024"
"3","ASEAN","Paper",57788,50124.53,33792,30037.33,53617,45634.07,58182,49201.06,59935,48492.16,59010,46478.08,65628,51269.42,74418,54386.92,79317,55736.97,81880,60181.11,79772,59949.34,77102,55105.51,780441,606596.77,"2024"
"3","ASEAN","Wood and wooden products",0,29949.39,0,15058.29,0,26971.12,0,28700.06,NA,28768.47,NA,22374.72,NA,24895.08,0,28729.96,0,22212.97,0,26459.69,0,24029.34,NA,25617.92,NA,303767.27,"2024"
"3","ASEAN","Pharmaceutical products",0,11638.2,0,6486.78,0,17248.66,0,7426.16,NA,16813.78,NA,9861.85,NA,10624.13,0,11112.92,0,13686.36,0,13757.47,0,8847.27,NA,25279.19,NA,152783.02,"2024"
"3","ASEAN","Vegetable oil and fat",0,69984.65,0,55853.37,0,96507.7,0,117606.7,NA,72088.6,NA,85785.51,NA,100533.72,0,131367.33,0,127356.89,0,146976.83,0,124732.6,NA,129982.32,NA,1258776.44,"2024"
"3","ASEAN","Crude oil",0,0,79645,54386.85,2376,1187.92,0,0,NA,0,NA,0,NA,0,0,0,80918,49810.6,0,0,0,0,NA,0,162939,105385.38,"2024"
"3","ASEAN","Electrical wire and cable",0,28666.38,0,22493.19,0,26448.21,0,26336.03,NA,28762.94,NA,25329.92,NA,31355.55,0,30272.13,0,25643.43,0,32717.28,0,29656.28,NA,35330.68,NA,343012.28,"2024"
"3","ASEAN","Other preparations for foodstuff",0,30999.25,0,36456.04,0,36116.96,0,42535.71,NA,50451.78,NA,35789.18,NA,55874.42,0,47636.9,0,51720.25,0,47892.11,0,47912.79,NA,47741.39,NA,531127.04,"2024"
"3","ASEAN","Plastic materials",96221,122998.04,65175,83339.09,94026,122735.22,99096,128179.86,107682,137838.51,91225,120560.5,104282,138223.54,119857,154443.26,121951,139886.68,124710,170958.31,106364,149097.71,124204,159974.45,1254793,1628235.45,"2024"
"3","ASEAN","Aromatic substance, cosmetic and cleaning preparations",0,49155.84,0,48263.21,0,53836.04,0,54886.79,NA,59283.8,NA,59721.84,NA,55766.54,0,65829.58,0,56149.43,0,57662.81,0,58958.87,NA,56394.95,NA,675909.92,"2024"
"3","ASEAN","Rubber",133509,146913.86,61972,71206.69,45621,63090.28,41245,59075.66,73177,95451.63,99480,135545.7,106915,146641.32,126491,165237.77,100612,143190.68,120879,185225.6,135230,205682.83,159711,239334,1204842,1656596.33,"2024"
"3","ASEAN","Cotton",412,672.85,1102,1412.05,1168,1635.96,446,588.09,1224,1605.53,1091,1399.45,924,1252.07,1046,1326.85,781,994.7,1392,1600.62,1448,1808.32,1454,1850.3,12488,16146.84,"2024"
"3","ASEAN","Sweets, cookies and cereal preparations",0,18840.61,0,13727.9,0,15350.34,0,16370.91,NA,19209.49,NA,19669.45,NA,24319.99,0,26348.84,0,32319.65,0,36887.8,0,33290.91,NA,31114.92,NA,287451.04,"2024"
"3","ASEAN","Soybeans",742,543.71,332,226.93,1319,952.59,522,382.02,407,286.15,376,278.48,50,36.5,430,314.7,184,136.27,965,728.29,10169,7477.75,2007,1449.68,17503,12813.08,"2024"
"3","ASEAN","Precious stones, precious metals and their products",0,3790.37,0,1348.98,0,2961.18,0,1443.44,NA,5121.31,NA,3402.71,NA,3731.04,0,3599.93,0,4172.42,0,2935,0,4931.69,NA,9195.99,NA,46634.12,"2024"
"3","ASEAN","Motor vehicles, assembled",4505,71080.25,8229,141264.99,12448,205090.3,8124,135836.91,11422,184175.5,11805,204524.46,14224,243949.64,12154,212952.95,15623,270588.04,13640,232826.3,13014,225838.45,9309,149571.79,134497,2277699.67,"2024"
"3","United States",NA,0,1235390.46,0,966170.06,0,1183391.69,0,1193918.08,NA,1309741.31,NA,1228443.69,NA,1339796.22,0,1284285.55,0,1244795.09,0,1305141.3,0,1276598.47,NA,1534997.25,NA,15102669.21,"2024"
"3","United States","Textile fibrics",0,3017.28,0,2069.3,0,3600.5,0,4421.76,NA,3768.59,NA,3133.63,NA,4367.37,0,3750.68,0,4030.3,0,4716.44,0,5257.84,NA,3713.18,NA,45846.93,"2024"
"3","United States","Insecticides and materials",0,409.84,0,280.1,0,835.93,0,938.37,NA,1663.36,NA,1839.23,NA,2091.35,0,964.16,0,1103.65,0,964.93,0,2107.7,NA,1276.91,NA,14475.6,"2024"
"3","United States","Animal fodder and materials",0,74553.21,0,90675.74,0,122584.27,0,142534.18,NA,68491.58,NA,84750.09,NA,68687.49,0,64133.33,0,44200.58,0,42131.78,0,84101.76,NA,129175.6,NA,1016019.67,"2024"
"3","United States","Glass and glassware",0,455.71,0,667.8,0,592.3,0,1185.31,NA,1329.71,NA,873.97,NA,1510.24,0,1146.85,0,1018.06,0,592.16,0,448.6,NA,796.5,NA,10617.25,"2024"
"3","United States","Iron, Steel",386,913.01,1262,967.6,380,2700.78,346,550.12,260,1332.68,335,1156.62,496,2460.08,440,1076.85,1145,1534.38,542,3026.05,521,1381.38,557,1055.48,6670,18155.07,"2024"
"3","United States","Articles of iron and steel",0,6726.07,0,5059.37,0,5899.51,0,5477.94,NA,7107.64,NA,7378.85,NA,7637.24,0,7502.92,0,8219.92,0,8007.71,0,8064.36,NA,10345.31,NA,87426.88,"2024"
"3","United States","Other base metal products",0,2392.06,0,2063.57,0,2439,0,2567.18,NA,1966.58,NA,2430.64,NA,2042.86,0,2584.81,0,2583.25,0,2518.34,0,2789.71,NA,2290.23,NA,28668.26,"2024"
"3","United States","Paper products",0,469.54,0,396.69,0,844.49,0,799.15,NA,1601.32,NA,4653.87,NA,4908.9,0,2032.79,0,881.62,0,1240.47,0,1193.87,NA,1082.68,NA,20105.43,"2024"
"3","United States","Articles of plastics",0,14501.96,0,11110.45,0,15999.47,0,15862.74,NA,14961.61,NA,22463.51,NA,22798.89,0,19090.5,0,16036.52,0,17560.48,0,17395.97,NA,17914.37,NA,205696.52,"2024"
"3","United States","Articles of rubber",0,2070.87,0,1843.29,0,2155.81,0,1938.66,NA,2147.7,NA,2090.68,NA,2308.32,0,2040.48,0,1907.39,0,1957.91,0,2421.04,NA,2338.07,NA,25220.27,"2024"
"3","United States","Other petroleum products",0,1738.68,0,1221.13,0,2041.41,0,2639.49,NA,1653.22,NA,2621.46,NA,1575.2,0,5298.82,0,3365.35,0,4044,0,1835.8,NA,2397.07,NA,30431.67,"2024"
"3","United States","Chemical products",0,30397.12,0,25436.09,0,30116.83,0,27972.25,NA,30693.18,NA,34274.28,NA,34024.25,0,31416.02,0,29256.92,0,30965.75,0,39314.29,NA,38020.35,NA,381887.38,"2024"
"3","United States","Dairy products",0,13180.33,0,5746.14,0,17068.73,0,18873.7,NA,7219.74,NA,7022.67,NA,10054.38,0,12005.29,0,7860.85,0,8891.46,0,7976.55,NA,8580.79,NA,124480.67,"2024"
"3","United States","Ores and other minerals",777,1556.78,2583,1705.05,2486,2458.33,477,1411.74,2407,1937.51,989,1908.41,1192,1893.55,2507,4649.44,1213,2024.47,1018,1595.12,386,881.36,894,1239.12,16929,23260.91,"2024"
"3","United States","Waste iron and steel",29352,11045.43,25058,9629.34,39358,15135.63,50629,19121.27,46506,17033.2,55829,20208.05,46017,16401.23,42510,15000.97,38133,13289,42894,14315.89,42365,13753.25,47150,15397.03,505801,180330.35,"2024"
"3","United States","Other means of transort and equipments",0,21433.52,0,38414.99,0,17984.8,0,23466.5,NA,25422.01,NA,77184.61,NA,60075.86,0,23983.25,0,20796.43,0,47866.13,0,52642.26,NA,97448.73,NA,506719.14,"2024"
"3","United States","Fertilizers",1077,1507.02,627,474.07,703,682.41,248,280.98,1104,726.36,547,806.56,1175,1816.24,895,938.65,575,1114.24,311,560.67,977,1026.03,475,1055.57,8714,10988.85,"2024"
"3","United States","Auxiliary materials for tobacco",0,671.2,0,100.62,0,265.84,0,4133.8,NA,1672.97,NA,12043.23,NA,13611.09,0,1707.56,0,1140.1,0,1047.95,0,3553.77,NA,1908.65,NA,41856.83,"2024"
"3","United States","Auxiliary materials for textile, garment, leather, footwear",0,33342.36,0,31701.51,0,35460.81,0,39503.48,NA,44439.87,NA,36321.66,NA,40663.82,0,39399.96,0,46782.83,0,39918.02,0,41906.64,NA,39869.07,NA,469310.08,"2024"
"3","United States","Computers, electronical products and parts",0,313913.32,0,323513.53,0,314262.59,0,243876.02,NA,282161.3,NA,424128.9,NA,377038.32,0,439237.51,0,500038.58,0,454950.92,0,355574.27,NA,307582.13,NA,4336277.43,"2024"
"3","United States","Other Machinery, instrument, accessory",0,70156.19,0,64479.1,0,93531.07,0,112329.37,NA,86377.77,NA,87839.74,NA,104463.12,0,97338.21,0,82167.52,0,93942.17,0,95539.41,NA,111835.35,NA,1099999.05,"2024"
"3","United States","Cameras and their parts",0,464.67,0,731.95,0,635.73,0,662.02,NA,2591.85,NA,688.21,NA,618.12,0,867.19,0,646.29,0,2987.58,0,1373.69,NA,1416.09,NA,13683.43,"2024"
"3","United States","Wheat",48397,16180.71,3493,1274.39,55107,17785.55,42446,13824.59,73539,24622.58,3176,856.95,31066,9670.57,1513,467.52,119399,36356.37,68224,17230.03,35381,10644.74,3154,888.67,484895,149802.71,"2024"
"3","United States","Parts and accessories for motor",0,2720.14,0,3947.13,0,3812.67,0,7682.76,NA,3892.36,NA,4715.77,NA,4323.22,0,3940.7,0,5407.11,0,2080.7,0,6304.1,NA,2892.05,NA,51718.76,"2024"
"3","United States","Other base metals",560,6822.25,529,3736.33,358,4574.74,203,4590.25,590,5489.01,243,5505.26,269,5683.35,1052,7329.81,199,4931.46,233,6439.68,417,5481.97,519,7005.81,5172,67589.95,"2024"
"3","United States","Chemicals",0,52921.65,0,49583.67,0,73439.08,0,77887.17,NA,84542.36,NA,27141.1,NA,50868.97,0,48793.82,0,36491.67,0,55099.81,0,50167.27,NA,30608.16,NA,637544.79,"2024"
"3","United States","Fishery products",0,4555.92,0,2575.81,0,5151.19,0,5580.9,NA,2883.29,NA,5836.07,NA,4175.57,0,3190.22,0,9941.17,0,12148.68,0,5284.36,NA,7034.9,NA,68358.14,"2024"
"3","United States","Fresh and pocessed vegetables and fruit",0,52407.79,0,19211.22,0,31473.14,0,27812.18,NA,35138.76,NA,42021.21,NA,32580.17,0,35473.39,0,28682.99,0,30311.35,0,85105.92,NA,123728.6,NA,543946.78,"2024"
"3","United States","Paper",732,1314.31,474,680.59,256,776,390,726.15,1591,2095.85,1433,1544.74,625,1154.64,1138,2327.8,1487,2778.28,626,1575.47,604,1125.5,561,1147.27,9917,17246.64,"2024"
"3","United States","Wood and wooden products",0,20903.7,0,12545.54,0,31778.31,0,24287.73,NA,27738.97,NA,29772.76,NA,33238.92,0,28034.49,0,31641.56,0,28645.57,0,27551.92,NA,27555.6,NA,323695.13,"2024"
"3","United States","Pharmaceutical products",0,48519.07,0,49733.89,0,26984.86,0,30545.31,NA,20139.88,NA,28463.42,NA,51772.05,0,38806.22,0,38074.27,0,55046.75,0,23425.71,NA,101023.21,NA,512534.68,"2024"
"3","United States","Vegetable oil and fat",0,313.88,0,214.84,0,761.5,0,169.35,NA,505.26,NA,290.79,NA,431.12,0,565.68,0,66.68,0,347.15,0,345.71,NA,315.85,NA,4327.87,"2024"
"3","United States","Electrical wire and cable",0,2190.65,0,1253.43,0,1779.62,0,2329.34,NA,2751.4,NA,3003.83,NA,2753.91,0,3118.05,0,2206.59,0,3747.39,0,2543.26,NA,2241.57,NA,29919.08,"2024"
"3","United States","Other preparations for foodstuff",0,20753.1,0,11997.17,0,21233.16,0,27198.41,NA,19661.68,NA,25186.78,NA,31989.49,0,27354.7,0,30015.3,0,26566.56,0,18250.98,NA,21694.14,NA,281901.52,"2024"
"3","United States","Plastic materials",47763,54251.57,34609,43717.73,64768,79980.36,53144,65465.27,53105,74442.07,38495,56816.94,42862,62935.32,53303,76674.15,49226,71688.52,42046,61965.28,45382,63315.34,61465,72419.05,586168,783671.64,"2024"
"3","United States","Aromatic substance, cosmetic and cleaning preparations",0,6513.77,0,6458.75,0,7506.92,0,13583.57,NA,8505.66,NA,7889.95,NA,8844.34,0,10487.29,0,7977.24,0,7828.72,0,6696.17,NA,7784.84,NA,100077.24,"2024"
"3","United States","Rubber",1361,3065.29,900,2145.64,1194,2463.13,1685,3674.93,2188,4937.88,1554,3721.78,731,2177.17,1249,3198.76,1235,3142.67,821,2438.71,913,2704.42,1533,3851.76,15364,37522.19,"2024"
"3","United States","Cotton",19217,40601.75,27093,55664.51,37194,74519.51,53886,114229.72,54507,117755.28,18688,42881.75,19196,40686.74,30811,61495.44,25585,49177.6,16493,31614.59,13258,23651.83,15962,28664.18,331890,680942.96,"2024"
"3","United States","Sweets, cookies and cereal preparations",0,315.96,0,480.22,0,822.95,0,830.35,NA,763.1,NA,1026.51,NA,1858,0,763.06,0,2247.57,0,1004.12,0,10032.54,NA,4123.65,NA,24268.09,"2024"
"3","United States","Phones all of kinds and their parts",0,26.14,0,40.29,0,88.31,0,21.53,NA,41.87,NA,106.45,NA,174.98,0,55.08,0,260.87,0,47.46,0,25.62,NA,40.45,NA,929.09,"2024"
"3","United States","Soybeans",129210,73531.32,46696,25968.65,57343,31298,57108,30044.11,50578,26223.35,40256,20803.45,42626,21834.64,45765,23284.37,45770,22787.92,53431,25840.45,144648,68318.78,203805,94398.71,917236,464333.81,"2024"
"3","United States","Precious stones, precious metals and their products",0,2286.63,0,1500.61,0,2043.43,0,2841.25,NA,1446.13,NA,2978.28,NA,1394.42,0,2940.81,0,2057.77,0,1896.72,0,2844.31,NA,2783.35,NA,27013.76,"2024"
"3","United States","Motor vehicles, assembled",8,489.32,163,5365.69,64,1914.3,2,65.87,139,4485.08,54,2043.7,76,2719.92,7,605.37,1,325.13,132,5295.11,0,0,8,225.25,654,23534.79,"2024"
"3","Korea",NA,0,4188322.61,0,3779252.39,0,4585886.45,0,4393864.99,NA,4874240.96,NA,4957194.56,NA,5097840.44,0,4924409.29,0,4651462.32,0,4899196.36,0,4783939.83,NA,4790260.77,NA,55925871.03,"2024"
"3","Korea","Fibres, not spun",4281,10670.64,2114,7291.16,2727,9793.09,3445,11750.26,3374,12985.84,2884,10630.99,3293,11554.68,2639,9965.32,2230,7116.35,3284,9962.44,2265,8637.59,2834,9881.45,35370,120239.86,"2024"
"3","Korea","Petroleum oil, refined",162589,127101.51,169166,136841.87,350733,279431.45,379243,298687.5,347641,257737.53,317538,233248.66,199640,153494.41,253679,177509.12,233027,147857.88,230168,152459.04,241837,162073.57,307640,206844.02,3192901,2333286.61,"2024"
"3","Korea","Textile fibrics",0,128252.89,0,92783.87,0,125230.97,0,129470.77,NA,142485.33,NA,143720.17,NA,123781.93,0,113249.07,0,114397.83,0,121946.14,0,138337.21,NA,143753.44,NA,1517409.68,"2024"
"3","Korea","Insecticides and materials",0,2139.09,0,4708.15,0,661.96,0,8096.6,NA,9233.78,NA,5454.59,NA,2620.19,0,8787.48,0,5201.86,0,4129.04,0,3360.78,NA,6531.19,NA,60924.74,"2024"
"3","Korea","Animal fodder and materials",0,2811.27,0,2135.06,0,16430.84,0,4172.67,NA,6009.71,NA,6055.64,NA,6302.98,0,5775.57,0,7234.7,0,4889.6,0,4665.88,NA,5896.55,NA,72380.54,"2024"
"3","Korea","Glass and glassware",0,13456.97,0,8229.34,0,9994.32,0,7219.6,NA,8555.81,NA,7387.71,NA,7543.39,0,7118.72,0,5156.01,0,7458.21,0,6649.97,NA,5935.3,NA,94705.4,"2024"
"3","Korea","Iron, Steel",95541,91583.53,81650,76489.12,102224,95354.59,107142,102279.33,96884,95176.8,85068,79926.83,107004,93698.51,111182,98100.23,123049,103426.34,143897,130971.22,179927,139687.23,190275,152130.38,1423843,1258824.14,"2024"
"3","Korea","Articles of iron and steel",0,55162.62,0,51049.93,0,55507.8,0,55726.96,NA,60887.06,NA,59419.47,NA,62452.89,0,55733.03,0,55260.76,0,58553.4,0,62471.07,NA,65799.01,NA,698024.07,"2024"
"3","Korea","Other base metal products",0,18016.75,0,13680.5,0,20999.02,0,16419.23,NA,18153.58,NA,14542.94,NA,17524.39,0,16604.52,0,13794.68,0,16605.3,0,16530.22,NA,18264.32,NA,201135.49,"2024"
"3","Korea","Paper products",0,6118.76,0,3828.67,0,4595.91,0,4343.55,NA,5143.81,NA,5006.52,NA,5204.56,0,4090.39,0,4128.72,0,4652.21,0,5509.27,NA,5525.26,NA,58147.67,"2024"
"3","Korea","Articles of plastics",0,127999.61,0,112787.23,0,120895.75,0,132846.63,NA,148604.96,NA,137227.11,NA,142582.39,0,126786.42,0,106778.07,0,119667.3,0,121573.7,NA,125635.43,NA,1523384.64,"2024"
"3","Korea","Articles of rubber",0,9380.13,0,7924.17,0,9842.83,0,9488.55,NA,10661.09,NA,9704.68,NA,10479.33,0,10993.38,0,9306.59,0,10549.26,0,9936.6,NA,10749.25,NA,119015.91,"2024"
"3","Korea","Other petroleum products",0,20294.16,0,16234.74,0,29208.95,0,53243.41,NA,24912.38,NA,21013.03,NA,25283.99,0,27447.02,0,21938.82,0,29381.85,0,23648.18,NA,29671.25,NA,322277.84,"2024"
"3","Korea","Chemical products",0,77540.24,0,64852.52,0,73959.4,0,74523.86,NA,85313.47,NA,73414.3,NA,85439.94,0,83107.44,0,70164.33,0,81474.77,0,75372.3,NA,80403.87,NA,925566.49,"2024"
"3","Korea","Dairy products",0,1342.8,0,923.79,0,1242.72,0,1565.09,NA,1830.59,NA,1728.27,NA,1833.64,0,2043.13,0,2038.2,0,2643.78,0,2025.82,NA,2100.52,NA,21318.41,"2024"
"3","Korea","Ores and other minerals",7535,1172.48,1616,936.44,2683,778.36,4249,735.47,5826,1476.75,4185,932.43,3643,1273.1,1215,599.17,2686,962.64,4692,2560.5,6863,1585.66,4024,2405.86,49217,15418.91,"2024"
"3","Korea","Other means of transort and equipments",0,19833.76,0,6486.29,0,12541.71,0,6992.87,NA,4617.29,NA,4451.9,NA,6624.91,0,10841.2,0,6590.97,0,4796.03,0,6892.99,NA,902.57,NA,91572.55,"2024"
"3","Korea","Fertilizers",12798.91,7063.55,5628.24,3034.12,7078.6,3483.32,56880.88,16647.43,9462,3637.93,17461.23,8791.33,14723.46,5463.53,14712.5,5086.33,7695.15,2228.52,34370,13112.49,17898,4285.56,31637,14558.02,230346,87392.18,"2024"
"3","Korea","Auxiliary materials for textile, garment, leather, footwear",0,48022.02,0,30401.64,0,33928.64,0,43457.71,NA,52956.11,NA,51208.78,NA,43707.73,0,33322.47,0,32284.2,0,37377.94,0,44890.1,NA,44400.8,NA,495958.2,"2024"
"3","Korea","Auxiliary materials for medicaments",0,491.67,0,298.43,0,108.95,0,117.92,NA,416.57,NA,100.95,NA,344.43,0,156.42,0,126.69,0,249.19,0,23.88,NA,386.16,NA,2821.31,"2024"
"3","Korea","Computers, electronical products and parts",0,2233566.38,0,2165334.47,0,2553784.07,0,2278983.86,NA,2595956.3,NA,2949237.2,NA,3011200,0,2809583.95,0,2894873.52,0,2905507.5,0,2820002.69,NA,2673776.29,NA,31891806.28,"2024"
"3","Korea","Other Machinery, instrument, accessory",0,432134.9,0,378347.33,0,456368.75,0,460795.25,NA,523465.14,NA,415500.76,NA,502769.89,0,517206.88,0,362329.32,0,406049.53,0,409884.5,NA,398270.64,NA,5263122.94,"2024"
"3","Korea","Cameras and their parts",0,1888.7,0,1130.15,0,1689.93,0,2387.34,NA,2305.51,NA,1899.97,NA,2240.36,0,1716.59,0,2796.14,0,3489.33,0,2696.58,NA,2372.57,NA,26613.21,"2024"
"3","Korea","Parts and accessories for motor",0,74964.26,0,57952.48,0,71825.76,0,89216.06,NA,99361.02,NA,89255.09,NA,81097.29,0,80739.45,0,79706.76,0,121607.76,0,117772.25,NA,91474.53,NA,1054972.77,"2024"
"3","Korea","Other base metals",37294,127356.91,27688,102741.66,31380,103122.68,31492,110742.62,44526,163526.9,33659,131387.76,35241,148011.29,39081,158167.04,31634,127686.94,33567,131586.66,26250,100821.74,32920,124300.32,404732,1529452.58,"2024"
"3","Korea","Liquefied gas",152,197.06,0,0,88,116.33,83,74.79,97,121.09,108,134.53,2151,1514.04,2090,1544.6,5960,4224.11,5929,4303.29,8167,5962.6,6224,4634.86,31049,22827.34,"2024"
"3","Korea","Chemicals",0,46523.09,0,38631.76,0,39583.45,0,54150.41,NA,42403.22,NA,43401.74,NA,42803.39,0,43902.13,0,36668.08,0,36417.01,0,36900.04,NA,45815.09,NA,507199.44,"2024"
"3","Korea","Fishery products",0,11827.99,0,6747.57,0,8872.09,0,4643.13,NA,4319,NA,8020.35,NA,3899.77,0,4728.94,0,5869.66,0,7464.17,0,7490.83,NA,10494.41,NA,84377.96,"2024"
"3","Korea","Fresh and pocessed vegetables and fruit",0,6473.12,0,3532.33,0,4141.3,0,4565.21,NA,3192.32,NA,3170.99,NA,4181.51,0,4873.87,0,4291.18,0,5275.19,0,4942.73,NA,7584.48,NA,56224.28,"2024"
"3","Korea","Domestic electrical appliances and parts",0,5267.84,0,3157.25,0,4750.78,0,5997.07,NA,5061.73,NA,6967.69,NA,6797.45,0,5276.36,0,5437.31,0,5516.18,0,6437.46,NA,7248.43,NA,67915.59,"2024"
"3","Korea","Paper",27515,23358.65,15471,14816.1,21217,18941.82,22579,19216.23,25118,20963.8,23702,20677.76,31046,25257.1,32946,27443.98,24183,21685.86,27006,22619.36,25465,21968.89,25901,23357.67,302149,260307.29,"2024"
"3","Korea","Wood and wooden products",0,417.64,0,803.44,0,560.58,0,578.71,NA,330.7,NA,811.24,NA,724.94,0,1038.38,0,1356.2,0,912.46,0,860.97,NA,1537.82,NA,9933.13,"2024"
"3","Korea","Pharmaceutical products",0,16713.57,0,11021.88,0,19209.32,0,11910.12,NA,14329.7,NA,18547.96,NA,17992.08,0,16774.28,0,15587.27,0,22533.55,0,12232.75,NA,29262.29,NA,206114.81,"2024"
"3","Korea","Vegetable oil and fat",0,664.13,0,319.39,0,415.2,0,364.1,NA,730.72,NA,321.11,NA,819.29,0,630.96,0,609.09,0,970.48,0,898.62,NA,739.13,NA,7482.27,"2024"
"3","Korea","Electrical wire and cable",0,27948.22,0,29995.13,0,29791.94,0,30515.41,NA,31441.22,NA,30744.1,NA,33799.46,0,34571.63,0,28448.14,0,33435.63,0,35218.02,NA,33372.95,NA,379281.9,"2024"
"3","Korea","Other preparations for foodstuff",0,6955.82,0,4139.38,0,5563.46,0,6329.23,NA,6362.95,NA,6749.69,NA,6600.37,0,7051.69,0,6028.33,0,6104.96,0,6142.55,NA,7585.66,NA,75614.15,"2024"
"3","Korea","Plastic materials",150857,202833.39,116124,156229.4,131445,181017.03,122795,177242.63,154971,218566.18,133875,186460.35,143422,202936.64,164110,224332.19,134650,184475.44,149770,208806.47,134297,189586.54,134478,191837.26,1670794,2324323.57,"2024"
"3","Korea","Aromatic substance, cosmetic and cleaning preparations",0,18261.75,0,12725.69,0,16581.45,0,16984.22,NA,18137.14,NA,15142.27,NA,15148.3,0,15117.43,0,14019.74,0,14827.86,0,17428.49,NA,22424.23,NA,196798.65,"2024"
"3","Korea","Rubber",13191,23194.56,13061,21466.71,15782,24363.02,12637,22874.02,15405,27377.41,13647,23604.03,14680,25085.31,19214,34635.55,15465,26495.91,18052,33150.53,13864,24487.82,14920,29102.62,179918,315837.56,"2024"
"3","Korea","Cotton",75,195.78,104,194.92,19,80.69,109,166.31,16,68.31,21,73.55,30,90.66,119,183.78,168,188.57,136,154.74,166,183.95,232,292.4,1195,1873.72,"2024"
"3","Korea","Sweets, cookies and cereal preparations",0,4714.74,0,2974.53,0,4418.79,0,4771.78,NA,5137.47,NA,3704.15,NA,4348.33,0,5143.45,0,4558.36,0,4656.1,0,5400.71,NA,5882.89,NA,55711.36,"2024"
"3","Korea","Telephones and their parts",0,40683.82,0,37186.69,0,32096.86,0,28578.99,NA,39052.38,NA,36101.33,NA,50927.05,0,40811.38,0,23332.81,0,20809.57,0,34697.06,NA,45202.78,NA,429480.78,"2024"
"3","Korea","Precious stones, precious metals and their products",0,9505.3,0,5536.55,0,5367.13,0,9729.25,NA,6708.88,NA,7577.85,NA,8851.68,0,8764.01,0,6293.7,0,8685.38,0,7686,NA,6222.21,NA,90927.98,"2024"
"3","Korea","Motor vehicles, assembled",55.89,4394.96,11.17,379.49,43.92,3262.94,1,31.69,58,2184.34,1,67.44,NA,0,11,1593.6,108,7067.58,17,839.38,24,3367.21,127,10042.4,458,33231.07,"2024"
"3","Japan",NA,0,1952249.69,0,1624943.95,0,1924223.04,0,1745812,NA,1613476.1,NA,1689288.96,NA,1884773.31,0,1893516.72,0,1673428.42,0,1940640.84,0,1651155.36,NA,1994938.34,NA,21588446.78,"2024"
"3","Japan","Fibres, not spun",940,5816.58,288,2844.23,722,5785.26,788,5969.87,750,3608.9,394,4225.75,521,5383.41,507,4837.62,291,2752.49,601,5785.02,542,5264.09,510,4823.11,6854,57096.39,"2024"
"3","Japan","Textile fibrics",0,47215.37,0,48420.47,0,63358.17,0,50823.34,NA,51289.77,NA,59860.87,NA,57145.91,0,51837.83,0,51841.33,0,66008.7,0,56718.87,NA,63236.64,NA,667757.31,"2024"
"3","Japan","Insecticides and materials",0,2948.11,0,2872.84,0,2312.46,0,3653.27,NA,2141.92,NA,3103.9,NA,2870.22,0,2725.03,0,3033.27,0,2320.4,0,2747.81,NA,3000.54,NA,33729.82,"2024"
"3","Japan","Animal fodder and materials",0,62.42,0,370.16,0,107.7,0,222.96,NA,420.09,NA,309.92,NA,156.49,0,205.04,0,432.71,0,225.19,0,558.48,NA,292.49,NA,3363.69,"2024"
"3","Japan","Glass and glassware",0,17603.92,0,12901.12,0,17564.32,0,12727.27,NA,10476.14,NA,12454.13,NA,9717.12,0,8954.41,0,9822.36,0,9090.46,0,9567.69,NA,6588.04,NA,137467.02,"2024"
"3","Japan","Coal",0,0,0,0,0,0,29,18.58,3142,797.96,NA,0,4757,1478.64,5307,1478.81,13,10.98,6,4.54,6,4.5,NA,0,13260,3794.05,"2024"
"3","Japan","Iron, Steel",135841,94439.54,143722,109056.48,143648,104864.6,153941,111960.52,184899,130802.45,137294,102609.91,200259,136936.54,244749,164716.4,181569,123667.42,173041,122086.13,220520,135279.66,270170,168345.69,2189653,1504765.38,"2024"
"3","Japan","Articles of iron and steel",0,26417.86,0,30647.9,0,41214.94,0,33386.85,NA,28204.89,NA,33519.52,NA,33334.73,0,31818.84,0,31500.39,0,36630.08,0,32336.41,NA,32713.49,NA,391725.95,"2024"
"3","Japan","Other base metal products",0,7712.76,0,8135.82,0,9084.42,0,9353.24,NA,8570.73,NA,8624.88,NA,10360.13,0,9879.53,0,9551.19,0,11082.5,0,9593.05,NA,10534.11,NA,112482.42,"2024"
"3","Japan","Paper products",0,3488.25,0,3302.7,0,3462.85,0,3756.04,NA,3879.82,NA,3455.95,NA,3957,0,3778.92,0,4110.02,0,4421,0,4001.07,NA,3951.76,NA,45565.44,"2024"
"3","Japan","Articles of plastics",0,56616.27,0,56932.86,0,60816.54,0,64348.43,NA,61007.34,NA,61436.02,NA,72093.61,0,71753.19,0,68624.07,0,92326.63,0,71716.02,NA,74452.49,NA,812123.53,"2024"
"3","Japan","Articles of rubber",0,11059.19,0,10556.98,0,11177.68,0,10560.2,NA,11490.01,NA,10841.74,NA,12026.34,0,10956.44,0,9159.9,0,12992.78,0,10809.64,NA,10997.22,NA,132628.19,"2024"
"3","Japan","Other petroleum products",0,1733.66,0,2472.06,0,2549.1,0,2435.16,NA,2884.91,NA,2751.67,NA,2318.28,0,2151.78,0,2682.82,0,5910.17,0,3099.42,NA,3071.17,NA,34060.26,"2024"
"3","Japan","Chemical products",0,49095.15,0,48403.76,0,54283.92,0,50591.38,NA,48402.17,NA,50656.31,NA,53151.17,0,52857.52,0,53652.46,0,65185.59,0,53108.35,NA,52952.47,NA,632340.3,"2024"
"3","Japan","Dairy products",0,4007.02,0,4432.18,0,5937.25,0,5228.59,NA,2699.68,NA,6583.44,NA,1375,0,5527.94,0,2203.98,0,5138.56,0,5559.26,NA,3904.94,NA,52597.89,"2024"
"3","Japan","Ores and other minerals",920,934.44,600,498.8,729,795.72,949,334.15,681,777.27,1394,782.64,965,615,781,548.67,1383,722.66,1581,1160.88,613,571.07,1171,547.23,11767,8288.58,"2024"
"3","Japan","Waste iron and steel",206852,83284.87,243590,100226.54,240128,98225.03,175197,70162.1,152046,58212.81,210377,80926.14,205255,78857.09,211083,80887.67,152676,58292.48,189639,67602.28,253314,88569.56,358424,125866.89,2598581,991113.51,"2024"
"3","Japan","Other means of transort and equipments",0,4233.29,0,2811.33,0,11383.74,0,68851.05,NA,3683.37,NA,3286.49,NA,3063.07,0,3692.85,0,15628.38,0,1899.05,0,11868.06,NA,19624.55,NA,150025.28,"2024"
"3","Japan","Fertilizers",31385,3354.27,20651,1881.18,36715,4007.87,37098,3890.03,30387,2079.41,28748,2330.43,41242,3494.25,39957,3809.95,26521,2033.97,36658,3582.97,30976,2786.62,35081,3182.85,395419,36433.84,"2024"
"3","Japan","Auxiliary materials for cigarettes",0,0,0,0,0,0,0,132.63,NA,0,NA,0,NA,0,0,132.64,0,0,0,0,0,0,NA,132.64,NA,397.92,"2024"
"3","Japan","Auxiliary materials for textile, garment, leather, footwear",0,15401.17,0,21159.05,0,26126.64,0,24611.11,NA,22752.79,NA,23776.92,NA,24165.55,0,24304.47,0,25952.78,0,26906.87,0,21464.51,NA,23214.08,NA,279836,"2024"
"3","Japan","Computers, electronical products and parts",0,857403.49,0,550887.19,0,665420.21,0,555151.15,NA,449671.73,NA,539364.76,NA,652508.02,0,549579.75,0,478113.59,0,503501.72,0,368336.75,NA,556528.39,NA,6726466.79,"2024"
"3","Japan","Other Machinery, instrument, accessory",0,311860.39,0,272714.79,0,352355.71,0,343918.64,NA,325068.5,NA,298457.17,NA,308065.59,0,330890.48,0,316152.14,0,405536.69,0,344595.53,NA,403510.48,NA,4013126.17,"2024"
"3","Japan","Cameras and their parts",0,12942.16,0,16391.78,0,20220.4,0,15469.03,NA,10614.73,NA,9936.96,NA,11534.98,0,11379.83,0,7418.35,0,6634.28,0,7970.88,NA,9106.35,NA,139619.79,"2024"
"3","Japan","Parts and accessories for motor",0,42616.6,0,33736.53,0,39469.63,0,49554.39,NA,43891.98,NA,40838.76,NA,52492.54,0,45288.93,0,59662.45,0,69456.94,0,48973.42,NA,51977.45,NA,577959.67,"2024"
"3","Japan","Other base metals",4280,43840.53,4628,33745.44,5969,30675.29,5825,41536.36,4454,36997.62,3878,32895.54,4128,36285.8,3839,29994.89,3639,29828.9,4253,39309.81,4399,36210.83,4299,36182.99,53591,427504.05,"2024"
"3","Japan","Chemicals",0,39267.99,0,40196.52,0,44055.11,0,51448.59,NA,47781.26,NA,41174.05,NA,38802.73,0,36820.72,0,39381.01,0,51243.24,0,37531.64,NA,49219.84,NA,516922.75,"2024"
"3","Japan","Fishery products",0,13890.37,0,10196.44,0,14225.54,0,1328.63,NA,14640.26,NA,29178.07,NA,18090.56,0,23436.6,0,21654.23,0,22154.31,0,20681.07,NA,22428.14,NA,211904.28,"2024"
"3","Japan","Domestic electrical appliances and parts",0,2408.77,0,1388.31,0,2827.01,0,944.85,NA,4152.75,NA,1999.81,NA,2577.18,0,2287.55,0,2552.6,0,2816.29,0,2088.01,NA,3493.98,NA,29537.16,"2024"
"3","Japan","Paper",23928,19582.92,18684,16657.28,25863,20987.51,21956,19274.76,23920,21553.7,25304,21582.36,28659,24323.08,22864,20428.16,21252,19101.64,22437,20591.14,19557,18431.02,20463,19442.36,274887,241955.95,"2024"
"3","Japan","Wood and wooden products",0,339.27,0,395.34,0,269.12,0,521.94,NA,418.45,NA,299.53,NA,334.46,0,324.63,0,369.15,0,336.18,0,384.11,NA,452.44,NA,4444.69,"2024"
"3","Japan","Pharmaceutical products",0,3904.48,0,2849.54,0,4999.64,0,4444.75,NA,4688.54,NA,7556.48,NA,4595.58,0,6273.8,0,14638.75,0,6537.42,0,5525.67,NA,11289.94,NA,77304.64,"2024"
"3","Japan","Electrical wire and cable",0,9431.7,0,9917,0,10940.49,0,11292.07,NA,10325.61,NA,12051.99,NA,11281.64,0,10874.76,0,11266.47,0,14733.08,0,12768.45,NA,14144.65,NA,139027.97,"2024"
"3","Japan","Other preparations for foodstuff",0,4304.9,0,4055.47,0,4604.75,0,5138.44,NA,3286.66,NA,4141.14,NA,4920.5,0,4413.67,0,4837.3,0,4056.5,0,5254,NA,5358.36,NA,54371.72,"2024"
"3","Japan","Plastic materials",16848,38535.24,17190,37852.53,18021,41477.29,16764,38746.97,15658,37329.21,17012,41743.19,17676,40476.13,25442,47308.11,25721,51105.07,22949,66993.18,20993,56497.82,20408,50274,234682,548338.79,"2024"
"3","Japan","Aromatic substance, cosmetic and cleaning preparations",0,4018.18,0,5220.57,0,4600.06,0,5001.81,NA,4099.05,NA,4878.09,NA,4349.26,0,4874.91,0,4255.73,0,4426.72,0,4300.6,NA,4451.87,NA,54476.89,"2024"
"3","Japan","Rubber",4264,11594.5,4447,10615.16,5249,14204.2,5572,14561.39,5796,15303.55,5234,15258.08,5067,14402.18,4664,15137.66,4555,13749.13,5050,17365.32,4653,15377.33,3561,12027.29,58112,169595.86,"2024"
"3","Japan","Telephones and their parts",0,108.1,0,56.87,0,132.16,0,910.31,NA,807.38,NA,418.71,NA,331.63,0,123.52,0,82.42,0,202.77,0,532.54,NA,165.89,NA,3872.35,"2024"
"3","Japan","Precious stones, precious metals and their products",0,3742.94,0,3257.9,0,3693.3,0,4171.97,NA,6017.78,NA,3720.57,NA,5024.28,0,4733.61,0,3565.05,0,5828.43,0,4339.54,NA,4358.34,NA,52453.76,"2024"
"3","Japan","Motor vehicles, assembled",84,7656.03,123,10059.58,237,15100.56,55,11596.93,218,8522.53,496,15016.04,209,15949.7,360,15997.11,239,12291.09,1013,32862.44,658,26751.99,211,19862.16,3903,191666.2,"2024"
"3","Australia",NA,0,729243.86,0,544149.32,0,588113.01,0,669455.12,NA,567758.78,NA,575680.72,NA,791732.41,0,768074.64,0,570603.33,0,617857.46,0,562586.26,NA,607057.43,NA,7592312.4,"2024"
"3","Australia","Animal fodder and materials",0,9755.91,0,7072.54,0,7037.66,0,7870.53,NA,7211.83,NA,5844.62,NA,3902.29,0,5959.38,0,3356.38,0,2844.29,0,4085.32,NA,5292.44,NA,70233.25,"2024"
"3","Australia","Coal",1910247,288243.19,1277728,257070.04,1078398,190856.79,1300143,244725.92,1428148,225743.55,1176530,173970.65,2627917,345527.23,2021817,280829.26,968094,133667.03,1192472,176306.32,884809,119976.52,1555657,218969.91,17421960,2655886.46,"2024"
"3","Australia","Iron, Steel",608,301.34,1685,801.19,11097,5865.4,681,348.68,1838,860,1558,756.27,2028,960.92,1485,695.28,1531,710.27,15800,7532.93,3060,1352.96,4952,2026.17,46323,22211.46,"2024"
"3","Australia","Articles of iron and steel",0,237.1,0,52.09,0,428.47,0,290.67,NA,617.79,NA,655.55,NA,617.33,0,554.93,0,212.4,0,360.81,0,184.79,NA,420,NA,4631.97,"2024"
"3","Australia","Other petroleum products",0,783.47,0,1593.24,0,829.97,0,770.91,NA,986.42,NA,758.77,NA,1916.85,0,905.51,0,2026.88,0,690.83,0,753.86,NA,1158.21,NA,13174.97,"2024"
"3","Australia","Chemical products",0,3574.55,0,740.56,0,2798.27,0,2102.36,NA,2069.19,NA,2386.02,NA,4033.85,0,3131.77,0,2172.01,0,1818.59,0,3555,NA,1995.79,NA,30378.01,"2024"
"3","Australia","Dairy products",0,11879.9,0,7606.59,0,10855.67,0,9713.84,NA,8548.28,NA,6085.4,NA,12669.19,0,14365.2,0,7211.77,0,7667.28,0,9419.86,NA,14926.82,NA,120949.85,"2024"
"3","Australia","Ores and other minerals",485783,70328.53,801390,106079.98,1187731,148784.19,1102020,100256.72,1181354,130050.41,828032,96875.84,1122320,126144.7,1155527,118066.93,842257,86287.19,1038434,102019.83,885164,93162.96,840310,88851.51,11470322,1266908.84,"2024"
"3","Australia","Waste iron and steel",1428,569.07,33301,13825.17,47944,20224,35336,14124.95,381,189.17,41127,15694.07,196,72.69,55954,21815.33,31441,12371.49,29710,10618.4,29865,10349.75,33078,12129.05,339761,131983.19,"2024"
"3","Australia","Auxiliary materials for textile, garment, leather, footwear",0,1115.61,0,1071.36,0,1202.8,0,1850.76,NA,1656.37,NA,1773.55,NA,1908.06,0,926.85,0,1534.58,0,967.64,0,1346.08,NA,1577.87,NA,16931.57,"2024"
"3","Australia","Other Machinery, instrument, accessory",0,1326.29,0,2044.63,0,2253.93,0,3104.27,NA,2727.62,NA,2554.48,NA,1625.38,0,3611.54,0,3803.19,0,3430.44,0,2949.21,NA,4740.65,NA,34171.68,"2024"
"3","Australia","Wheat",215823,69388.08,15875,4836.37,53853,17142.9,208532,64951.25,35796,10530.87,116966,34154.22,90267,26456.98,45460,14233.36,96513,29358.12,69064,19756,81753,23950.03,168889,47657.16,1198791,362415.39,"2024"
"3","Australia","Other base metals",16944,51096.07,15277,48248.3,24624,80785.29,26320,88353.39,22779,88815.45,27555,102363.45,35302,130950.55,28625,101864.26,28603,103853.18,26743,87144.42,28681,102881.4,21222,77503.59,302675,1063859.41,"2024"
"3","Australia","Liquefied Petroleum Gas",0,0,0,0,47297,29922.56,2065,2265.99,7750,5208,2750,1848,NA,0,0,0,0,0,0,0,0,0,NA,0,59862,39244.56,"2024"
"3","Australia","Chemicals",0,188.25,0,59.42,0,82.4,0,103.65,NA,0,NA,71.1,NA,43.76,0,155.9,0,23.32,0,38.22,0,99.47,NA,125.03,NA,990.56,"2024"
"3","Australia","Fresh and pocessed vegetables and fruit",0,10843.71,0,6012.76,0,9871.19,0,10418.79,NA,7866.67,NA,12332.75,NA,14096.41,0,17100.15,0,22411.76,0,19218.23,0,12649.78,NA,8229.86,NA,151052.11,"2024"
"3","Australia","Wood and wooden products",0,454.45,0,247.73,0,394.57,0,549.93,NA,255.45,NA,375.91,NA,512.71,0,802.19,0,410.49,0,748.85,0,359.86,NA,459.93,NA,5572.14,"2024"
"3","Australia","Pharmaceutical products",0,4543.49,0,4300.1,0,2620.14,0,4690.96,NA,5911.08,NA,4634.99,NA,6504.9,0,2840.81,0,6796.17,0,6785.19,0,3409.75,NA,8446.28,NA,61483.9,"2024"
"3","Australia","Vegetable oil and fat",0,1084.53,0,841.33,0,1350.47,0,1351.33,NA,1427.22,NA,616.35,NA,1350.12,0,1487,0,1634.16,0,1856.81,0,1081.65,NA,1509.99,NA,15591.03,"2024"
"3","Australia","Other preparations for foodstuff",0,1000.54,0,966.91,0,1203.09,0,1092.42,NA,1378.44,NA,1311.65,NA,2002.71,0,1426.77,0,2136.69,0,1663.55,0,1289.86,NA,2056.19,NA,17528.88,"2024"
"3","Australia","Plastic materials",192,331.81,221,332.23,287,353.68,573,734.17,164,283.42,129,274.3,80,256.05,86,254.93,341,641.71,527,679.98,823,1110.31,773,847.36,4196,6100.02,"2024"
"3","Australia","Cotton",50436,104042.77,16553,34419.22,8894,18576.55,12711,27591.55,6703,14822.82,11378,24560.25,22044,47434.91,43592,91208.55,45319,90377.69,43694,83926.43,34340,64502.09,27110,51915.3,322774,653378.19,"2024"
"3","Australia","Precious stones, precious metals and their products",0,684.46,0,529.21,0,1085.31,0,1021.19,NA,737.46,NA,1168.59,NA,1476.19,0,1605.21,0,2214.96,0,2102.58,0,1953.54,NA,1823.99,NA,16402.73,"2024"
"3","China, PR",NA,0,11880829.19,0,7448720.59,0,11193802.32,0,11740645.62,NA,12883422.94,NA,11567371.29,NA,12808385.92,0,13040301.19,0,12228098.97,0,12886157.67,0,12851268.03,NA,13491973.77,NA,144020977.56,"2024"
"3","China, PR","Fibres, not spun",68541,135154.65,39047,75401.75,73317,140385.55,73367,152382.33,77173,160526.44,66714,145130.71,71605,156564.17,80535,177391.97,63197,138414.05,76879,154123.95,79653,154406.26,86798,162477.81,856826,1752359.7,"2024"
"3","China, PR","Petroleum oil, refined",55979,47825.25,109870,94571.7,112253,93470.82,161213,124984.49,72757,60344.05,61196,50515.61,86601,71904.04,135915,103931.29,69224,50408.76,100930,71505.26,75195,54676.2,63880,47280.87,1105013,871418.39,"2024"
"3","China, PR","Textile fibrics",0,812413.73,0,485247.39,0,735079.01,0,1002057.32,NA,1016456.32,NA,837181.27,NA,801692.65,0,840478,0,806674.47,0,891638.97,0,867592.45,NA,884410.48,NA,9980922.1,"2024"
"3","China, PR","Insecticides and materials",0,36357.18,0,16170.01,0,51157.7,0,37754.54,NA,53316.47,NA,37651.43,NA,35249.47,0,27831.23,0,26192.83,0,34485.71,0,35471.72,NA,52518.96,NA,444157.27,"2024"
"3","China, PR","Animal fodder and materials",0,46364.79,0,27838.07,0,58509.13,0,29589.02,NA,27004.91,NA,25423.41,NA,34125.85,0,28475.56,0,25222.38,0,23740.69,0,28405.01,NA,30179.77,NA,384878.64,"2024"
"3","China, PR","Glass and glassware",0,117818.84,0,79661.62,0,90093.05,0,93671.82,NA,109724.03,NA,81126.96,NA,77746.75,0,67166.92,0,58319.03,0,63954.97,0,66181.03,NA,75090.36,NA,980555.42,"2024"
"3","China, PR","Coal",43687,13697.39,20351,5765.51,38077,12220.04,64310,18485.78,101744,28632.84,26662,7246.67,10844,3172.84,11565,3131.84,6206,1824.3,23580,5532.36,13031,3843.16,11196,3220.46,371253,106773.23,"2024"
"3","China, PR","Iron, Steel",1006522,635659.13,799424,497838.76,999332,651358,854477,566800.21,1101136,702442.98,935266,600879.19,730418,496364.49,805742,554788.18,1076275,648754.21,1853528,1020115.76,870044,546534.78,899458,568420.11,11931622,7489955.86,"2024"
"3","China, PR","Articles of iron and steel",0,377447.88,0,204489.82,0,310920.76,0,412853.95,NA,425379.99,NA,388083.71,NA,403799.61,0,400255.49,0,373788.18,0,396806,0,414033.69,NA,430287.9,NA,4538147.03,"2024"
"3","China, PR","Other base metal products",0,220885.32,0,121523.06,0,184298.98,0,190258.67,NA,253737.67,NA,215119.33,NA,243217.84,0,232074.9,0,205400.77,0,209591.34,0,237470.37,NA,252945.31,NA,2566523.63,"2024"
"3","China, PR","Paper products",0,56353.34,0,26584.2,0,53263.29,0,57490.86,NA,63255.61,NA,56916.48,NA,61018.41,0,70509.35,0,68566.56,0,70170.59,0,66027.7,NA,66611.07,NA,716767.5,"2024"
"3","China, PR","Articles of plastics",0,446359.61,0,229641.26,0,388452.18,0,400011.55,NA,453661.62,NA,405819.96,NA,466605.38,0,457355.72,0,434679.55,0,438389.36,0,479082.84,NA,502438.46,NA,5102497.53,"2024"
"3","China, PR","Articles of rubber",0,42914.17,0,21083.64,0,37622.53,0,42001.09,NA,43324.86,NA,40171.48,NA,44195.4,0,47719.22,0,44502.64,0,45604.67,0,51084.17,NA,51373.94,NA,511597.87,"2024"
"3","China, PR","Other petroleum products",0,15126.98,0,8758.07,0,13787.55,0,13726.11,NA,17106.88,NA,12820.63,NA,12339.23,0,14123.12,0,14794.45,0,12801.9,0,24152.95,NA,31611.24,NA,191149.14,"2024"
"3","China, PR","Chemical products",0,299240.78,0,151036.33,0,290940,0,277838.32,NA,273494.35,NA,237056.54,NA,256664.74,0,250572.61,0,223569.82,0,240212.54,0,263988.76,NA,290891.54,NA,3055506.37,"2024"
"3","China, PR","Ores and other minerals",63279,8414.12,16348,3391.25,52004,5617.6,57406,7842.13,73147,8584.09,36087,8073.46,34086,7686.51,42112,7619.56,29156,6025.74,60943,11800.3,35265,8607.95,45393,10725.74,545226,94388.52,"2024"
"3","China, PR","Other means of transort and equipments",0,27773.15,0,10748,0,11303.55,0,30312.19,NA,64199.28,NA,16754.87,NA,17750.59,0,59320.01,0,21826.59,0,19001.11,0,18141.24,NA,20273.22,NA,317403.85,"2024"
"3","China, PR","Fertilizers",169875,38330.97,121349,25748.8,175185,40075.99,192705,63070.43,186366,63235.08,187170,65275.09,213795,70708.28,181441,72714.51,185618,77996.67,233903,71167.86,256243,84800.71,253687,66529.47,2357337,739653.92,"2024"
"3","China, PR","Auxiliary materials for cigarettes",0,4375.25,0,2929.86,0,2898.76,0,3133.25,NA,5192.4,NA,7334.17,NA,7833.16,0,9021.32,0,1090.15,0,4120.25,0,7533.12,NA,9196.65,NA,64658.41,"2024"
"3","China, PR","Auxiliary materials for textile, garment, leather, footwear",0,322965.49,0,173335.17,0,324215.33,0,370553.68,NA,357037.71,NA,306717.09,NA,302871.98,0,331597.13,0,343115.34,0,338646.64,0,332139.14,NA,349572.08,NA,3852766.83,"2024"
"3","China, PR","Auxiliary materials for medicaments",0,31475.86,0,16606.28,0,27098.66,0,33294.01,NA,28426.59,NA,26607.9,NA,29240.02,0,28654.03,0,23816.33,0,28158.31,0,31919.06,NA,38899.16,NA,344196.28,"2024"
"3","China, PR","Computers, electronical products and parts",0,2621986.65,0,2122017.21,0,2750788.5,0,2625291.02,NA,2995563.78,NA,2879855.79,NA,3376276.76,0,3316392.27,0,3051388.27,0,2824062.81,0,2972797.6,NA,3051166.94,NA,34587587.65,"2024"
"3","China, PR","Other Machinery, instrument, accessory",0,2504466.19,0,1268094.75,0,2102316.98,0,2264595.36,NA,2620927.79,NA,2282490.81,NA,2667841.04,0,2726269.29,0,2418154.78,0,2545440.06,0,2712727.56,NA,2848659.86,NA,28961984.51,"2024"
"3","China, PR","Cameras and their parts",0,109617.51,0,73415.84,0,93308.01,0,94719.46,NA,96277.01,NA,101066.98,NA,111954.9,0,97379.57,0,92004.14,0,97618.13,0,101058.63,NA,104488.6,NA,1172908.83,"2024"
"3","China, PR","Parts and accessories for motor",0,92028.19,0,64107.4,0,83742.4,0,104923.41,NA,105551.16,NA,93434.83,NA,125872.66,0,129676.25,0,131762.3,0,159433.91,0,145400.17,NA,170039.22,NA,1405971.95,"2024"
"3","China, PR","Other base metals",45000,197949.28,32781,156133.69,44705,207728.44,38620,187484.44,55177,264888.93,49349,255256.15,49885,228512.33,45971,222607.11,45293,226837.72,47855,232565.65,51501,250501.93,61588,298314.12,567725,2728779.84,"2024"
"3","China, PR","Liquefied Petroleum Gas",23043,17172.5,21190,16211.07,19689,15242.9,30420,22089.33,17606,12260.09,22307,15247.79,34153,23074.21,32470,22791.23,19505,14033.89,32117,23398.03,21747,16283.97,27137,19981.45,301384,217786.49,"2024"
"3","China, PR","Chemicals",0,287208.1,0,175236.67,0,300250.95,0,306864.72,NA,336327.51,NA,286271.4,NA,301015.38,0,322490.49,0,253860.25,0,263367.1,0,281212.81,NA,308369.48,NA,3422474.9,"2024"
"3","China, PR","Fishery products",0,28541.47,0,12099.55,0,26913.18,0,18920.35,NA,19372.38,NA,18895.08,NA,29528.68,0,24516.12,0,17418.4,0,20063.85,0,26744.56,NA,30743.62,NA,273757.28,"2024"
"3","China, PR","Fresh and pocessed vegetables and fruit",0,88386.63,0,48674.13,0,61977.36,0,54540.8,NA,63094.6,NA,78746.15,NA,98685.58,0,99967.32,0,102156.65,0,98978.96,0,98656.12,NA,99819.92,NA,993684.27,"2024"
"3","China, PR","Domestic electrical appliances and parts",0,79063.79,0,35727.66,0,66251.03,0,80865.94,NA,81576.54,NA,72320.36,NA,71961.07,0,69272.58,0,71367.36,0,84373.14,0,85209.19,NA,103218.47,NA,901207.17,"2024"
"3","China, PR","Paper",68427,67193.21,39270,36463.18,72216,67186.32,72252,67817.9,84995,79750.81,73283,71840.83,75391,73800.79,65883,67058.83,59375,58596.83,67940,68060.67,73916,71243.28,84891,79858.22,837839,808870.93,"2024"
"3","China, PR","Wood and wooden products",0,93967.71,0,45531.96,0,72290.72,0,103773.28,NA,111552.01,NA,92219.13,NA,92706.57,0,92851.9,0,81050.53,0,94136.5,0,103185.25,NA,117374.2,NA,1100639.83,"2024"
"3","China, PR","Pharmaceutical products",0,5271.64,0,3132.51,0,5187.91,0,4104.98,NA,3756.7,NA,3617.5,NA,5599.24,0,4814.94,0,4639.85,0,4700.75,0,5884.99,NA,9794.29,NA,60505.35,"2024"
"3","China, PR","Vegetable oil and fat",0,1628.88,0,654.5,0,1336.84,0,1569.66,NA,1290.41,NA,2030.13,NA,1928.35,0,1384.67,0,1486.84,0,1420.9,0,2233.27,NA,1968.42,NA,18932.92,"2024"
"3","China, PR","Electrical wire and cable",0,178604.29,0,100819.01,0,149579.91,0,160777.07,NA,196191.76,NA,173854.99,NA,197770.82,0,230363.95,0,174747.04,0,203678.67,0,207783.83,NA,233570.71,NA,2207742.11,"2024"
"3","China, PR","Other preparations for foodstuff",0,9661.79,0,5230.16,0,11423.55,0,10922.43,NA,12714.96,NA,11915.33,NA,14774.67,0,11834.21,0,11548.54,0,11162.24,0,13076.24,NA,13540.94,NA,137805.12,"2024"
"3","China, PR","Plastic materials",146784,233497.56,98154,146695.6,175493,265412.8,187086,273708.61,206756,304050.92,172095,255182.71,169351,266191.85,177116,276663.86,153305,239823.18,178540,280822.93,219504,327344.59,227919,331751.71,2112103,3201146.36,"2024"
"3","China, PR","Aromatic substance, cosmetic and cleaning preparations",0,10172.86,0,5790.94,0,10687.45,0,12318.95,NA,11518.78,NA,11022.84,NA,13684.71,0,18530.7,0,13170.94,0,14852.86,0,18177.87,NA,18566.91,NA,158495.84,"2024"
"3","China, PR","Rubber",15453,28326.22,9561,16838.89,15631,29663.14,15445,30073.11,20728,41108.67,13336,26388.65,15888,33885.82,18511,36425.5,17407,35674.4,19555,38539.97,20078,41187.25,27990,52800.8,209583,410912.48,"2024"
"3","China, PR","Cotton",0,0,0,0,14,22.68,18,131.53,47,149.58,49,182.49,NA,0,69,251.24,0,0.07,12,16.34,0,0,94,340.26,303,1094.22,"2024"
"3","China, PR","Sweets, cookies and cereal preparations",0,14615.28,0,5414.61,0,13017.77,0,10984.68,NA,10043.38,NA,11051.04,NA,13934.01,0,15294.56,0,14752.66,0,18410.12,0,20318.32,NA,23394.31,NA,171230.8,"2024"
"3","China, PR","Telephones and their parts",0,783589.14,0,500078.56,0,696228.68,0,677332.14,NA,557371.09,NA,623514.29,NA,787569.11,0,788804.67,0,939042.66,0,987433.44,0,851568.53,NA,854057.72,NA,9046590.07,"2024"
"3","China, PR","Precious stones, precious metals and their products",0,4005.59,0,1888.59,0,2612.45,0,2766.42,NA,4038.75,NA,3776.62,NA,3912.1,0,3886.54,0,4648.08,0,6224.19,0,4165.2,NA,5218.63,NA,47143.19,"2024"
"3","China, PR","Motor vehicles, assembled",1987,47113.97,925,34004.31,2909,95708.05,2928,89820.78,3051,105228.84,2882,82904.87,2524,66450.55,2394,59100.01,2396,73807.44,2614,78562.05,3719,89600.12,2783,86797.68,31112,909098.72,"2024"
"3","India",NA,0,508101.42,0,385891.88,0,504117.62,0,514152.7,NA,483886.13,NA,412949.04,NA,495930.65,0,490154.34,0,471973.36,0,541538.15,0,482081.68,NA,539117.4,NA,5829894.43,"2024"
"3","India","Fibres, not spun",7037,20299.84,4533,12785.9,5465,13838.57,6011,15887.41,7015,19056.51,4864,14613.73,5235,15274.71,4875,14405.79,4247,11484.98,4308,11994.55,2998,9999,3712,10745.53,60300,170386.58,"2024"
"3","India","Textile fibrics",0,4564.66,0,4044.96,0,5376.86,0,7723.23,NA,5750.68,NA,5586.09,NA,5212.83,0,4661.15,0,6941.9,0,5536.65,0,4851.78,NA,5365.75,NA,65616.6,"2024"
"3","India","Insecticides and materials",0,7707.6,0,5871.06,0,6542.79,0,10348.01,NA,10553.95,NA,8041.76,NA,8023.2,0,9112.29,0,8248.33,0,8215.44,0,8118.2,NA,8950.29,NA,99732.96,"2024"
"3","India","Animal fodder and materials",0,24091.49,0,10953.86,0,14677.37,0,19002.93,NA,15103.47,NA,9949.4,NA,15851.17,0,19905.28,0,21001.77,0,14458.15,0,13944.81,NA,11762.74,NA,190702.48,"2024"
"3","India","Iron, Steel",59901.71,38050.09,29719.84,20773.65,15620.44,11541.25,45436.29,30604.62,26618.76,21292,851.02,1681.99,1435.04,5249.16,25638.73,20360.47,26404.75,15978.6,12167.34,9858.18,1006.02,2932.02,1283,3727.42,246083,182049.5,"2024"
"3","India","Articles of iron and steel",0,3813.85,0,3297.23,0,4308.46,0,3981.92,NA,5819.61,NA,5533.67,NA,5289.45,0,4940.49,0,5387.78,0,5691.92,0,4357.35,NA,4180.32,NA,56602.09,"2024"
"3","India","Articles of plastics",0,4137.9,0,1885.15,0,2851.4,0,2345.7,NA,3919.16,NA,2627.88,NA,3039.4,0,3672.32,0,3891.43,0,4545.92,0,2912.2,NA,2903.18,NA,38731.7,"2024"
"3","India","Articles of rubber",0,1968.42,0,1130.75,0,1836.38,0,1948.97,NA,2047.33,NA,1547.97,NA,2480.54,0,1820.74,0,3556.94,0,3101.3,0,1780.83,NA,2380.43,NA,25600.65,"2024"
"3","India","Other petroleum products",0,1507.01,0,1045.64,0,1219.02,0,1216.6,NA,1802.7,NA,1396.59,NA,1791.62,0,1882.26,0,1822.2,0,1518.37,0,1764.27,NA,1975.22,NA,18941.55,"2024"
"3","India","Chemical products",0,12675.38,0,9863.94,0,11549.93,0,14630.07,NA,15556.63,NA,11803.58,NA,15947.02,0,15191.73,0,12303.1,0,32103.99,0,16103.91,NA,16597.7,NA,184327.03,"2024"
"3","India","Ores and other minerals",19302,2330.54,6447,818.54,21350,2514.16,16903,1997,21992,3357.2,24331,2555.48,20317,2330.58,24351,2968.33,22576,2503.97,15304,1727.39,12899,1375.9,15883,1688.78,221655,26167.91,"2024"
"3","India","Fertilizers",172,129.12,100,255.46,333,190.2,179,439.35,575,546.25,190,135.26,234,412.74,217,199.37,223,193.99,113,127.91,315,300.35,338,264.22,2989,3194.27,"2024"
"3","India","Auxiliary materials for cigarettes",0,0,0,0,0,314.93,0,0.53,NA,1242.91,NA,513.02,NA,0,0,1218.62,0,992.42,0,400.58,0,566.94,NA,299.86,NA,5549.85,"2024"
"3","India","Auxiliary materials for textile, garment, leather, footwear",0,7387,0,6741.1,0,7140.1,0,8157.53,NA,8969.17,NA,6928.06,NA,8162.6,0,7632.54,0,8437.5,0,9606.37,0,7383.82,NA,6772.16,NA,93318,"2024"
"3","India","Auxiliary materials for medicaments",0,5285.78,0,6854.73,0,8513.94,0,9064.44,NA,6001.62,NA,6218.89,NA,6863.25,0,6960.57,0,4142.88,0,6896.47,0,3547.78,NA,9181.21,NA,79531.61,"2024"
"3","India","Maize",213,411.17,258,635.9,645,1751.29,1020,2901.81,425,1146.86,NA,0,NA,0,13,52.71,0,0,5,22.93,40,8.89,NA,0,2619,6931.6,"2024"
"3","India","Computers, electronical products and parts",0,2038.88,0,1133.45,0,1723.92,0,2086.69,NA,2406.61,NA,2942.15,NA,990.32,0,2246.54,0,19773.89,0,5098.94,0,2100.33,NA,5155.66,NA,47697.46,"2024"
"3","India","Other Machinery, instrument, accessory",0,40354.25,0,45648.9,0,62567.12,0,51933.21,NA,55978.03,NA,37547.19,NA,42936.55,0,43398.34,0,29855.79,0,44294.88,0,44373.74,NA,41021.72,NA,539909.77,"2024"
"3","India","Parts and accessories for motor",0,24469.72,0,15674.37,0,27641.72,0,32006.4,NA,31982.31,NA,34004.65,NA,46676.21,0,42343.29,0,40973.26,0,51715.5,0,40784.17,NA,35521.55,NA,423793.19,"2024"
"3","India","Other base metals",9379,23965.41,10490,25362.87,14507,35796.87,11794,28938.26,13631,37456.1,17346,48819.54,13378,36021.49,17642,45137.65,12811,33332.65,15723,41409.67,18285,46093.09,11395,30974.65,166381,433308.28,"2024"
"3","India","Chemicals",0,23570.16,0,17732.85,0,20396.86,0,22955.78,NA,24478.2,NA,23918.94,NA,24185.08,0,23500.3,0,18472.23,0,17777.83,0,17663.53,NA,17244.77,NA,251896.57,"2024"
"3","India","Fishery products",0,28034.39,0,15224.36,0,17629.3,0,23066.74,NA,21955.1,NA,20707.9,NA,21529.83,0,16386.19,0,15139.91,0,27218.06,0,28916.25,NA,49285.66,NA,285093.75,"2024"
"3","India","Fresh and pocessed vegetables and fruit",0,2548.33,0,3740.06,0,4965.84,0,7266.14,NA,5887.77,NA,4620.51,NA,6265.61,0,5195.36,0,3207.57,0,4479.61,0,4261.67,NA,5124.74,NA,57563.27,"2024"
"3","India","Paper",1995,1487.65,2950,1843.59,1028,638.53,1694,1205.03,2883,2175.84,2134,2462.88,4144,4626.96,4570,4930.37,3843,3668.52,3883,3233.91,2644,2264.22,2755,2157.72,34523,30695.28,"2024"
"3","India","Pharmaceutical products",0,33676.77,0,23658.18,0,32513.82,0,27573.85,NA,26819.67,NA,20615.76,NA,31928.09,0,24135.65,0,30648.92,0,29897.62,0,19014.15,NA,35224.11,NA,335706.63,"2024"
"3","India","Vegetable oil and fat",0,1009.76,0,1430.85,0,494.27,0,1114.91,NA,1244.08,NA,1595.88,NA,1600.15,0,684.04,0,1075.19,0,945.45,0,946.6,NA,1150.82,NA,13292.06,"2024"
"3","India","Plastic materials",9746,11575.67,7936,8851.83,8100,9475.77,10160,11992.7,11891,13866.03,8450,9886.4,16667,18790.65,11390,13831.46,5191,7024.99,12332,14208.03,12093,13604.82,18620,19701.84,132576,152810.23,"2024"
"3","India","Cotton",6425,9470.31,6901,11547.57,18845,32959.18,10551,17989.31,8530,14202.4,5421,7834.62,9095,13442.22,9107,12138.38,9160,11511.39,10794,14475.19,10276,13660.1,8286,10157.41,113391,169388.13,"2024"
"3","India","Precious stones, precious metals and their products",0,18720.95,0,12246.96,0,15152.26,0,12211.85,NA,10815.7,NA,5634.69,NA,18181.13,0,11122.38,0,16625.54,0,22965.67,0,20464.16,NA,14667.94,NA,178809.27,"2024"
"3","India","Motor vehicles, assembled",0,0,0,0,0,0,4.35,1859.81,6.96,1097.07,1.74,516.61,16.53,160.77,0,0,17.4,1281.96,45,4442.59,15,8622.9,1,593,108,18574.74,"2024"
"3","Ukraine",NA,0,34027.94,0,15103.77,0,5419.87,0,39565.81,NA,43106.89,NA,58698.2,NA,35156.27,0,34988.99,0,101503.77,0,65257.64,0,15064.61,NA,26687.54,NA,474581.36,"2024"
"3","Ukraine","Articles of iron and steel",0,0,0,0,0,0,0,41,NA,0,NA,309.99,NA,85.41,0,0,0,43.84,0,28.35,0,19.67,NA,0,NA,528.28,"2024"
"3","Ukraine","Other Machinery, instrument, accessory",0,42.21,0,15.15,0,29.59,0,82.89,NA,118.65,NA,145.76,NA,77.56,0,529.67,0,58.96,0,77.84,0,0,NA,97.43,NA,1275.76,"2024"
"3","Ukraine","Wheat",92731,24441.65,51958,13501.03,2405,633.7,138742,35671.2,150593,38181.43,108601,29090.41,67817,17896.24,123618,31235.89,389196,97222.93,248694,63329.29,49306,12569.77,80557,21098.06,1504218,384871.66,"2024"
